[Licensing::Module] Trying to connect to existing licensing client channel...
Built from '6000.3/staging' branch; Version is '6000.3.20f1 (c9ba695d4f07) revision 13220457'; Using compiler version '194234433'; Build Type 'Release'
OS: 'Windows 11  (10.0.26200) CoreSingleLanguage' Language: 'en' Physical Memory: 32472 MB
BatchMode: 1, IsHumanControllingUs: 0, StartBugReporterOnCrash: 0, Is64bit: 1
[Licensing::IpcConnector] Successfully connected to: "LicenseClient-benli" at "2026-08-09T15:49:17.7178731Z"
System  architecture: x64
Process architecture: x64
Date: 2026-08-09T15:49:17Z

COMMAND LINE ARGUMENTS:
C:\Program Files\Unity\Hub\Editor\6000.3.20f1\Editor\Unity.exe
-batchmode
-quit
-projectPath
C:\CutMyBodyPlease\Unity\AnatomyXR
-executeMethod
CutMyBodyPlease.Hospital.Stage05.Editor.HospitalStage05R41Builder.BuildAndValidateR41
-logFile
C:\CutMyBodyPlease\Reviews\HospitalExterior\Stage05_R41\Unity_6000.3.20f1_R41BuildGate_retry.log
Successfully changed project path to: C:\CutMyBodyPlease\Unity\AnatomyXR
C:/CutMyBodyPlease/Unity/AnatomyXR
[UnityMemory] Configuration Parameters - Can be set up in boot.config
    "memorysetup-temp-allocator-size-nav-mesh-worker=65536"
    "memorysetup-temp-allocator-size-audio-worker=65536"
    "memorysetup-temp-allocator-size-gfx=262144"
    "memorysetup-allocator-temp-initial-block-size-main=262144"
    "memorysetup-allocator-temp-initial-block-size-worker=262144"
    "memorysetup-temp-allocator-size-background-worker=32768"
    "memorysetup-temp-allocator-size-job-worker=262144"
    "memorysetup-temp-allocator-size-preload-manager=33554432"
    "memorysetup-temp-allocator-size-gi-baking-worker=262144"
    "memorysetup-temp-allocator-size-gi-baking-worker=262144"
    "memorysetup-temp-allocator-size-gi-baking-worker=262144"
    "memorysetup-temp-allocator-size-gi-baking-worker=262144"
    "memorysetup-temp-allocator-size-gi-baking-worker=262144"
    "memorysetup-bucket-allocator-granularity=16"
    "memorysetup-bucket-allocator-bucket-count=8"
    "memorysetup-bucket-allocator-block-size=33554432"
    "memorysetup-bucket-allocator-block-count=8"
    "memorysetup-main-allocator-block-size=16777216"
    "memorysetup-thread-allocator-block-size=16777216"
    "memorysetup-gfx-main-allocator-block-size=16777216"
    "memorysetup-gfx-thread-allocator-block-size=16777216"
    "memorysetup-cache-allocator-block-size=4194304"
    "memorysetup-typetree-allocator-block-size=2097152"
    "memorysetup-profiler-bucket-allocator-granularity=16"
    "memorysetup-profiler-bucket-allocator-bucket-count=8"
    "memorysetup-profiler-bucket-allocator-block-size=33554432"
    "memorysetup-profiler-bucket-allocator-block-count=8"
    "memorysetup-profiler-allocator-block-size=16777216"
    "memorysetup-profiler-editor-allocator-block-size=1048576"
    "memorysetup-temp-allocator-size-main=16777216"
    "memorysetup-job-temp-allocator-block-size=2097152"
    "memorysetup-job-temp-allocator-block-size-background=1048576"
    "memorysetup-job-temp-allocator-reduction-small-platforms=262144"
    "memorysetup-temp-allocator-size-cloud-worker=32768"
Player connection [51336]  Target information:

Player connection [51336]  * "[IP] 192.168.56.1 [Port] 55504 [Flags] 2 [Guid] 3786352207 [EditorId] 3786352207 [Version] 1048832 [Id] WindowsEditor(7,Ben0928) [Debug] 1 [PackageName] WindowsEditor [ProjectName] Editor" 

Player connection [51336]  * "[IP] 172.19.25.183 [Port] 55504 [Flags] 2 [Guid] 3786352207 [EditorId] 3786352207 [Version] 1048832 [Id] WindowsEditor(7,Ben0928) [Debug] 1 [PackageName] WindowsEditor [ProjectName] Editor" 

Player connection [51336] Host joined multi-casting on [225.0.0.222:54997]...
Player connection [51336] Host joined alternative multi-casting on [225.0.0.222:34997]...
Input System module state changed to: Initialized.
[Physics::Module] Initialized fallback backend.
[Physics::Module] Id: 0xdecafbad
[Package Manager] Connected to IPC stream "Upm-68108" after 0.2 seconds.
[Licensing::Module] Licensing is not yet initialized.
[Licensing::Client] Error: HandshakeResponse reported an error:
	ResponseCode: 505
	ResponseStatus: Unsupported protocol version '1.18.1'.
[Licensing::Module] Error: Failed to handshake to channel: "LicenseClient-benli"
[Licensing::IpcConnector] LicenseClient-benli channel disconnected successfully.
[Licensing::IpcConnector] Channel LicenseClient-benli-6000.3.20 doesn't exist
[Licensing::Module] Successfully launched the LicensingClient (PId: 68628)
[Licensing::IpcConnector] Successfully connected to: "LicenseClient-benli-6000.3.20" at "2026-08-09T15:49:19.4741119Z"
[Licensing::Client] Code 10 while verifying Licensing Client signature (process Id: 68628, path: "C:/Program Files/Unity/Hub/Editor/6000.3.20f1/Editor/Data/Resources/Licensing/Client/Unity.Licensing.Client.exe")
[Licensing::Module] LicensingClient has failed validation; ignoring
[Licensing::Client] Handshaking with LicensingClient:
  Version:                 1.18.1+9fbee8e
  Session Id:              774f9ad7603d49cf9f57f51ed870694b
  Correlation Id:          26cc4965fd87902a297d381cf2ac8e05
  External correlation Id: 7540236915212770875
  Machine Id:              K/xaE00r9U15jR2vrRRSBHB/pCQ=
[Licensing::Module] Successfully connected to LicensingClient on channel: "LicenseClient-benli-6000.3.20" (connect: 0.24s, validation: 0.17s, handshake: 0.01s)
[Licensing::IpcConnector] Successfully connected to: "LicenseClient-benli-6000.3.20-notifications" at "2026-08-09T15:49:19.6509449Z"
[Licensing::Module] Connected to LicensingClient (PId: 68628, launch time: 0.00, total connection time: 0.42s)
[Licensing::Module] Error: Access token is unavailable; failed to update
[Licensing::Client] Successfully resolved entitlement details
[Licensing::Module] License group:
  Id: 18968468702908-UnityPersXXXX
  Product: Unity Personal
  Type: Assigned
  Expiration: Unlimited
[Licensing::Client] Successfully updated license, isAsync: True, time: 0.01
[Licensing::Client] Successfully resolved entitlement details
[Licensing::Module] Licensing Background thread has ended after 1.97s
[Licensing::Module] Licensing is initialized (took 1.35s).
[Licensing::Client] Successfully resolved entitlement details
Library Redirect Path: Library/
[Physics::Module] Selected backend.
[Physics::Module] Name: PhysX
[Physics::Module] Id: 0xf2b8ea05
[Physics::Module] SDK Version: 4.1.2
[Physics::Module] Integration Version: 1.0.0
[Physics::Module] Threading Mode: Multi-Threaded
Refreshing native plugins compatible for Editor in 0.52 ms, found 0 plugins.
Preloading 0 native plugins for Editor in 0.00 ms.
Initialize engine version: 6000.3.20f1 (c9ba695d4f07)
[Subsystems] Discovering subsystems at path C:/Program Files/Unity/Hub/Editor/6000.3.20f1/Editor/Data/Resources/UnitySubsystems
[Subsystems] Discovering subsystems at path C:/CutMyBodyPlease/Unity/AnatomyXR/Assets
GfxDevice: creating device client; kGfxThreadingModeNonThreaded
Direct3D:
    Version:  Direct3D 11.0 [level 11.1]
    Renderer: NVIDIA GeForce RTX 4050 Laptop GPU (ID=0x28e1)
    Vendor:   NVIDIA
    VRAM:     5920 MB
    Driver:   32.0.15.9595
Initialize mono
Mono path[0] = 'C:/Program Files/Unity/Hub/Editor/6000.3.20f1/Editor/Data/Managed'
Mono path[1] = 'C:/Program Files/Unity/Hub/Editor/6000.3.20f1/Editor/Data/MonoBleedingEdge/lib/mono/unityjit-win32'
Mono config path = 'C:/Program Files/Unity/Hub/Editor/6000.3.20f1/Editor/Data/MonoBleedingEdge/etc'
Using monoOptions --debugger-agent=transport=dt_socket,embedding=1,server=y,suspend=n,address=127.0.0.1:56108
Using cacheserver namespaces - metadata:defaultmetadata, artifacts:defaultartifacts
Using cacheserver namespaces - metadata:defaultmetadata, artifacts:defaultartifacts
ImportWorker Server TCP listen port: 0
AcceleratorClientConnectionCallback - disconnected - :0
Begin MonoManager ReloadAssembly
Registering precompiled unity dll's ...
Register platform support module: C:/Program Files/Unity/Hub/Editor/6000.3.20f1/Editor/Data/PlaybackEngines/WindowsStandaloneSupport/UnityEditor.WindowsStandalone.Extensions.dll
Registered in 0.001240 seconds.
- Loaded All Assemblies, in  0.320 seconds
Native extension for WindowsStandalone target not found
Package Manager log level set to [2]
ScheduleIndexationOnStartup MainProcess:False IndexOnStartup:False
Mono: successfully reloaded assembly
- Finished resetting the current domain, in  0.278 seconds
Domain Reload Profiling: 596ms
	BeginReloadAssembly (111ms)
		ExecutionOrderSort (0ms)
		DisableScriptedObjects (0ms)
		BackupInstance (0ms)
		ReleaseScriptingObjects (0ms)
		CreateAndSetChildDomain (7ms)
	RebuildCommonClasses (32ms)
	RebuildNativeTypeToScriptingClass (9ms)
	initialDomainReloadingComplete (34ms)
	LoadAllAssembliesAndSetupDomain (132ms)
		LoadAssemblies (102ms)
		RebuildTransferFunctionScriptingTraits (0ms)
		AnalyzeDomain (130ms)
			TypeCache.Refresh (128ms)
				TypeCache.ScanAssembly (117ms)
			BuildScriptInfoCaches (0ms)
			ResolveRequiredComponents (0ms)
	FinalizeReload (278ms)
		ReleaseScriptCaches (0ms)
		RebuildScriptCaches (0ms)
		SetupLoadedEditorAssemblies (252ms)
			LogAssemblyErrors (0ms)
			InitializePlatformSupportModulesInManaged (38ms)
			SetLoadedEditorAssemblies (3ms)
			BeforeProcessingInitializeOnLoad (57ms)
			ProcessInitializeOnLoadAttributes (104ms)
			ProcessInitializeOnLoadMethodAttributes (50ms)
			AfterProcessingInitializeOnLoad (0ms)
			EditorAssembliesLoaded (0ms)
		ExecutionOrderSort2 (0ms)
		AwakeInstancesAfterBackupRestoration (0ms)
[Licensing::Client] Successfully resolved entitlement details
Application.AssetDatabase Initial Refresh Start
[Package Manager] Restoring resolved packages state from cache
[Licensing::Client] Successfully resolved entitlement details
[Package Manager] Registered 55 packages:
  Packages from [https://packages.unity.com]:
    com.unity.inputsystem@1.20.0 (location: C:\CutMyBodyPlease\Unity\AnatomyXR\Library\PackageCache\com.unity.inputsystem@7a4e1a2a8194)
    com.unity.xr.interaction.toolkit@3.5.1 (location: C:\CutMyBodyPlease\Unity\AnatomyXR\Library\PackageCache\com.unity.xr.interaction.toolkit@63ca3b7ce776)
    com.unity.xr.management@4.7.0 (location: C:\CutMyBodyPlease\Unity\AnatomyXR\Library\PackageCache\com.unity.xr.management@2ad85c7dd480)
    com.unity.xr.openxr@1.17.1 (location: C:\CutMyBodyPlease\Unity\AnatomyXR\Library\PackageCache\com.unity.xr.openxr@58837b2992e0)
    com.unity.xr.core-utils@2.6.0 (location: C:\CutMyBodyPlease\Unity\AnatomyXR\Library\PackageCache\com.unity.xr.core-utils@a8b900321199)
    com.unity.xr.legacyinputhelpers@2.1.13 (location: C:\CutMyBodyPlease\Unity\AnatomyXR\Library\PackageCache\com.unity.xr.legacyinputhelpers@9535ff2c27ac)
    com.unity.mathematics@1.3.3 (location: C:\CutMyBodyPlease\Unity\AnatomyXR\Library\PackageCache\com.unity.mathematics@19a9377c4ffa)
    com.unity.searcher@4.9.4 (location: C:\CutMyBodyPlease\Unity\AnatomyXR\Library\PackageCache\com.unity.searcher@d45a78918735)
    com.unity.burst@1.8.29 (location: C:\CutMyBodyPlease\Unity\AnatomyXR\Library\PackageCache\com.unity.burst@6bb9aca3ef38)
    com.unity.collections@2.6.6 (location: C:\CutMyBodyPlease\Unity\AnatomyXR\Library\PackageCache\com.unity.collections@9796e5ee0d9e)
    com.unity.nuget.mono-cecil@1.11.6 (location: C:\CutMyBodyPlease\Unity\AnatomyXR\Library\PackageCache\com.unity.nuget.mono-cecil@ecb9724e46ff)
    com.unity.test-framework.performance@3.5.0 (location: C:\CutMyBodyPlease\Unity\AnatomyXR\Library\PackageCache\com.unity.test-framework.performance@8b56083ec0f0)
  Built-in packages:
    com.unity.render-pipelines.universal@17.3.0 (location: C:\CutMyBodyPlease\Unity\AnatomyXR\Library\PackageCache\com.unity.render-pipelines.universal@37e06a5b08b3)
    com.unity.modules.accessibility@1.0.0 (location: C:\CutMyBodyPlease\Unity\AnatomyXR\Library\PackageCache\com.unity.modules.accessibility)
    com.unity.modules.adaptiveperformance@1.0.0 (location: C:\CutMyBodyPlease\Unity\AnatomyXR\Library\PackageCache\com.unity.modules.adaptiveperformance)
    com.unity.modules.ai@1.0.0 (location: C:\CutMyBodyPlease\Unity\AnatomyXR\Library\PackageCache\com.unity.modules.ai)
    com.unity.modules.androidjni@1.0.0 (location: C:\CutMyBodyPlease\Unity\AnatomyXR\Library\PackageCache\com.unity.modules.androidjni)
    com.unity.modules.animation@1.0.0 (location: C:\CutMyBodyPlease\Unity\AnatomyXR\Library\PackageCache\com.unity.modules.animation)
    com.unity.modules.assetbundle@1.0.0 (location: C:\CutMyBodyPlease\Unity\AnatomyXR\Library\PackageCache\com.unity.modules.assetbundle)
    com.unity.modules.audio@1.0.0 (location: C:\CutMyBodyPlease\Unity\AnatomyXR\Library\PackageCache\com.unity.modules.audio)
    com.unity.modules.cloth@1.0.0 (location: C:\CutMyBodyPlease\Unity\AnatomyXR\Library\PackageCache\com.unity.modules.cloth)
    com.unity.modules.director@1.0.0 (location: C:\CutMyBodyPlease\Unity\AnatomyXR\Library\PackageCache\com.unity.modules.director)
    com.unity.modules.imageconversion@1.0.0 (location: C:\CutMyBodyPlease\Unity\AnatomyXR\Library\PackageCache\com.unity.modules.imageconversion)
    com.unity.modules.imgui@1.0.0 (location: C:\CutMyBodyPlease\Unity\AnatomyXR\Library\PackageCache\com.unity.modules.imgui)
    com.unity.modules.jsonserialize@1.0.0 (location: C:\CutMyBodyPlease\Unity\AnatomyXR\Library\PackageCache\com.unity.modules.jsonserialize)
    com.unity.modules.particlesystem@1.0.0 (location: C:\CutMyBodyPlease\Unity\AnatomyXR\Library\PackageCache\com.unity.modules.particlesystem)
    com.unity.modules.physics@1.0.0 (location: C:\CutMyBodyPlease\Unity\AnatomyXR\Library\PackageCache\com.unity.modules.physics)
    com.unity.modules.physics2d@1.0.0 (location: C:\CutMyBodyPlease\Unity\AnatomyXR\Library\PackageCache\com.unity.modules.physics2d)
    com.unity.modules.screencapture@1.0.0 (location: C:\CutMyBodyPlease\Unity\AnatomyXR\Library\PackageCache\com.unity.modules.screencapture)
    com.unity.modules.terrain@1.0.0 (location: C:\CutMyBodyPlease\Unity\AnatomyXR\Library\PackageCache\com.unity.modules.terrain)
    com.unity.modules.terrainphysics@1.0.0 (location: C:\CutMyBodyPlease\Unity\AnatomyXR\Library\PackageCache\com.unity.modules.terrainphysics)
    com.unity.modules.tilemap@1.0.0 (location: C:\CutMyBodyPlease\Unity\AnatomyXR\Library\PackageCache\com.unity.modules.tilemap)
    com.unity.modules.ui@1.0.0 (location: C:\CutMyBodyPlease\Unity\AnatomyXR\Library\PackageCache\com.unity.modules.ui)
    com.unity.modules.uielements@1.0.0 (location: C:\CutMyBodyPlease\Unity\AnatomyXR\Library\PackageCache\com.unity.modules.uielements)
    com.unity.modules.umbra@1.0.0 (location: C:\CutMyBodyPlease\Unity\AnatomyXR\Library\PackageCache\com.unity.modules.umbra)
    com.unity.modules.unityanalytics@1.0.0 (location: C:\CutMyBodyPlease\Unity\AnatomyXR\Library\PackageCache\com.unity.modules.unityanalytics)
    com.unity.modules.unitywebrequest@1.0.0 (location: C:\CutMyBodyPlease\Unity\AnatomyXR\Library\PackageCache\com.unity.modules.unitywebrequest)
    com.unity.modules.unitywebrequestassetbundle@1.0.0 (location: C:\CutMyBodyPlease\Unity\AnatomyXR\Library\PackageCache\com.unity.modules.unitywebrequestassetbundle)
    com.unity.modules.unitywebrequestaudio@1.0.0 (location: C:\CutMyBodyPlease\Unity\AnatomyXR\Library\PackageCache\com.unity.modules.unitywebrequestaudio)
    com.unity.modules.unitywebrequesttexture@1.0.0 (location: C:\CutMyBodyPlease\Unity\AnatomyXR\Library\PackageCache\com.unity.modules.unitywebrequesttexture)
    com.unity.modules.unitywebrequestwww@1.0.0 (location: C:\CutMyBodyPlease\Unity\AnatomyXR\Library\PackageCache\com.unity.modules.unitywebrequestwww)
    com.unity.modules.vectorgraphics@1.0.0 (location: C:\CutMyBodyPlease\Unity\AnatomyXR\Library\PackageCache\com.unity.modules.vectorgraphics)
    com.unity.modules.vehicles@1.0.0 (location: C:\CutMyBodyPlease\Unity\AnatomyXR\Library\PackageCache\com.unity.modules.vehicles)
    com.unity.modules.video@1.0.0 (location: C:\CutMyBodyPlease\Unity\AnatomyXR\Library\PackageCache\com.unity.modules.video)
    com.unity.modules.vr@1.0.0 (location: C:\CutMyBodyPlease\Unity\AnatomyXR\Library\PackageCache\com.unity.modules.vr)
    com.unity.modules.wind@1.0.0 (location: C:\CutMyBodyPlease\Unity\AnatomyXR\Library\PackageCache\com.unity.modules.wind)
    com.unity.modules.xr@1.0.0 (location: C:\CutMyBodyPlease\Unity\AnatomyXR\Library\PackageCache\com.unity.modules.xr)
    com.unity.modules.subsystems@1.0.0 (location: C:\CutMyBodyPlease\Unity\AnatomyXR\Library\PackageCache\com.unity.modules.subsystems)
    com.unity.modules.hierarchycore@1.0.0 (location: C:\CutMyBodyPlease\Unity\AnatomyXR\Library\PackageCache\com.unity.modules.hierarchycore)
    com.unity.ugui@2.0.0 (location: C:\CutMyBodyPlease\Unity\AnatomyXR\Library\PackageCache\com.unity.ugui@e20f1880fa04)
    com.unity.render-pipelines.core@17.3.0 (location: C:\CutMyBodyPlease\Unity\AnatomyXR\Library\PackageCache\com.unity.render-pipelines.core@731b06833851)
    com.unity.shadergraph@17.3.0 (location: C:\CutMyBodyPlease\Unity\AnatomyXR\Library\PackageCache\com.unity.shadergraph@fe0f710ccc2d)
    com.unity.render-pipelines.universal-config@17.0.3 (location: C:\CutMyBodyPlease\Unity\AnatomyXR\Library\PackageCache\com.unity.render-pipelines.universal-config@8dc1aab4af1d)
    com.unity.test-framework@1.6.0 (location: C:\CutMyBodyPlease\Unity\AnatomyXR\Library\PackageCache\com.unity.test-framework@bd7f943e9647)
    com.unity.ext.nunit@2.0.5 (location: C:\CutMyBodyPlease\Unity\AnatomyXR\Library\PackageCache\com.unity.ext.nunit@d8c07649098d)
[Subsystems] Looking for new subsystems at path C:\CutMyBodyPlease\Unity\AnatomyXR\Library\PackageCache\com.unity.xr.openxr@58837b2992e0
[Subsystems] Novel subsystem found at Library/PackageCache/com.unity.xr.openxr@58837b2992e0/Runtime/UnitySubsystemsManifest.json
[Subsystems] Discovering subsystems at path C:/Program Files/Unity/Hub/Editor/6000.3.20f1/Editor/Data/Resources/UnitySubsystems
[Subsystems] Discovering subsystems at path C:/CutMyBodyPlease/Unity/AnatomyXR/Assets
[Subsystems] Discovering subsystems at path C:\CutMyBodyPlease\Unity\AnatomyXR\Library\PackageCache\com.unity.xr.openxr@58837b2992e0
[Subsystems] No descriptors matched for  examples in Library/PackageCache/com.unity.xr.openxr@58837b2992e0/Runtime/UnitySubsystemsManifest.json.
[Subsystems] 1 'inputs' descriptors matched in Library/PackageCache/com.unity.xr.openxr@58837b2992e0/Runtime/UnitySubsystemsManifest.json
[Subsystems] 1 'displays' descriptors matched in Library/PackageCache/com.unity.xr.openxr@58837b2992e0/Runtime/UnitySubsystemsManifest.json
[Subsystems] No descriptors matched for  meshings in Library/PackageCache/com.unity.xr.openxr@58837b2992e0/Runtime/UnitySubsystemsManifest.json.
[Package Manager] Done registering packages in 0.01 seconds
[ScriptCompilation] Requested script compilation because: Assetdatabase observed changes in script compilation related files
Starting: C:\Program Files\Unity\Hub\Editor\6000.3.20f1\Editor\Data\Tools\BuildPipeline\bee_backend.exe --ipc --defer-dag-verification --dagfile="Library/Bee/1900b0aE.dag" --continue-on-failure --profile="Library/Bee/backend1.traceevents" ScriptAssemblies
WorkingDir: C:/CutMyBodyPlease/Unity/AnatomyXR
DisplayProgressbar: Compiling Scripts
ExitCode: 4 Duration: 0s303ms
Rebuilding DAG because FileSignature timestamp changed: Library/Bee/1900b0aE-inputdata.json
[685/879    0s] ILPP-Configuration Library/ilpp-configuration.nevergeneratedoutput
[686/879    0s] Csc Library/Bee/artifacts/1900b0aE.dag/Assembly-CSharp-Editor.dll (+2 others)
*** Tundra requires additional run (0.28 seconds), 2 items updated, 684 evaluated
Starting: C:\Program Files\Unity\Hub\Editor\6000.3.20f1\Editor\Data\netcorerun\netcorerun.exe "C:\Program Files\Unity\Hub\Editor\6000.3.20f1\Editor\Data\Tools\BuildPipeline\ScriptCompilationBuildProgram.exe" "Library/Bee/1900b0aE.dag.json" "Library/Bee/1900b0aE-inputdata.json" "Library\Bee\buildprogram0.traceevents"
WorkingDir: C:/CutMyBodyPlease/Unity/AnatomyXR
ExitCode: 0 Duration: 0s493ms
Starting: C:\Program Files\Unity\Hub\Editor\6000.3.20f1\Editor\Data\Tools\BuildPipeline\bee_backend.exe --ipc --defer-dag-verification --dagfile="Library/Bee/1900b0aE.dag" --continue-on-failure --dagfilejson="Library\Bee\1900b0aE.dag.json" --profile="Library/Bee/backend2.traceevents" ScriptAssemblies
WorkingDir: C:/CutMyBodyPlease/Unity/AnatomyXR
ExitCode: 0 Duration: 11s
Finished compiling graph: 882 nodes, 16227 flattened edges (13135 ToBuild, 136 ToUse), maximum node priority 1013
[235/879    0s] WriteText Library/Bee/artifacts/1900b0aE.dag/UnityEngine.UI.rsp
[236/879    0s] WriteText Library/Bee/artifacts/1900b0aE.dag/UnityEngine.XR.LegacyInputHelpers.rsp
[237/879    0s] WriteText Library/Bee/artifacts/1900b0aE.dag/UnityEditor.UI.rsp
[241/879    0s] WriteText Library/Bee/artifacts/1900b0aE.dag/Unity.Mathematics.rsp
[244/879    0s] WriteText Library/Bee/artifacts/1900b0aE.dag/Unity.RenderPipelines.Core.Runtime.Shared.rsp
[246/879    0s] WriteText Library/Bee/artifacts/1900b0aE.dag/Unity.RenderPipelines.GPUDriven.Runtime.rsp
[247/879    0s] WriteText Library/Bee/artifacts/1900b0aE.dag/Unity.XR.CoreUtils.Editor.rsp
[270/879    0s] WriteText Library/Bee/artifacts/1900b0aE.dag/Unity.RenderPipelines.Universal.Config.Runtime.rsp
[271/879    0s] WriteText Library/Bee/artifacts/1900b0aE.dag/Unity.InputSystem.rsp
[272/879    0s] WriteText Library/Bee/artifacts/1900b0aE.dag/Unity.XR.Management.Editor.rsp
[273/879    0s] WriteText Library/Bee/artifacts/1900b0aE.dag/Unity.RenderPipeline.Universal.ShaderLibrary.rsp
[274/879    0s] WriteText Library/Bee/artifacts/1900b0aE.dag/Unity.Burst.CodeGen.rsp
[275/879    0s] WriteText Library/Bee/artifacts/1900b0aE.dag/Unity.Collections.CodeGen.rsp
[290/879    0s] WriteText Library/Bee/artifacts/1900b0aE.dag/Unity.Burst.rsp
[291/879    0s] WriteText Library/Bee/artifacts/1900b0aE.dag/Unity.TextMeshPro.rsp
[292/879    0s] WriteText Library/Bee/artifacts/1900b0aE.dag/Unity.XR.CoreUtils.rsp
[294/879    0s] WriteText Library/Bee/artifacts/1900b0aE.dag/UnityEditor.TestRunner.rsp
[295/879    0s] WriteText Library/Bee/artifacts/1900b0aE.dag/Unity.XR.OpenXR.rsp
[302/879    0s] WriteText Library/Bee/artifacts/1900b0aE.dag/Unity.RenderPipelines.Core.Editor.rsp
[324/879    0s] WriteText Library/Bee/artifacts/1900b0aE.dag/Unity.RenderPipelines.Core.Runtime.rsp
[352/879    0s] WriteText Library/Bee/artifacts/1900b0aE.dag/UnityEngine.TestRunner.rsp
[353/879    0s] WriteText Library/Bee/artifacts/1900b0aE.dag/Unity.UnifiedRayTracing.Runtime.rsp
[354/879    0s] WriteText Library/Bee/artifacts/1900b0aE.dag/UnityEngine.SpatialTracking.rsp
[355/879    0s] WriteText Library/Bee/artifacts/1900b0aE.dag/Unity.InputSystem.ForUI.rsp
[356/879    0s] WriteText Library/Bee/artifacts/1900b0aE.dag/Unity.InternalAPIEngineBridge.004.rsp
[357/879    0s] WriteText Library/Bee/artifacts/1900b0aE.dag/Unity.XR.Management.rsp
[358/879    0s] WriteText Library/Bee/artifacts/1900b0aE.dag/Unity.Collections.rsp
[359/879    0s] WriteText Library/Bee/artifacts/1900b0aE.dag/Unity.RenderPipelines.Universal.Runtime.rsp
[360/879    0s] WriteText Library/Bee/artifacts/1900b0aE.dag/Unity.Searcher.Editor.rsp
[361/879    0s] WriteText Library/Bee/artifacts/1900b0aE.dag/Unity.XR.OpenXR.Editor.rsp
[362/879    0s] WriteText Library/Bee/artifacts/1900b0aE.dag/Unity.ShaderGraph.Utilities.rsp
[363/879    0s] WriteText Library/Bee/artifacts/1900b0aE.dag/Unity.XR.OpenXR.Features.MetaQuestSupport.rsp
[364/879    0s] WriteText Library/Bee/artifacts/1900b0aE.dag/Unity.XR.Interaction.Toolkit.rsp
[365/879    0s] WriteText Library/Bee/artifacts/1900b0aE.dag/Unity.Burst.Editor.rsp
[366/879    0s] WriteText Library/Bee/artifacts/1900b0aE.dag/Unity.ShaderGraph.Editor.rsp
[367/879    0s] WriteText Library/Bee/artifacts/1900b0aE.dag/Unity.Mathematics.Editor.rsp
[371/879    0s] WriteText Library/Bee/artifacts/1900b0aE.dag/Unity.RenderPipelines.Core.Editor.Shared.rsp
[383/879    0s] WriteText Library/Bee/artifacts/1900b0aE.dag/Unity.RenderPipelines.Universal.2D.Runtime.rsp
[387/879    0s] WriteText Library/Bee/artifacts/1900b0aE.dag/Unity.XR.OpenXR.Features.OculusQuestSupport.rsp
[392/879    0s] WriteText Library/Bee/artifacts/1900b0aE.dag/Unity.XR.Interaction.Toolkit.Analytics.Editor.rsp
[393/879    0s] WriteText Library/Bee/artifacts/1900b0aE.dag/Unity.XR.OpenXR.Features.RuntimeDebugger.rsp
[394/879    0s] WriteText Library/Bee/artifacts/1900b0aE.dag/Unity.RenderPipelines.Universal.Editor.rsp
[395/879    0s] WriteText Library/Bee/artifacts/1900b0aE.dag/Unity.XR.Interaction.Toolkit.Editor.rsp
[396/879    0s] WriteText Library/Bee/artifacts/1900b0aE.dag/UnityEditor.XR.LegacyInputHelpers.rsp
[397/879    0s] WriteText Library/Bee/artifacts/1900b0aE.dag/Unity.XR.OpenXR.Features.MetaQuestSupport.Editor.rsp
[398/879    0s] WriteText Library/Bee/artifacts/1900b0aE.dag/Unity.XR.OpenXR.Features.ConformanceAutomation.rsp
[399/879    0s] WriteText Library/Bee/artifacts/1900b0aE.dag/Unity.XR.OpenXR.Features.RuntimeDebugger.Editor.rsp
[400/879    0s] WriteText Library/Bee/artifacts/1900b0aE.dag/Unity.XR.OpenXR.Features.MockRuntime.rsp
[401/879    0s] WriteText Library/Bee/artifacts/1900b0aE.dag/Unity.Collections.Editor.rsp
[402/879    0s] WriteText Library/Bee/artifacts/1900b0aE.dag/Unity.RenderPipelines.Universal.2D.Editor.Overrides.rsp
[403/879    0s] WriteResponseFile Library/Bee/artifacts/rsp/6395847020536617641.rsp
[404/879    0s] WriteResponseFile Library/Bee/artifacts/rsp/3064155424177982801.rsp
[405/879    0s] WriteText Library/Bee/artifacts/1900b0aE.dag/Unity.Rendering.LightTransport.Editor.rsp
[406/879    0s] WriteResponseFile Library/Bee/artifacts/rsp/17346584914308636752.rsp
[407/879    0s] WriteText Library/Bee/artifacts/1900b0aE.dag/Unity.TextMeshPro.Editor.rsp
[408/879    0s] WriteText Library/Bee/artifacts/1900b0aE.dag/Unity.InputSystem.ForUI.Editor.rsp
[409/879    0s] WriteText Library/Bee/artifacts/1900b0aE.dag/Unity.PerformanceTesting.rsp
[410/879    0s] WriteText Library/Bee/artifacts/1900b0aE.dag/UnityEditor.SpatialTracking.rsp
[411/879    0s] WriteResponseFile Library/Bee/artifacts/rsp/6146630326014295711.rsp
[412/879    0s] WriteText Library/Bee/artifacts/1900b0aE.dag/Unity.RenderPipelines.ShaderGraph.ShaderGraphLibrary.rsp
[413/879    0s] WriteResponseFile Library/Bee/artifacts/rsp/4014436084419441659.rsp
[414/879    0s] WriteText Library/Bee/artifacts/1900b0aE.dag/Unity.RenderPipelines.Universal.Shaders.rsp
[415/879    0s] WriteText Library/Bee/artifacts/1900b0aE.dag/Unity.XR.Interaction.Toolkit.Analytics.Hooks.Editor.rsp
[416/879    0s] WriteResponseFile Library/Bee/artifacts/rsp/1237274906319909237.rsp
[417/879    0s] WriteResponseFile Library/Bee/artifacts/rsp/5916180605834378387.rsp
[418/879    0s] WriteResponseFile Library/Bee/artifacts/rsp/17525389461119239690.rsp
[419/879    0s] WriteText Library/Bee/artifacts/1900b0aE.dag/Unity.XR.OpenXR.Features.OculusQuestSupport.Editor.rsp
[420/879    0s] WriteResponseFile Library/Bee/artifacts/rsp/11294775302662683298.rsp
[421/879    0s] WriteText Library/Bee/artifacts/1900b0aE.dag/PPv2URPConverters.rsp
[422/879    0s] WriteResponseFile Library/Bee/artifacts/rsp/10411718816959651794.rsp
[423/879    0s] WriteText Library/Bee/artifacts/1900b0aE.dag/Unity.XR.OpenXR.TestTooling.rsp
[424/879    0s] WriteResponseFile Library/Bee/artifacts/rsp/13686715218353603589.rsp
[425/879    0s] WriteText Library/Bee/artifacts/1900b0aE.dag/UnityEditor.UI.Analytics.rsp
[426/879    0s] WriteText Library/Bee/artifacts/1900b0aE.dag/Unity.InputSystem.TestFramework.rsp
[427/879    0s] WriteText Library/Bee/artifacts/1900b0aE.dag/Unity.RenderPipelines.Core.ShaderLibrary.rsp
[428/879    0s] WriteResponseFile Library/Bee/artifacts/rsp/10397561839769426034.rsp
[429/879    0s] WriteText Library/Bee/artifacts/1900b0aE.dag/Unity.InputSystem.DocCodeSamples.rsp
[430/879    0s] WriteResponseFile Library/Bee/artifacts/rsp/2897256077774953845.rsp
[431/879    0s] WriteText Library/Bee/artifacts/1900b0aE.dag/Unity.XR.Interaction.Toolkit.CodeSamples.Tests.rsp
[432/879    0s] WriteResponseFile Library/Bee/artifacts/rsp/5546506141355401238.rsp
[433/879    0s] WriteResponseFile Library/Bee/artifacts/rsp/14647113126751640225.rsp
[434/879    0s] WriteText Library/Bee/artifacts/1900b0aE.dag/Assembly-CSharp-Editor.rsp
[435/879    0s] WriteResponseFile Library/Bee/artifacts/rsp/15085861467720516389.rsp
[436/879    0s] WriteResponseFile Library/Bee/artifacts/rsp/415432457928625878.rsp
[437/879    0s] WriteText Library/Bee/artifacts/1900b0aE.dag/Unity.PerformanceTesting.Editor.rsp
[438/879    0s] WriteResponseFile Library/Bee/artifacts/rsp/10010842633742469623.rsp
[439/879    0s] WriteResponseFile Library/Bee/artifacts/rsp/9870516708743257357.rsp
[440/879    0s] WriteResponseFile Library/Bee/artifacts/rsp/13909235412005675431.rsp
[441/879    0s] WriteResponseFile Library/Bee/artifacts/rsp/5803490648119114145.rsp
[442/879    0s] WriteResponseFile Library/Bee/artifacts/rsp/1221103008370360376.rsp
[443/879    0s] WriteResponseFile Library/Bee/artifacts/rsp/2846982255732384137.rsp
[444/879    0s] WriteResponseFile Library/Bee/artifacts/rsp/15455303425587971764.rsp
[445/879    0s] WriteResponseFile Library/Bee/artifacts/rsp/2466938678627382556.rsp
[446/879    0s] WriteResponseFile Library/Bee/artifacts/rsp/2157608619508796868.rsp
[447/879    0s] WriteResponseFile Library/Bee/artifacts/rsp/11743693788726679458.rsp
[448/879    0s] WriteResponseFile Library/Bee/artifacts/rsp/18218310762646611085.rsp
[449/879    0s] WriteResponseFile Library/Bee/artifacts/rsp/6262281476893245489.rsp
[450/879    0s] WriteResponseFile Library/Bee/artifacts/rsp/7606483801609891643.rsp
[451/879    0s] WriteResponseFile Library/Bee/artifacts/rsp/1418726328684876121.rsp
[452/879    0s] WriteResponseFile Library/Bee/artifacts/rsp/4135458651261243065.rsp
[453/879    0s] WriteResponseFile Library/Bee/artifacts/rsp/2082179624159626967.rsp
[454/879    0s] WriteResponseFile Library/Bee/artifacts/rsp/2953117779104569460.rsp
[455/879    0s] WriteResponseFile Library/Bee/artifacts/rsp/15958407531564136273.rsp
[456/879    0s] WriteResponseFile Library/Bee/artifacts/rsp/8860347324984707772.rsp
[457/879    0s] WriteResponseFile Library/Bee/artifacts/rsp/14566447020836459352.rsp
[458/879    0s] WriteResponseFile Library/Bee/artifacts/rsp/9131395799607273628.rsp
[459/879    0s] WriteResponseFile Library/Bee/artifacts/rsp/2945965914099044388.rsp
[460/879    0s] WriteResponseFile Library/Bee/artifacts/rsp/11820488456832421373.rsp
[461/879    0s] WriteResponseFile Library/Bee/artifacts/rsp/2143737779245182908.rsp
[462/879    0s] WriteResponseFile Library/Bee/artifacts/rsp/10292501669419677951.rsp
[463/879    0s] WriteResponseFile Library/Bee/artifacts/rsp/15183149355271759364.rsp
[464/879    0s] WriteResponseFile Library/Bee/artifacts/rsp/4663329790075377241.rsp
[465/879    0s] WriteResponseFile Library/Bee/artifacts/rsp/12248871281822510316.rsp
[466/879    0s] WriteResponseFile Library/Bee/artifacts/rsp/6841316898876630997.rsp
[467/879    0s] WriteResponseFile Library/Bee/artifacts/rsp/1646394669459005318.rsp
[468/879    0s] WriteResponseFile Library/Bee/artifacts/rsp/17296387151066238333.rsp
[469/879    0s] WriteResponseFile Library/Bee/artifacts/rsp/2781082588993088484.rsp
[470/879    0s] WriteResponseFile Library/Bee/artifacts/rsp/13160698070164861181.rsp
[471/879    0s] WriteResponseFile Library/Bee/artifacts/rsp/8863518860715653438.rsp
[472/879    0s] WriteResponseFile Library/Bee/artifacts/rsp/147470109805389196.rsp
[473/879    0s] WriteResponseFile Library/Bee/artifacts/rsp/9703144790800738880.rsp
[474/879    0s] WriteResponseFile Library/Bee/artifacts/rsp/1488387367365330867.rsp
[475/879    0s] WriteResponseFile Library/Bee/artifacts/rsp/11721167980350881331.rsp
[476/879    0s] WriteResponseFile Library/Bee/artifacts/rsp/14814235663552238418.rsp
[477/879    0s] WriteResponseFile Library/Bee/artifacts/rsp/12812556936427222528.rsp
[478/879    0s] WriteResponseFile Library/Bee/artifacts/rsp/6947401630772442630.rsp
[479/879    0s] WriteResponseFile Library/Bee/artifacts/rsp/9675442845102135732.rsp
[480/879    0s] WriteResponseFile Library/Bee/artifacts/rsp/12900333509587573630.rsp
[481/879    0s] WriteResponseFile Library/Bee/artifacts/rsp/3617466885801794984.rsp
[482/879    0s] WriteResponseFile Library/Bee/artifacts/rsp/15394042617203071315.rsp
[483/879    0s] WriteResponseFile Library/Bee/artifacts/rsp/5686099315413121604.rsp
[484/879    0s] WriteResponseFile Library/Bee/artifacts/rsp/8166486921578947860.rsp
[485/879    0s] Csc Library/Bee/artifacts/1900b0aE.dag/UnityEngine.TestRunner.dll (+2 others)
[           0s] Csc Library/Bee/artifacts/1900b0aE.dag/UnityEngine.TestRunner.dll (+2 others) [CacheWrite 00000000000000000000000000000005]
[488/879    0s] CopyFiles Library/ScriptAssemblies/UnityEngine.TestRunner.pdb
[489/879    0s] CopyFiles Library/ScriptAssemblies/UnityEngine.TestRunner.dll
[490/879    0s] Csc Library/Bee/artifacts/1900b0aE.dag/UnityEngine.UI.dll (+2 others)
[           0s] Csc Library/Bee/artifacts/1900b0aE.dag/UnityEngine.UI.dll (+2 others) [CacheWrite 00000000000000000000000000000005]
[492/879    0s] Csc Library/Bee/artifacts/1900b0aE.dag/UnityEditor.TestRunner.dll (+2 others)
[           0s] Csc Library/Bee/artifacts/1900b0aE.dag/UnityEditor.TestRunner.dll (+2 others) [CacheWrite 00000000000000000000000000000005]
[495/879    0s] CopyFiles Library/ScriptAssemblies/UnityEditor.TestRunner.pdb
[496/879    0s] CopyFiles Library/ScriptAssemblies/UnityEditor.TestRunner.dll
[497/879    0s] Csc Library/Bee/artifacts/1900b0aE.dag/UnityEditor.UI.dll (+2 others)
[           0s] Csc Library/Bee/artifacts/1900b0aE.dag/UnityEditor.UI.dll (+2 others) [CacheWrite 00000000000000000000000000000005]
[512/879    0s] Csc Library/Bee/artifacts/1900b0aE.dag/Unity.RenderPipelines.Universal.Shaders.dll (+2 others)
[513/879    0s] Csc Library/Bee/artifacts/1900b0aE.dag/Unity.RenderPipelines.Core.ShaderLibrary.dll (+2 others)
[514/879    0s] Csc Library/Bee/artifacts/1900b0aE.dag/Unity.RenderPipelines.ShaderGraph.ShaderGraphLibrary.dll (+2 others)
[515/879    0s] Csc Library/Bee/artifacts/1900b0aE.dag/Unity.InternalAPIEngineBridge.004.dll (+2 others)
[516/879    0s] Csc Library/Bee/artifacts/1900b0aE.dag/Unity.XR.Management.dll (+2 others)
[517/879    0s] Csc Library/Bee/artifacts/1900b0aE.dag/Unity.ShaderGraph.Utilities.dll (+2 others)
[518/879    0s] Csc Library/Bee/artifacts/1900b0aE.dag/UnityEngine.SpatialTracking.dll (+2 others)
[519/879    0s] Csc Library/Bee/artifacts/1900b0aE.dag/Unity.Rendering.LightTransport.Editor.dll (+2 others)
[           0s] Csc Library/Bee/artifacts/1900b0aE.dag/Unity.RenderPipelines.Universal.Shaders.dll (+2 others) [CacheWrite 00000000000000000000000000000005]
[520/879    0s] Csc Library/Bee/artifacts/1900b0aE.dag/Unity.Searcher.Editor.dll (+2 others)
[           0s] Csc Library/Bee/artifacts/1900b0aE.dag/Unity.RenderPipelines.Core.ShaderLibrary.dll (+2 others) [CacheWrite 00000000000000000000000000000005]
[522/879    0s] Csc Library/Bee/artifacts/1900b0aE.dag/Unity.PerformanceTesting.dll (+2 others)
[           0s] Csc Library/Bee/artifacts/1900b0aE.dag/Unity.InternalAPIEngineBridge.004.dll (+2 others) [CacheWrite 00000000000000000000000000000005]
[           0s] Csc Library/Bee/artifacts/1900b0aE.dag/Unity.RenderPipelines.ShaderGraph.ShaderGraphLibrary.dll (+2 others) [CacheWrite 00000000000000000000000000000005]
[           0s] Csc Library/Bee/artifacts/1900b0aE.dag/Unity.XR.Management.dll (+2 others) [CacheWrite 00000000000000000000000000000005]
[           0s] Csc Library/Bee/artifacts/1900b0aE.dag/Unity.ShaderGraph.Utilities.dll (+2 others) [CacheWrite 00000000000000000000000000000005]
[           0s] Csc Library/Bee/artifacts/1900b0aE.dag/UnityEngine.SpatialTracking.dll (+2 others) [CacheWrite 00000000000000000000000000000005]
[           0s] Csc Library/Bee/artifacts/1900b0aE.dag/Unity.Rendering.LightTransport.Editor.dll (+2 others) [CacheWrite 00000000000000000000000000000005]
[           0s] Csc Library/Bee/artifacts/1900b0aE.dag/Unity.Searcher.Editor.dll (+2 others) [CacheWrite 00000000000000000000000000000005]
[           0s] Csc Library/Bee/artifacts/1900b0aE.dag/Unity.PerformanceTesting.dll (+2 others) [CacheWrite 00000000000000000000000000000005]
[536/879    0s] Csc Library/Bee/artifacts/1900b0aE.dag/UnityEditor.SpatialTracking.dll (+2 others)
[537/879    0s] Csc Library/Bee/artifacts/1900b0aE.dag/Unity.Burst.dll (+2 others)
[           0s] Csc Library/Bee/artifacts/1900b0aE.dag/UnityEditor.SpatialTracking.dll (+2 others) [CacheWrite 00000000000000000000000000000005]
[539/879    0s] Csc Library/Bee/artifacts/1900b0aE.dag/UnityEngine.XR.LegacyInputHelpers.dll (+2 others)
[540/879    0s] Csc Library/Bee/artifacts/1900b0aE.dag/Unity.PerformanceTesting.Editor.dll (+2 others)
[           0s] Csc Library/Bee/artifacts/1900b0aE.dag/Unity.Burst.dll (+2 others) [CacheWrite 00000000000000000000000000000005]
[           0s] Csc Library/Bee/artifacts/1900b0aE.dag/UnityEngine.XR.LegacyInputHelpers.dll (+2 others) [CacheWrite 00000000000000000000000000000005]
[           0s] Csc Library/Bee/artifacts/1900b0aE.dag/Unity.PerformanceTesting.Editor.dll (+2 others) [CacheWrite 00000000000000000000000000000005]
[545/879    0s] Csc Library/Bee/artifacts/1900b0aE.dag/Unity.Burst.CodeGen.dll (+2 others)
[546/879    0s] Csc Library/Bee/artifacts/1900b0aE.dag/Unity.TextMeshPro.dll (+2 others)
[           0s] Csc Library/Bee/artifacts/1900b0aE.dag/Unity.Burst.CodeGen.dll (+2 others) [CacheWrite 00000000000000000000000000000005]
[547/879    0s] CopyFiles Library/ScriptAssemblies/Unity.Burst.CodeGen.dll
[548/879    0s] CopyFiles Library/ScriptAssemblies/Unity.Burst.CodeGen.pdb
[           0s] Csc Library/Bee/artifacts/1900b0aE.dag/Unity.TextMeshPro.dll (+2 others) [CacheWrite 00000000000000000000000000000005]
[551/879    0s] Csc Library/Bee/artifacts/1900b0aE.dag/UnityEditor.UI.Analytics.dll (+2 others)
[           0s] Csc Library/Bee/artifacts/1900b0aE.dag/UnityEditor.UI.Analytics.dll (+2 others) [CacheWrite 00000000000000000000000000000005]
[553/879    1s] Csc Library/Bee/artifacts/1900b0aE.dag/Unity.InputSystem.dll (+2 others)
[           0s] Csc Library/Bee/artifacts/1900b0aE.dag/Unity.InputSystem.dll (+2 others) [CacheWrite 00000000000000000000000000000005]
[554/879    0s] MovedFromExtractor Library/Bee/artifacts/mvdfrm/Unity.InputSystem.ref.dll_FD2EC87C14EBE081.mvfrm
[555/879    0s] MovedFromExtractor-Combine Library/Bee/artifacts/1900b0aE.dag/Unity.XR.CoreUtils.dll.mvfrm
[556/879    0s] MovedFromExtractor-Combine Library/Bee/artifacts/1900b0aE.dag/Unity.InputSystem.ForUI.dll.mvfrm
[557/879    0s] MovedFromExtractor-Combine Library/Bee/artifacts/1900b0aE.dag/Unity.InputSystem.TestFramework.dll.mvfrm
[558/879    0s] MovedFromExtractor-Combine Library/Bee/artifacts/1900b0aE.dag/Unity.InputSystem.DocCodeSamples.dll.mvfrm
[559/879    1s] Csc Library/Bee/artifacts/1900b0aE.dag/Unity.Mathematics.dll (+2 others)
[           0s] Csc Library/Bee/artifacts/1900b0aE.dag/Unity.Mathematics.dll (+2 others) [CacheWrite 00000000000000000000000000000005]
[563/879    0s] Csc Library/Bee/artifacts/1900b0aE.dag/Unity.InputSystem.ForUI.dll (+2 others)
[564/879    0s] Csc Library/Bee/artifacts/1900b0aE.dag/Unity.InputSystem.DocCodeSamples.dll (+2 others)
[565/879    0s] Csc Library/Bee/artifacts/1900b0aE.dag/Unity.InputSystem.TestFramework.dll (+2 others)
[           0s] Csc Library/Bee/artifacts/1900b0aE.dag/Unity.InputSystem.ForUI.dll (+2 others) [CacheWrite 00000000000000000000000000000005]
[           0s] Csc Library/Bee/artifacts/1900b0aE.dag/Unity.InputSystem.DocCodeSamples.dll (+2 others) [CacheWrite 00000000000000000000000000000005]
[           0s] Csc Library/Bee/artifacts/1900b0aE.dag/Unity.InputSystem.TestFramework.dll (+2 others) [CacheWrite 00000000000000000000000000000005]
[567/879    0s] Csc Library/Bee/artifacts/1900b0aE.dag/Unity.XR.CoreUtils.dll (+2 others)
[568/879    0s] Csc Library/Bee/artifacts/1900b0aE.dag/Unity.Mathematics.Editor.dll (+2 others)
[           0s] Csc Library/Bee/artifacts/1900b0aE.dag/Unity.XR.CoreUtils.dll (+2 others) [CacheWrite 00000000000000000000000000000005]
[569/879    0s] MovedFromExtractor-Combine Library/Bee/artifacts/1900b0aE.dag/Unity.InputSystem.ForUI.Editor.dll.mvfrm
[           0s] Csc Library/Bee/artifacts/1900b0aE.dag/Unity.Mathematics.Editor.dll (+2 others) [CacheWrite 00000000000000000000000000000005]
[572/879    0s] MovedFromExtractor-Combine Library/Bee/artifacts/1900b0aE.dag/Unity.XR.CoreUtils.Editor.dll.mvfrm
[573/879    0s] Csc Library/Bee/artifacts/1900b0aE.dag/Unity.InputSystem.ForUI.Editor.dll (+2 others)
[           0s] Csc Library/Bee/artifacts/1900b0aE.dag/Unity.InputSystem.ForUI.Editor.dll (+2 others) [CacheWrite 00000000000000000000000000000005]
[574/879    0s] MovedFromExtractor Library/Bee/artifacts/mvdfrm/Unity.InputSystem.ForUI.Editor.ref.dll_40FECCA5C63FF041.mvfrm
[575/879    0s] Csc Library/Bee/artifacts/1900b0aE.dag/Unity.XR.CoreUtils.Editor.dll (+2 others)
[           0s] Csc Library/Bee/artifacts/1900b0aE.dag/Unity.XR.CoreUtils.Editor.dll (+2 others) [CacheWrite 00000000000000000000000000000005]
[578/879    0s] MovedFromExtractor-Combine Library/Bee/artifacts/1900b0aE.dag/Unity.XR.Management.Editor.dll.mvfrm
[579/879    1s] Csc Library/Bee/artifacts/1900b0aE.dag/Unity.Burst.Editor.dll (+2 others)
[580/879    0s] Csc Library/Bee/artifacts/1900b0aE.dag/Unity.XR.Interaction.Toolkit.Analytics.Editor.dll (+2 others)
[581/879    0s] Csc Library/Bee/artifacts/1900b0aE.dag/Unity.Collections.dll (+2 others)
[           0s] Csc Library/Bee/artifacts/1900b0aE.dag/Unity.Burst.Editor.dll (+2 others) [CacheWrite 00000000000000000000000000000005]
[           0s] Csc Library/Bee/artifacts/1900b0aE.dag/Unity.XR.Interaction.Toolkit.Analytics.Editor.dll (+2 others) [CacheWrite 00000000000000000000000000000005]
[           0s] Csc Library/Bee/artifacts/1900b0aE.dag/Unity.Collections.dll (+2 others) [CacheWrite 00000000000000000000000000000005]
[588/879    0s] Csc Library/Bee/artifacts/1900b0aE.dag/Unity.XR.Management.Editor.dll (+2 others)
[589/879    0s] MovedFromExtractor-Combine Library/Bee/artifacts/1900b0aE.dag/Unity.RenderPipelines.Core.Runtime.dll.mvfrm
[           0s] Csc Library/Bee/artifacts/1900b0aE.dag/Unity.XR.Management.Editor.dll (+2 others) [CacheWrite 00000000000000000000000000000005]
[591/879    0s] Csc Library/Bee/artifacts/1900b0aE.dag/Unity.Collections.Editor.dll (+2 others)
[           0s] Csc Library/Bee/artifacts/1900b0aE.dag/Unity.Collections.Editor.dll (+2 others) [CacheWrite 00000000000000000000000000000005]
[593/879    0s] Csc Library/Bee/artifacts/1900b0aE.dag/Unity.Collections.CodeGen.dll (+2 others)
[594/879    0s] Csc Library/Bee/artifacts/1900b0aE.dag/Unity.UnifiedRayTracing.Runtime.dll (+2 others)
[           0s] Csc Library/Bee/artifacts/1900b0aE.dag/Unity.Collections.CodeGen.dll (+2 others) [CacheWrite 00000000000000000000000000000005]
[595/879    0s] CopyFiles Library/ScriptAssemblies/Unity.Collections.CodeGen.dll
[596/879    0s] CopyFiles Library/ScriptAssemblies/Unity.Collections.CodeGen.pdb
[           0s] Csc Library/Bee/artifacts/1900b0aE.dag/Unity.UnifiedRayTracing.Runtime.dll (+2 others) [CacheWrite 00000000000000000000000000000005]
[598/879    0s] ILPP-Configuration Library/ilpp-configuration.nevergeneratedoutput
[599/879    0s] Csc Library/Bee/artifacts/1900b0aE.dag/Unity.RenderPipelines.Core.Runtime.dll (+2 others)
[           0s] Csc Library/Bee/artifacts/1900b0aE.dag/Unity.RenderPipelines.Core.Runtime.dll (+2 others) [CacheWrite 00000000000000000000000000000005]
[600/879    0s] MovedFromExtractor Library/Bee/artifacts/mvdfrm/Unity.RenderPipelines.Core.Runtime.ref.dll_CE6A42C97D96EB0A.mvfrm
[601/879    0s] MovedFromExtractor-Combine Library/Bee/artifacts/1900b0aE.dag/Unity.RenderPipelines.GPUDriven.Runtime.dll.mvfrm
[602/879    0s] Csc Library/Bee/artifacts/1900b0aE.dag/Unity.RenderPipelines.GPUDriven.Runtime.dll (+2 others)
[           0s] Csc Library/Bee/artifacts/1900b0aE.dag/Unity.RenderPipelines.GPUDriven.Runtime.dll (+2 others) [CacheWrite 00000000000000000000000000000005]
[603/879    0s] MovedFromExtractor-Combine Library/Bee/artifacts/1900b0aE.dag/Unity.RenderPipelines.Core.Runtime.Shared.dll.mvfrm
[604/879    1s] ILPostProcess Library/Bee/artifacts/1900b0aE.dag/post-processed/Unity.XR.CoreUtils.Editor.dll (+pdb)
Processing assembly Library/Bee/artifacts/1900b0aE.dag/Unity.XR.CoreUtils.Editor.dll, with 139 defines and 275 references

processors: Unity.Jobs.CodeGen.JobsILPostProcessor, zzzUnity.Burst.CodeGen.BurstILPostProcessor

running Unity.Jobs.CodeGen.JobsILPostProcessor

running zzzUnity.Burst.CodeGen.BurstILPostProcessor
[605/879    1s] ILPostProcess Library/Bee/artifacts/1900b0aE.dag/post-processed/Unity.InputSystem.DocCodeSamples.dll (+pdb)
Processing assembly Library/Bee/artifacts/1900b0aE.dag/Unity.InputSystem.DocCodeSamples.dll, with 137 defines and 269 references

processors: Unity.Jobs.CodeGen.JobsILPostProcessor, zzzUnity.Burst.CodeGen.BurstILPostProcessor

running Unity.Jobs.CodeGen.JobsILPostProcessor

running zzzUnity.Burst.CodeGen.BurstILPostProcessor
[606/879    1s] ILPostProcess Library/Bee/artifacts/1900b0aE.dag/post-processed/Unity.Mathematics.dll (+pdb)
Processing assembly Library/Bee/artifacts/1900b0aE.dag/Unity.Mathematics.dll, with 139 defines and 264 references

processors: Unity.Jobs.CodeGen.JobsILPostProcessor, zzzUnity.Burst.CodeGen.BurstILPostProcessor

running Unity.Jobs.CodeGen.JobsILPostProcessor

running zzzUnity.Burst.CodeGen.BurstILPostProcessor
[607/879    1s] ILPostProcess Library/Bee/artifacts/1900b0aE.dag/post-processed/Unity.InternalAPIEngineBridge.004.dll (+pdb)
Processing assembly Library/Bee/artifacts/1900b0aE.dag/Unity.InternalAPIEngineBridge.004.dll, with 139 defines and 264 references

processors: Unity.Jobs.CodeGen.JobsILPostProcessor, zzzUnity.Burst.CodeGen.BurstILPostProcessor

running Unity.Jobs.CodeGen.JobsILPostProcessor

running zzzUnity.Burst.CodeGen.BurstILPostProcessor
[608/879    1s] ILPostProcess Library/Bee/artifacts/1900b0aE.dag/post-processed/Unity.XR.Management.Editor.dll (+pdb)
Processing assembly Library/Bee/artifacts/1900b0aE.dag/Unity.XR.Management.Editor.dll, with 139 defines and 276 references

processors: Unity.Jobs.CodeGen.JobsILPostProcessor, zzzUnity.Burst.CodeGen.BurstILPostProcessor

running Unity.Jobs.CodeGen.JobsILPostProcessor

running zzzUnity.Burst.CodeGen.BurstILPostProcessor
[609/879    1s] ILPostProcess Library/Bee/artifacts/1900b0aE.dag/post-processed/Unity.RenderPipelines.Universal.Shaders.dll (+pdb)
Processing assembly Library/Bee/artifacts/1900b0aE.dag/Unity.RenderPipelines.Universal.Shaders.dll, with 139 defines and 264 references

processors: Unity.Jobs.CodeGen.JobsILPostProcessor, zzzUnity.Burst.CodeGen.BurstILPostProcessor

running Unity.Jobs.CodeGen.JobsILPostProcessor

running zzzUnity.Burst.CodeGen.BurstILPostProcessor
[610/879    1s] ILPostProcess Library/Bee/artifacts/1900b0aE.dag/post-processed/Unity.Mathematics.Editor.dll (+pdb)
Processing assembly Library/Bee/artifacts/1900b0aE.dag/Unity.Mathematics.Editor.dll, with 137 defines and 274 references

processors: Unity.Jobs.CodeGen.JobsILPostProcessor, zzzUnity.Burst.CodeGen.BurstILPostProcessor

running Unity.Jobs.CodeGen.JobsILPostProcessor

running zzzUnity.Burst.CodeGen.BurstILPostProcessor
[611/879    1s] ILPostProcess Library/Bee/artifacts/1900b0aE.dag/post-processed/Unity.XR.Management.dll (+pdb)
Processing assembly Library/Bee/artifacts/1900b0aE.dag/Unity.XR.Management.dll, with 140 defines and 264 references

processors: Unity.Jobs.CodeGen.JobsILPostProcessor, zzzUnity.Burst.CodeGen.BurstILPostProcessor

running Unity.Jobs.CodeGen.JobsILPostProcessor

running zzzUnity.Burst.CodeGen.BurstILPostProcessor
[612/879    1s] ILPostProcess Library/Bee/artifacts/1900b0aE.dag/post-processed/UnityEngine.UI.dll (+pdb)
Processing assembly Library/Bee/artifacts/1900b0aE.dag/UnityEngine.UI.dll, with 145 defines and 262 references

processors: Unity.Jobs.CodeGen.JobsILPostProcessor, zzzUnity.Burst.CodeGen.BurstILPostProcessor

running Unity.Jobs.CodeGen.JobsILPostProcessor

running zzzUnity.Burst.CodeGen.BurstILPostProcessor
[613/879    1s] ILPostProcess Library/Bee/artifacts/1900b0aE.dag/post-processed/Unity.Rendering.LightTransport.Editor.dll (+pdb)
Processing assembly Library/Bee/artifacts/1900b0aE.dag/Unity.Rendering.LightTransport.Editor.dll, with 137 defines and 273 references

processors: Unity.Jobs.CodeGen.JobsILPostProcessor, zzzUnity.Burst.CodeGen.BurstILPostProcessor

running Unity.Jobs.CodeGen.JobsILPostProcessor

running zzzUnity.Burst.CodeGen.BurstILPostProcessor
[614/879    1s] ILPostProcess Library/Bee/artifacts/1900b0aE.dag/post-processed/Unity.PerformanceTesting.dll (+pdb)
Processing assembly Library/Bee/artifacts/1900b0aE.dag/Unity.PerformanceTesting.dll, with 140 defines and 259 references

processors: Unity.Jobs.CodeGen.JobsILPostProcessor, zzzUnity.Burst.CodeGen.BurstILPostProcessor

running Unity.Jobs.CodeGen.JobsILPostProcessor

running zzzUnity.Burst.CodeGen.BurstILPostProcessor
[615/879    1s] ILPostProcess Library/Bee/artifacts/1900b0aE.dag/post-processed/UnityEngine.SpatialTracking.dll (+pdb)
Processing assembly Library/Bee/artifacts/1900b0aE.dag/UnityEngine.SpatialTracking.dll, with 139 defines and 264 references

processors: Unity.Jobs.CodeGen.JobsILPostProcessor, zzzUnity.Burst.CodeGen.BurstILPostProcessor

running Unity.Jobs.CodeGen.JobsILPostProcessor

running zzzUnity.Burst.CodeGen.BurstILPostProcessor
[616/879    1s] ILPostProcess Library/Bee/artifacts/1900b0aE.dag/post-processed/Unity.ShaderGraph.Utilities.dll (+pdb)
Processing assembly Library/Bee/artifacts/1900b0aE.dag/Unity.ShaderGraph.Utilities.dll, with 137 defines and 273 references

processors: Unity.Jobs.CodeGen.JobsILPostProcessor, zzzUnity.Burst.CodeGen.BurstILPostProcessor

running Unity.Jobs.CodeGen.JobsILPostProcessor

running zzzUnity.Burst.CodeGen.BurstILPostProcessor
[617/879    1s] ILPostProcess Library/Bee/artifacts/1900b0aE.dag/post-processed/Unity.PerformanceTesting.Editor.dll (+pdb)
Processing assembly Library/Bee/artifacts/1900b0aE.dag/Unity.PerformanceTesting.Editor.dll, with 138 defines and 269 references

processors: Unity.Jobs.CodeGen.JobsILPostProcessor, zzzUnity.Burst.CodeGen.BurstILPostProcessor

running Unity.Jobs.CodeGen.JobsILPostProcessor

running zzzUnity.Burst.CodeGen.BurstILPostProcessor
[618/879    1s] ILPostProcess Library/Bee/artifacts/1900b0aE.dag/post-processed/UnityEditor.UI.Analytics.dll (+pdb)
Processing assembly Library/Bee/artifacts/1900b0aE.dag/UnityEditor.UI.Analytics.dll, with 137 defines and 274 references

processors: Unity.Jobs.CodeGen.JobsILPostProcessor, zzzUnity.Burst.CodeGen.BurstILPostProcessor

running Unity.Jobs.CodeGen.JobsILPostProcessor

running zzzUnity.Burst.CodeGen.BurstILPostProcessor
[619/879    1s] ILPostProcess Library/Bee/artifacts/1900b0aE.dag/post-processed/UnityEngine.XR.LegacyInputHelpers.dll (+pdb)
Processing assembly Library/Bee/artifacts/1900b0aE.dag/UnityEngine.XR.LegacyInputHelpers.dll, with 139 defines and 265 references

processors: Unity.Jobs.CodeGen.JobsILPostProcessor, zzzUnity.Burst.CodeGen.BurstILPostProcessor

running Unity.Jobs.CodeGen.JobsILPostProcessor

running zzzUnity.Burst.CodeGen.BurstILPostProcessor
[620/879    1s] ILPostProcess Library/Bee/artifacts/1900b0aE.dag/post-processed/Unity.TextMeshPro.dll (+pdb)
Processing assembly Library/Bee/artifacts/1900b0aE.dag/Unity.TextMeshPro.dll, with 140 defines and 265 references

processors: Unity.Jobs.CodeGen.JobsILPostProcessor, zzzUnity.Burst.CodeGen.BurstILPostProcessor

running Unity.Jobs.CodeGen.JobsILPostProcessor

running zzzUnity.Burst.CodeGen.BurstILPostProcessor
[621/879    1s] ILPostProcess Library/Bee/artifacts/1900b0aE.dag/post-processed/Unity.InputSystem.dll (+pdb)
Processing assembly Library/Bee/artifacts/1900b0aE.dag/Unity.InputSystem.dll, with 150 defines and 264 references

processors: Unity.Jobs.CodeGen.JobsILPostProcessor, zzzUnity.Burst.CodeGen.BurstILPostProcessor

running Unity.Jobs.CodeGen.JobsILPostProcessor

running zzzUnity.Burst.CodeGen.BurstILPostProcessor
[622/879    1s] ILPostProcess Library/Bee/artifacts/1900b0aE.dag/post-processed/Unity.RenderPipelines.Core.ShaderLibrary.dll (+pdb)
Processing assembly Library/Bee/artifacts/1900b0aE.dag/Unity.RenderPipelines.Core.ShaderLibrary.dll, with 139 defines and 264 references

processors: Unity.Jobs.CodeGen.JobsILPostProcessor, zzzUnity.Burst.CodeGen.BurstILPostProcessor

running Unity.Jobs.CodeGen.JobsILPostProcessor

running zzzUnity.Burst.CodeGen.BurstILPostProcessor
[623/879    1s] ILPostProcess Library/Bee/artifacts/1900b0aE.dag/post-processed/Unity.Collections.dll (+pdb)
Processing assembly Library/Bee/artifacts/1900b0aE.dag/Unity.Collections.dll, with 141 defines and 266 references

processors: Unity.Jobs.CodeGen.JobsILPostProcessor, zzzUnity.Burst.CodeGen.BurstILPostProcessor

running Unity.Jobs.CodeGen.JobsILPostProcessor

running zzzUnity.Burst.CodeGen.BurstILPostProcessor
[624/879    1s] ILPostProcess Library/Bee/artifacts/1900b0aE.dag/post-processed/Unity.XR.CoreUtils.dll (+pdb)
Processing assembly Library/Bee/artifacts/1900b0aE.dag/Unity.XR.CoreUtils.dll, with 145 defines and 266 references

processors: Unity.Jobs.CodeGen.JobsILPostProcessor, zzzUnity.Burst.CodeGen.BurstILPostProcessor

running Unity.Jobs.CodeGen.JobsILPostProcessor

running zzzUnity.Burst.CodeGen.BurstILPostProcessor
[626/879    1s] ILPostProcess Library/Bee/artifacts/1900b0aE.dag/post-processed/Unity.UnifiedRayTracing.Runtime.dll (+pdb)
Processing assembly Library/Bee/artifacts/1900b0aE.dag/Unity.UnifiedRayTracing.Runtime.dll, with 140 defines and 267 references

processors: Unity.Jobs.CodeGen.JobsILPostProcessor, zzzUnity.Burst.CodeGen.BurstILPostProcessor

running Unity.Jobs.CodeGen.JobsILPostProcessor

running zzzUnity.Burst.CodeGen.BurstILPostProcessor
[627/879    1s] ILPostProcess Library/Bee/artifacts/1900b0aE.dag/post-processed/Unity.InputSystem.TestFramework.dll (+pdb)
Processing assembly Library/Bee/artifacts/1900b0aE.dag/Unity.InputSystem.TestFramework.dll, with 140 defines and 261 references

processors: Unity.Jobs.CodeGen.JobsILPostProcessor, zzzUnity.Burst.CodeGen.BurstILPostProcessor

running Unity.Jobs.CodeGen.JobsILPostProcessor

running zzzUnity.Burst.CodeGen.BurstILPostProcessor
[628/879    1s] ILPostProcess Library/Bee/artifacts/1900b0aE.dag/post-processed/Unity.Burst.Editor.dll (+pdb)
Processing assembly Library/Bee/artifacts/1900b0aE.dag/Unity.Burst.Editor.dll, with 137 defines and 274 references

processors: Unity.Jobs.CodeGen.JobsILPostProcessor, zzzUnity.Burst.CodeGen.BurstILPostProcessor

running Unity.Jobs.CodeGen.JobsILPostProcessor

running zzzUnity.Burst.CodeGen.BurstILPostProcessor
[629/879    0s] CopyFiles Library/ScriptAssemblies/Unity.XR.CoreUtils.dll
[630/879    0s] CopyFiles Library/ScriptAssemblies/Unity.PerformanceTesting.dll
[631/879    0s] CopyFiles Library/ScriptAssemblies/Unity.RenderPipelines.Universal.Shaders.dll
[632/879    0s] CopyFiles Library/ScriptAssemblies/UnityEngine.UI.dll
[633/879    0s] CopyFiles Library/ScriptAssemblies/UnityEngine.XR.LegacyInputHelpers.dll
[634/879    0s] CopyFiles Library/ScriptAssemblies/UnityEngine.SpatialTracking.dll
[635/879    0s] CopyFiles Library/ScriptAssemblies/Unity.XR.Management.dll
[636/879    0s] CopyFiles Library/ScriptAssemblies/Unity.InternalAPIEngineBridge.004.dll
[637/879    0s] CopyFiles Library/ScriptAssemblies/Unity.Mathematics.Editor.dll
[638/879    0s] CopyFiles Library/ScriptAssemblies/Unity.Mathematics.dll
[639/879    0s] CopyFiles Library/ScriptAssemblies/Unity.Mathematics.Editor.pdb
[640/879    0s] CopyFiles Library/ScriptAssemblies/Unity.Rendering.LightTransport.Editor.pdb
[641/879    0s] CopyFiles Library/ScriptAssemblies/Unity.Rendering.LightTransport.Editor.dll
[642/879    0s] CopyFiles Library/ScriptAssemblies/Unity.PerformanceTesting.pdb
[643/879    0s] CopyFiles Library/ScriptAssemblies/Unity.XR.CoreUtils.pdb
[644/879    0s] CopyFiles Library/ScriptAssemblies/UnityEngine.UI.pdb
[645/879    0s] CopyFiles Library/ScriptAssemblies/Unity.ShaderGraph.Utilities.pdb
[646/879    0s] CopyFiles Library/ScriptAssemblies/Unity.PerformanceTesting.Editor.pdb
[647/879    0s] CopyFiles Library/ScriptAssemblies/Unity.ShaderGraph.Utilities.dll
[648/879    0s] CopyFiles Library/ScriptAssemblies/Unity.PerformanceTesting.Editor.dll
[649/879    0s] CopyFiles Library/ScriptAssemblies/UnityEditor.UI.Analytics.dll
[650/879    0s] CopyFiles Library/ScriptAssemblies/UnityEditor.UI.Analytics.pdb
[651/879    0s] CopyFiles Library/ScriptAssemblies/Unity.RenderPipelines.Universal.Shaders.pdb
[652/879    0s] CopyFiles Library/ScriptAssemblies/UnityEngine.XR.LegacyInputHelpers.pdb
[653/879    0s] CopyFiles Library/ScriptAssemblies/UnityEngine.SpatialTracking.pdb
[654/879    0s] CopyFiles Library/ScriptAssemblies/Unity.InputSystem.DocCodeSamples.pdb
[655/879    0s] CopyFiles Library/ScriptAssemblies/Unity.XR.Management.pdb
[656/879    0s] CopyFiles Library/ScriptAssemblies/Unity.XR.CoreUtils.Editor.dll
[657/879    0s] CopyFiles Library/ScriptAssemblies/Unity.InputSystem.DocCodeSamples.dll
[658/879    0s] CopyFiles Library/ScriptAssemblies/Unity.InternalAPIEngineBridge.004.pdb
[659/879    0s] CopyFiles Library/ScriptAssemblies/Unity.XR.CoreUtils.Editor.pdb
[660/879    0s] CopyFiles Library/ScriptAssemblies/Unity.Mathematics.pdb
[661/879    0s] CopyFiles Library/ScriptAssemblies/Unity.InputSystem.pdb
[662/879    0s] CopyFiles Library/ScriptAssemblies/Unity.InputSystem.dll
[663/879    0s] CopyFiles Library/ScriptAssemblies/Unity.UnifiedRayTracing.Runtime.pdb
[664/879    0s] CopyFiles Library/ScriptAssemblies/Unity.UnifiedRayTracing.Runtime.dll
[665/879    0s] CopyFiles Library/ScriptAssemblies/Unity.Burst.Editor.pdb
[666/879    0s] CopyFiles Library/ScriptAssemblies/Unity.Burst.Editor.dll
[667/879    0s] Csc Library/Bee/artifacts/1900b0aE.dag/Unity.RenderPipelines.Core.Runtime.Shared.dll (+2 others)
[668/879    0s] CopyFiles Library/ScriptAssemblies/Unity.Collections.pdb
[669/879    0s] CopyFiles Library/ScriptAssemblies/Unity.Collections.dll
[670/879    1s] ILPostProcess Library/Bee/artifacts/1900b0aE.dag/post-processed/Unity.RenderPipelines.ShaderGraph.ShaderGraphLibrary.dll (+pdb)
Processing assembly Library/Bee/artifacts/1900b0aE.dag/Unity.RenderPipelines.ShaderGraph.ShaderGraphLibrary.dll, with 139 defines and 264 references

processors: Unity.Jobs.CodeGen.JobsILPostProcessor, zzzUnity.Burst.CodeGen.BurstILPostProcessor

running Unity.Jobs.CodeGen.JobsILPostProcessor

running zzzUnity.Burst.CodeGen.BurstILPostProcessor
[671/879    0s] MovedFromExtractor-Combine Library/Bee/artifacts/1900b0aE.dag/Unity.RenderPipeline.Universal.ShaderLibrary.dll.mvfrm
[672/879    0s] CopyFiles Library/ScriptAssemblies/Unity.RenderPipelines.ShaderGraph.ShaderGraphLibrary.dll
[673/879    0s] CopyFiles Library/ScriptAssemblies/Unity.RenderPipelines.ShaderGraph.ShaderGraphLibrary.pdb
[674/879    0s] MovedFromExtractor-Combine Library/Bee/artifacts/1900b0aE.dag/Unity.RenderPipelines.Universal.Config.Runtime.dll.mvfrm
[675/879    0s] MovedFromExtractor-Combine Library/Bee/artifacts/1900b0aE.dag/Unity.TextMeshPro.Editor.dll.mvfrm
[676/879    0s] CopyFiles Library/ScriptAssemblies/Unity.RenderPipelines.Core.ShaderLibrary.pdb
[677/879    0s] CopyFiles Library/ScriptAssemblies/Unity.RenderPipelines.Core.ShaderLibrary.dll
[678/879    0s] CopyFiles Library/ScriptAssemblies/Unity.XR.Management.Editor.pdb
[679/879    0s] CopyFiles Library/ScriptAssemblies/Unity.XR.Management.Editor.dll
[680/879    0s] CopyFiles Library/ScriptAssemblies/Unity.TextMeshPro.pdb
[681/879    0s] CopyFiles Library/ScriptAssemblies/Unity.TextMeshPro.dll
[682/879    0s] CopyFiles Library/ScriptAssemblies/Unity.InputSystem.TestFramework.pdb
[683/879    0s] CopyFiles Library/ScriptAssemblies/Unity.InputSystem.TestFramework.dll
[           0s] Csc Library/Bee/artifacts/1900b0aE.dag/Unity.RenderPipelines.Core.Runtime.Shared.dll (+2 others) [CacheWrite 00000000000000000000000000000005]
[685/879    0s] MovedFromExtractor-Combine Library/Bee/artifacts/1900b0aE.dag/Unity.RenderPipelines.Core.Editor.dll.mvfrm
[686/879    0s] Csc Library/Bee/artifacts/1900b0aE.dag/Unity.RenderPipeline.Universal.ShaderLibrary.dll (+2 others)
[687/879    1s] ILPostProcess Library/Bee/artifacts/1900b0aE.dag/post-processed/Unity.Burst.dll (+pdb)
Processing assembly Library/Bee/artifacts/1900b0aE.dag/Unity.Burst.dll, with 139 defines and 260 references

processors: Unity.Jobs.CodeGen.JobsILPostProcessor, zzzUnity.Burst.CodeGen.BurstILPostProcessor

running Unity.Jobs.CodeGen.JobsILPostProcessor

running zzzUnity.Burst.CodeGen.BurstILPostProcessor
[688/879    0s] ILPostProcess Library/Bee/artifacts/1900b0aE.dag/post-processed/UnityEditor.SpatialTracking.dll (+pdb)
Processing assembly Library/Bee/artifacts/1900b0aE.dag/UnityEditor.SpatialTracking.dll, with 138 defines and 274 references

processors: Unity.Jobs.CodeGen.JobsILPostProcessor, zzzUnity.Burst.CodeGen.BurstILPostProcessor

running Unity.Jobs.CodeGen.JobsILPostProcessor

running zzzUnity.Burst.CodeGen.BurstILPostProcessor
[689/879    1s] ILPostProcess Library/Bee/artifacts/1900b0aE.dag/post-processed/Unity.InputSystem.ForUI.dll (+pdb)
Processing assembly Library/Bee/artifacts/1900b0aE.dag/Unity.InputSystem.ForUI.dll, with 139 defines and 265 references

processors: Unity.Jobs.CodeGen.JobsILPostProcessor, zzzUnity.Burst.CodeGen.BurstILPostProcessor

running Unity.Jobs.CodeGen.JobsILPostProcessor

running zzzUnity.Burst.CodeGen.BurstILPostProcessor
[690/879    0s] CopyFiles Library/ScriptAssemblies/Unity.Burst.pdb
[691/879    0s] CopyFiles Library/ScriptAssemblies/Unity.Burst.dll
[692/879    0s] ILPostProcess Library/Bee/artifacts/1900b0aE.dag/post-processed/Unity.InputSystem.ForUI.Editor.dll (+pdb)
Processing assembly Library/Bee/artifacts/1900b0aE.dag/Unity.InputSystem.ForUI.Editor.dll, with 137 defines and 275 references

processors: Unity.Jobs.CodeGen.JobsILPostProcessor, zzzUnity.Burst.CodeGen.BurstILPostProcessor

running Unity.Jobs.CodeGen.JobsILPostProcessor

running zzzUnity.Burst.CodeGen.BurstILPostProcessor
[693/879    0s] CopyFiles Library/ScriptAssemblies/Unity.InputSystem.ForUI.dll
[694/879    0s] CopyFiles Library/ScriptAssemblies/Unity.InputSystem.ForUI.pdb
[695/879    0s] CopyFiles Library/ScriptAssemblies/UnityEditor.SpatialTracking.dll
[696/879    0s] CopyFiles Library/ScriptAssemblies/UnityEditor.SpatialTracking.pdb
[697/879    0s] CopyFiles Library/ScriptAssemblies/Unity.InputSystem.ForUI.Editor.dll
[698/879    0s] CopyFiles Library/ScriptAssemblies/Unity.InputSystem.ForUI.Editor.pdb
[699/879    0s] ILPostProcess Library/Bee/artifacts/1900b0aE.dag/post-processed/Unity.Searcher.Editor.dll (+pdb)
Processing assembly Library/Bee/artifacts/1900b0aE.dag/Unity.Searcher.Editor.dll, with 137 defines and 273 references

processors: Unity.Jobs.CodeGen.JobsILPostProcessor, zzzUnity.Burst.CodeGen.BurstILPostProcessor

running Unity.Jobs.CodeGen.JobsILPostProcessor

running zzzUnity.Burst.CodeGen.BurstILPostProcessor
[700/879    0s] ILPostProcess Library/Bee/artifacts/1900b0aE.dag/post-processed/Unity.Collections.Editor.dll (+pdb)
Processing assembly Library/Bee/artifacts/1900b0aE.dag/Unity.Collections.Editor.dll, with 138 defines and 274 references

processors: Unity.Jobs.CodeGen.JobsILPostProcessor, zzzUnity.Burst.CodeGen.BurstILPostProcessor

running Unity.Jobs.CodeGen.JobsILPostProcessor

running zzzUnity.Burst.CodeGen.BurstILPostProcessor
[701/879    0s] ILPostProcess Library/Bee/artifacts/1900b0aE.dag/post-processed/Unity.XR.Interaction.Toolkit.Analytics.Editor.dll (+pdb)
Processing assembly Library/Bee/artifacts/1900b0aE.dag/Unity.XR.Interaction.Toolkit.Analytics.Editor.dll, with 137 defines and 274 references

processors: Unity.Jobs.CodeGen.JobsILPostProcessor, zzzUnity.Burst.CodeGen.BurstILPostProcessor

running Unity.Jobs.CodeGen.JobsILPostProcessor

running zzzUnity.Burst.CodeGen.BurstILPostProcessor
[702/879    0s] ILPostProcess Library/Bee/artifacts/1900b0aE.dag/post-processed/UnityEditor.UI.dll (+pdb)
Processing assembly Library/Bee/artifacts/1900b0aE.dag/UnityEditor.UI.dll, with 140 defines and 272 references

processors: Unity.Jobs.CodeGen.JobsILPostProcessor, zzzUnity.Burst.CodeGen.BurstILPostProcessor

running Unity.Jobs.CodeGen.JobsILPostProcessor

running zzzUnity.Burst.CodeGen.BurstILPostProcessor
[703/879    0s] CopyFiles Library/ScriptAssemblies/Unity.Searcher.Editor.pdb
[704/879    0s] CopyFiles Library/ScriptAssemblies/Unity.Searcher.Editor.dll
[705/879    0s] CopyFiles Library/ScriptAssemblies/Unity.XR.Interaction.Toolkit.Analytics.Editor.dll
[706/879    0s] CopyFiles Library/ScriptAssemblies/Unity.XR.Interaction.Toolkit.Analytics.Editor.pdb
[707/879    0s] CopyFiles Library/ScriptAssemblies/Unity.Collections.Editor.dll
[708/879    0s] CopyFiles Library/ScriptAssemblies/Unity.Collections.Editor.pdb
[709/879    0s] CopyFiles Library/ScriptAssemblies/UnityEditor.UI.dll
[710/879    0s] CopyFiles Library/ScriptAssemblies/UnityEditor.UI.pdb
[711/879    0s] ILPostProcess Library/Bee/artifacts/1900b0aE.dag/post-processed/Unity.RenderPipelines.GPUDriven.Runtime.dll (+pdb)
Processing assembly Library/Bee/artifacts/1900b0aE.dag/Unity.RenderPipelines.GPUDriven.Runtime.dll, with 139 defines and 268 references

processors: Unity.Jobs.CodeGen.JobsILPostProcessor, zzzUnity.Burst.CodeGen.BurstILPostProcessor

running Unity.Jobs.CodeGen.JobsILPostProcessor

running zzzUnity.Burst.CodeGen.BurstILPostProcessor
[712/879    0s] CopyFiles Library/ScriptAssemblies/Unity.RenderPipelines.GPUDriven.Runtime.pdb
[713/879    0s] CopyFiles Library/ScriptAssemblies/Unity.RenderPipelines.GPUDriven.Runtime.dll
[           0s] Csc Library/Bee/artifacts/1900b0aE.dag/Unity.RenderPipeline.Universal.ShaderLibrary.dll (+2 others) [CacheWrite 00000000000000000000000000000005]
[715/879    0s] ILPostProcess Library/Bee/artifacts/1900b0aE.dag/post-processed/Unity.RenderPipelines.Core.Runtime.Shared.dll (+pdb)
Processing assembly Library/Bee/artifacts/1900b0aE.dag/Unity.RenderPipelines.Core.Runtime.Shared.dll, with 139 defines and 265 references

processors: Unity.Jobs.CodeGen.JobsILPostProcessor, zzzUnity.Burst.CodeGen.BurstILPostProcessor

running Unity.Jobs.CodeGen.JobsILPostProcessor

running zzzUnity.Burst.CodeGen.BurstILPostProcessor
[716/879    0s] CopyFiles Library/ScriptAssemblies/Unity.RenderPipelines.Core.Runtime.Shared.dll
[717/879    0s] CopyFiles Library/ScriptAssemblies/Unity.RenderPipelines.Core.Runtime.Shared.pdb
[718/879    0s] ILPostProcess Library/Bee/artifacts/1900b0aE.dag/post-processed/Unity.RenderPipeline.Universal.ShaderLibrary.dll (+pdb)
Processing assembly Library/Bee/artifacts/1900b0aE.dag/Unity.RenderPipeline.Universal.ShaderLibrary.dll, with 139 defines and 265 references

processors: Unity.Jobs.CodeGen.JobsILPostProcessor, zzzUnity.Burst.CodeGen.BurstILPostProcessor

running Unity.Jobs.CodeGen.JobsILPostProcessor

running zzzUnity.Burst.CodeGen.BurstILPostProcessor
[719/879    0s] CopyFiles Library/ScriptAssemblies/Unity.RenderPipeline.Universal.ShaderLibrary.pdb
[720/879    0s] CopyFiles Library/ScriptAssemblies/Unity.RenderPipeline.Universal.ShaderLibrary.dll
[721/879    0s] ILPostProcess Library/Bee/artifacts/1900b0aE.dag/post-processed/Unity.RenderPipelines.Core.Runtime.dll (+pdb)
Processing assembly Library/Bee/artifacts/1900b0aE.dag/Unity.RenderPipelines.Core.Runtime.dll, with 142 defines and 268 references

processors: Unity.Jobs.CodeGen.JobsILPostProcessor, zzzUnity.Burst.CodeGen.BurstILPostProcessor

running Unity.Jobs.CodeGen.JobsILPostProcessor

running zzzUnity.Burst.CodeGen.BurstILPostProcessor
[722/879    0s] CopyFiles Library/ScriptAssemblies/Unity.RenderPipelines.Core.Runtime.pdb
[723/879    0s] CopyFiles Library/ScriptAssemblies/Unity.RenderPipelines.Core.Runtime.dll
[724/879    0s] Csc Library/Bee/artifacts/1900b0aE.dag/Unity.RenderPipelines.Universal.Config.Runtime.dll (+2 others)
[725/879    0s] Csc Library/Bee/artifacts/1900b0aE.dag/Unity.TextMeshPro.Editor.dll (+2 others)
[           0s] Csc Library/Bee/artifacts/1900b0aE.dag/Unity.RenderPipelines.Universal.Config.Runtime.dll (+2 others) [CacheWrite 00000000000000000000000000000005]
[           0s] Csc Library/Bee/artifacts/1900b0aE.dag/Unity.TextMeshPro.Editor.dll (+2 others) [CacheWrite 00000000000000000000000000000005]
[728/879    0s] ILPostProcess Library/Bee/artifacts/1900b0aE.dag/post-processed/Unity.RenderPipelines.Universal.Config.Runtime.dll (+pdb)
Processing assembly Library/Bee/artifacts/1900b0aE.dag/Unity.RenderPipelines.Universal.Config.Runtime.dll, with 139 defines and 265 references

processors: Unity.Jobs.CodeGen.JobsILPostProcessor, zzzUnity.Burst.CodeGen.BurstILPostProcessor

running Unity.Jobs.CodeGen.JobsILPostProcessor

running zzzUnity.Burst.CodeGen.BurstILPostProcessor
[729/879    0s] ILPostProcess Library/Bee/artifacts/1900b0aE.dag/post-processed/Unity.TextMeshPro.Editor.dll (+pdb)
Processing assembly Library/Bee/artifacts/1900b0aE.dag/Unity.TextMeshPro.Editor.dll, with 137 defines and 275 references

processors: Unity.Jobs.CodeGen.JobsILPostProcessor, zzzUnity.Burst.CodeGen.BurstILPostProcessor

running Unity.Jobs.CodeGen.JobsILPostProcessor

running zzzUnity.Burst.CodeGen.BurstILPostProcessor
[730/879    0s] MovedFromExtractor-Combine Library/Bee/artifacts/1900b0aE.dag/Unity.RenderPipelines.Universal.Runtime.dll.mvfrm
[731/879    0s] CopyFiles Library/ScriptAssemblies/Unity.RenderPipelines.Universal.Config.Runtime.pdb
[732/879    0s] CopyFiles Library/ScriptAssemblies/Unity.RenderPipelines.Universal.Config.Runtime.dll
[733/879    0s] CopyFiles Library/ScriptAssemblies/Unity.TextMeshPro.Editor.pdb
[734/879    0s] CopyFiles Library/ScriptAssemblies/Unity.TextMeshPro.Editor.dll
[735/879    0s] Csc Library/Bee/artifacts/1900b0aE.dag/Unity.RenderPipelines.Core.Editor.dll (+2 others)
[           0s] Csc Library/Bee/artifacts/1900b0aE.dag/Unity.RenderPipelines.Core.Editor.dll (+2 others) [CacheWrite 00000000000000000000000000000005]
[738/879    0s] MovedFromExtractor-Combine Library/Bee/artifacts/1900b0aE.dag/Unity.ShaderGraph.Editor.dll.mvfrm
[739/879    0s] Csc Library/Bee/artifacts/1900b0aE.dag/Unity.RenderPipelines.Core.Editor.Shared.dll (+2 others)
[           0s] Csc Library/Bee/artifacts/1900b0aE.dag/Unity.RenderPipelines.Core.Editor.Shared.dll (+2 others) [CacheWrite 00000000000000000000000000000005]
[740/879    0s] ILPostProcess Library/Bee/artifacts/1900b0aE.dag/post-processed/Unity.RenderPipelines.Core.Editor.dll (+pdb)
Processing assembly Library/Bee/artifacts/1900b0aE.dag/Unity.RenderPipelines.Core.Editor.dll, with 138 defines and 279 references

processors: Unity.Jobs.CodeGen.JobsILPostProcessor, zzzUnity.Burst.CodeGen.BurstILPostProcessor

running Unity.Jobs.CodeGen.JobsILPostProcessor

running zzzUnity.Burst.CodeGen.BurstILPostProcessor
[742/879    0s] CopyFiles Library/ScriptAssemblies/Unity.RenderPipelines.Core.Editor.pdb
[743/879    0s] CopyFiles Library/ScriptAssemblies/Unity.RenderPipelines.Core.Editor.dll
[744/879    0s] ILPostProcess Library/Bee/artifacts/1900b0aE.dag/post-processed/Unity.RenderPipelines.Core.Editor.Shared.dll (+pdb)
Processing assembly Library/Bee/artifacts/1900b0aE.dag/Unity.RenderPipelines.Core.Editor.Shared.dll, with 137 defines and 274 references

processors: Unity.Jobs.CodeGen.JobsILPostProcessor, zzzUnity.Burst.CodeGen.BurstILPostProcessor

running Unity.Jobs.CodeGen.JobsILPostProcessor

running zzzUnity.Burst.CodeGen.BurstILPostProcessor
[745/879    0s] Csc Library/Bee/artifacts/1900b0aE.dag/Unity.RenderPipelines.Universal.Runtime.dll (+2 others)
[746/879    0s] CopyFiles Library/ScriptAssemblies/Unity.RenderPipelines.Core.Editor.Shared.dll
[747/879    0s] CopyFiles Library/ScriptAssemblies/Unity.RenderPipelines.Core.Editor.Shared.pdb
[           0s] Csc Library/Bee/artifacts/1900b0aE.dag/Unity.RenderPipelines.Universal.Runtime.dll (+2 others) [CacheWrite 00000000000000000000000000000005]
[749/879    0s] MovedFromExtractor-Combine Library/Bee/artifacts/1900b0aE.dag/Unity.RenderPipelines.Universal.2D.Runtime.dll.mvfrm
[750/879    0s] MovedFromExtractor-Combine Library/Bee/artifacts/1900b0aE.dag/UnityEditor.XR.LegacyInputHelpers.dll.mvfrm
[751/879    0s] MovedFromExtractor-Combine Library/Bee/artifacts/1900b0aE.dag/Unity.XR.OpenXR.dll.mvfrm
[752/879    0s] ILPostProcess Library/Bee/artifacts/1900b0aE.dag/post-processed/Unity.RenderPipelines.Universal.Runtime.dll (+pdb)
Processing assembly Library/Bee/artifacts/1900b0aE.dag/Unity.RenderPipelines.Universal.Runtime.dll, with 146 defines and 272 references

processors: Unity.Jobs.CodeGen.JobsILPostProcessor, zzzUnity.Burst.CodeGen.BurstILPostProcessor

running Unity.Jobs.CodeGen.JobsILPostProcessor

running zzzUnity.Burst.CodeGen.BurstILPostProcessor
[753/879    0s] CopyFiles Library/ScriptAssemblies/Unity.RenderPipelines.Universal.Runtime.pdb
[754/879    0s] CopyFiles Library/ScriptAssemblies/Unity.RenderPipelines.Universal.Runtime.dll
[755/879    0s] Csc Library/Bee/artifacts/1900b0aE.dag/UnityEditor.XR.LegacyInputHelpers.dll (+2 others)
[           0s] Csc Library/Bee/artifacts/1900b0aE.dag/UnityEditor.XR.LegacyInputHelpers.dll (+2 others) [CacheWrite 00000000000000000000000000000005]
[757/879    0s] ILPostProcess Library/Bee/artifacts/1900b0aE.dag/post-processed/UnityEditor.XR.LegacyInputHelpers.dll (+pdb)
Processing assembly Library/Bee/artifacts/1900b0aE.dag/UnityEditor.XR.LegacyInputHelpers.dll, with 141 defines and 277 references

processors: Unity.Jobs.CodeGen.JobsILPostProcessor, zzzUnity.Burst.CodeGen.BurstILPostProcessor

running Unity.Jobs.CodeGen.JobsILPostProcessor

running zzzUnity.Burst.CodeGen.BurstILPostProcessor
[758/879    0s] CopyFiles Library/ScriptAssemblies/UnityEditor.XR.LegacyInputHelpers.dll
[759/879    0s] CopyFiles Library/ScriptAssemblies/UnityEditor.XR.LegacyInputHelpers.pdb
[760/879    0s] Csc Library/Bee/artifacts/1900b0aE.dag/Unity.XR.OpenXR.dll (+2 others)
[761/879    0s] Csc Library/Bee/artifacts/1900b0aE.dag/Unity.RenderPipelines.Universal.2D.Runtime.dll (+2 others)
[           0s] Csc Library/Bee/artifacts/1900b0aE.dag/Unity.XR.OpenXR.dll (+2 others) [CacheWrite 00000000000000000000000000000005]
[           0s] Csc Library/Bee/artifacts/1900b0aE.dag/Unity.RenderPipelines.Universal.2D.Runtime.dll (+2 others) [CacheWrite 00000000000000000000000000000005]
[763/879    1s] Csc Library/Bee/artifacts/1900b0aE.dag/Unity.ShaderGraph.Editor.dll (+2 others)
[764/879    0s] ILPostProcess Library/Bee/artifacts/1900b0aE.dag/post-processed/Unity.XR.OpenXR.dll (+pdb)
Processing assembly Library/Bee/artifacts/1900b0aE.dag/Unity.XR.OpenXR.dll, with 145 defines and 268 references

processors: Unity.Jobs.CodeGen.JobsILPostProcessor, zzzUnity.Burst.CodeGen.BurstILPostProcessor

running Unity.Jobs.CodeGen.JobsILPostProcessor

running zzzUnity.Burst.CodeGen.BurstILPostProcessor
[765/879    0s] MovedFromExtractor Library/Bee/artifacts/mvdfrm/Unity.XR.OpenXR.ref.dll_18763C29B6421920.mvfrm
[766/879    0s] CopyFiles Library/ScriptAssemblies/Unity.XR.OpenXR.pdb
[767/879    0s] CopyFiles Library/ScriptAssemblies/Unity.XR.OpenXR.dll
[           0s] Csc Library/Bee/artifacts/1900b0aE.dag/Unity.ShaderGraph.Editor.dll (+2 others) [CacheWrite 00000000000000000000000000000005]
[769/879    0s] ILPostProcess Library/Bee/artifacts/1900b0aE.dag/post-processed/Unity.RenderPipelines.Universal.2D.Runtime.dll (+pdb)
Processing assembly Library/Bee/artifacts/1900b0aE.dag/Unity.RenderPipelines.Universal.2D.Runtime.dll, with 142 defines and 269 references

processors: Unity.Jobs.CodeGen.JobsILPostProcessor, zzzUnity.Burst.CodeGen.BurstILPostProcessor

running Unity.Jobs.CodeGen.JobsILPostProcessor

running zzzUnity.Burst.CodeGen.BurstILPostProcessor
[770/879    0s] CopyFiles Library/ScriptAssemblies/Unity.RenderPipelines.Universal.2D.Runtime.dll
[771/879    0s] CopyFiles Library/ScriptAssemblies/Unity.RenderPipelines.Universal.2D.Runtime.pdb
[772/879    0s] MovedFromExtractor-Combine Library/Bee/artifacts/1900b0aE.dag/Unity.XR.OpenXR.Editor.dll.mvfrm
[773/879    0s] MovedFromExtractor-Combine Library/Bee/artifacts/1900b0aE.dag/Unity.XR.Interaction.Toolkit.dll.mvfrm
[774/879    0s] MovedFromExtractor-Combine Library/Bee/artifacts/1900b0aE.dag/Unity.XR.OpenXR.Features.MetaQuestSupport.dll.mvfrm
[775/879    0s] MovedFromExtractor-Combine Library/Bee/artifacts/1900b0aE.dag/Unity.XR.OpenXR.Features.ConformanceAutomation.dll.mvfrm
[776/879    0s] ILPostProcess Library/Bee/artifacts/1900b0aE.dag/post-processed/Unity.ShaderGraph.Editor.dll (+pdb)
Processing assembly Library/Bee/artifacts/1900b0aE.dag/Unity.ShaderGraph.Editor.dll, with 137 defines and 277 references

processors: Unity.Jobs.CodeGen.JobsILPostProcessor, zzzUnity.Burst.CodeGen.BurstILPostProcessor

running Unity.Jobs.CodeGen.JobsILPostProcessor

running zzzUnity.Burst.CodeGen.BurstILPostProcessor
[777/879    0s] MovedFromExtractor-Combine Library/Bee/artifacts/1900b0aE.dag/Unity.RenderPipelines.Universal.2D.Editor.Overrides.dll.mvfrm
[778/879    0s] MovedFromExtractor-Combine Library/Bee/artifacts/1900b0aE.dag/Unity.RenderPipelines.Universal.Editor.dll.mvfrm
[779/879    0s] CopyFiles Library/ScriptAssemblies/Unity.ShaderGraph.Editor.pdb
[780/879    0s] CopyFiles Library/ScriptAssemblies/Unity.ShaderGraph.Editor.dll
[781/879    0s] Csc Library/Bee/artifacts/1900b0aE.dag/Unity.XR.OpenXR.Features.MetaQuestSupport.dll (+2 others)
[782/879    0s] Csc Library/Bee/artifacts/1900b0aE.dag/Unity.XR.OpenXR.Features.ConformanceAutomation.dll (+2 others)
[783/879    0s] Csc Library/Bee/artifacts/1900b0aE.dag/Unity.RenderPipelines.Universal.2D.Editor.Overrides.dll (+2 others)
[784/879    0s] Csc Library/Bee/artifacts/1900b0aE.dag/Unity.XR.OpenXR.Editor.dll (+2 others)
[           0s] Csc Library/Bee/artifacts/1900b0aE.dag/Unity.XR.OpenXR.Features.MetaQuestSupport.dll (+2 others) [CacheWrite 00000000000000000000000000000005]
[           0s] Csc Library/Bee/artifacts/1900b0aE.dag/Unity.XR.OpenXR.Features.ConformanceAutomation.dll (+2 others) [CacheWrite 00000000000000000000000000000005]
[           0s] Csc Library/Bee/artifacts/1900b0aE.dag/Unity.RenderPipelines.Universal.2D.Editor.Overrides.dll (+2 others) [CacheWrite 00000000000000000000000000000005]
[           0s] Csc Library/Bee/artifacts/1900b0aE.dag/Unity.XR.OpenXR.Editor.dll (+2 others) [CacheWrite 00000000000000000000000000000005]
[789/879    0s] ILPostProcess Library/Bee/artifacts/1900b0aE.dag/post-processed/Unity.XR.OpenXR.Features.ConformanceAutomation.dll (+pdb)
Processing assembly Library/Bee/artifacts/1900b0aE.dag/Unity.XR.OpenXR.Features.ConformanceAutomation.dll, with 139 defines and 265 references

processors: Unity.Jobs.CodeGen.JobsILPostProcessor, zzzUnity.Burst.CodeGen.BurstILPostProcessor

running Unity.Jobs.CodeGen.JobsILPostProcessor

running zzzUnity.Burst.CodeGen.BurstILPostProcessor
[790/879    0s] ILPostProcess Library/Bee/artifacts/1900b0aE.dag/post-processed/Unity.XR.OpenXR.Editor.dll (+pdb)
Processing assembly Library/Bee/artifacts/1900b0aE.dag/Unity.XR.OpenXR.Editor.dll, with 139 defines and 273 references

processors: Unity.Jobs.CodeGen.JobsILPostProcessor, zzzUnity.Burst.CodeGen.BurstILPostProcessor

running Unity.Jobs.CodeGen.JobsILPostProcessor

running zzzUnity.Burst.CodeGen.BurstILPostProcessor
[791/879    0s] MovedFromExtractor-Combine Library/Bee/artifacts/1900b0aE.dag/Unity.XR.OpenXR.Features.MockRuntime.dll.mvfrm
[792/879    0s] MovedFromExtractor-Combine Library/Bee/artifacts/1900b0aE.dag/Unity.XR.OpenXR.Features.RuntimeDebugger.dll.mvfrm
[793/879    0s] MovedFromExtractor-Combine Library/Bee/artifacts/1900b0aE.dag/Unity.XR.OpenXR.Features.MetaQuestSupport.Editor.dll.mvfrm
[794/879    0s] MovedFromExtractor-Combine Library/Bee/artifacts/1900b0aE.dag/Unity.XR.OpenXR.Features.OculusQuestSupport.dll.mvfrm
[795/879    0s] CopyFiles Library/ScriptAssemblies/Unity.XR.OpenXR.Features.ConformanceAutomation.pdb
[796/879    0s] CopyFiles Library/ScriptAssemblies/Unity.XR.OpenXR.Features.ConformanceAutomation.dll
[797/879    0s] CopyFiles Library/ScriptAssemblies/Unity.XR.OpenXR.Editor.pdb
[798/879    0s] CopyFiles Library/ScriptAssemblies/Unity.XR.OpenXR.Editor.dll
[799/879    0s] ILPostProcess Library/Bee/artifacts/1900b0aE.dag/post-processed/Unity.XR.OpenXR.Features.MetaQuestSupport.dll (+pdb)
Processing assembly Library/Bee/artifacts/1900b0aE.dag/Unity.XR.OpenXR.Features.MetaQuestSupport.dll, with 140 defines and 266 references

processors: Unity.Jobs.CodeGen.JobsILPostProcessor, zzzUnity.Burst.CodeGen.BurstILPostProcessor

running Unity.Jobs.CodeGen.JobsILPostProcessor

running zzzUnity.Burst.CodeGen.BurstILPostProcessor
[800/879    0s] ILPostProcess Library/Bee/artifacts/1900b0aE.dag/post-processed/Unity.RenderPipelines.Universal.2D.Editor.Overrides.dll (+pdb)
Processing assembly Library/Bee/artifacts/1900b0aE.dag/Unity.RenderPipelines.Universal.2D.Editor.Overrides.dll, with 139 defines and 285 references

processors: Unity.Jobs.CodeGen.JobsILPostProcessor, zzzUnity.Burst.CodeGen.BurstILPostProcessor

running Unity.Jobs.CodeGen.JobsILPostProcessor

running zzzUnity.Burst.CodeGen.BurstILPostProcessor
[801/879    0s] CopyFiles Library/ScriptAssemblies/Unity.XR.OpenXR.Features.MetaQuestSupport.pdb
[802/879    0s] CopyFiles Library/ScriptAssemblies/Unity.XR.OpenXR.Features.MetaQuestSupport.dll
[803/879    0s] CopyFiles Library/ScriptAssemblies/Unity.RenderPipelines.Universal.2D.Editor.Overrides.dll
[804/879    0s] CopyFiles Library/ScriptAssemblies/Unity.RenderPipelines.Universal.2D.Editor.Overrides.pdb
[805/879    0s] Csc Library/Bee/artifacts/1900b0aE.dag/Unity.RenderPipelines.Universal.Editor.dll (+2 others)
[           0s] Csc Library/Bee/artifacts/1900b0aE.dag/Unity.RenderPipelines.Universal.Editor.dll (+2 others) [CacheWrite 00000000000000000000000000000005]
[807/879    0s] Csc Library/Bee/artifacts/1900b0aE.dag/Unity.XR.OpenXR.Features.RuntimeDebugger.dll (+2 others)
[808/879    0s] Csc Library/Bee/artifacts/1900b0aE.dag/Unity.XR.OpenXR.Features.MockRuntime.dll (+2 others)
[809/879    0s] Csc Library/Bee/artifacts/1900b0aE.dag/Unity.XR.OpenXR.Features.MetaQuestSupport.Editor.dll (+2 others)
[810/879    0s] Csc Library/Bee/artifacts/1900b0aE.dag/Unity.XR.OpenXR.Features.OculusQuestSupport.dll (+2 others)
[           0s] Csc Library/Bee/artifacts/1900b0aE.dag/Unity.XR.OpenXR.Features.RuntimeDebugger.dll (+2 others) [CacheWrite 00000000000000000000000000000005]
[           0s] Csc Library/Bee/artifacts/1900b0aE.dag/Unity.XR.OpenXR.Features.MockRuntime.dll (+2 others) [CacheWrite 00000000000000000000000000000005]
[           0s] Csc Library/Bee/artifacts/1900b0aE.dag/Unity.XR.OpenXR.Features.MetaQuestSupport.Editor.dll (+2 others) [CacheWrite 00000000000000000000000000000005]
[813/879    0s] ILPostProcess Library/Bee/artifacts/1900b0aE.dag/post-processed/Unity.RenderPipelines.Universal.Editor.dll (+pdb)
Processing assembly Library/Bee/artifacts/1900b0aE.dag/Unity.RenderPipelines.Universal.Editor.dll, with 140 defines and 285 references

processors: Unity.Jobs.CodeGen.JobsILPostProcessor, zzzUnity.Burst.CodeGen.BurstILPostProcessor

running Unity.Jobs.CodeGen.JobsILPostProcessor

running zzzUnity.Burst.CodeGen.BurstILPostProcessor
[           0s] Csc Library/Bee/artifacts/1900b0aE.dag/Unity.XR.OpenXR.Features.OculusQuestSupport.dll (+2 others) [CacheWrite 00000000000000000000000000000005]
[816/879    0s] CopyFiles Library/ScriptAssemblies/Unity.RenderPipelines.Universal.Editor.pdb
[817/879    0s] CopyFiles Library/ScriptAssemblies/Unity.RenderPipelines.Universal.Editor.dll
[818/879    0s] Csc Library/Bee/artifacts/1900b0aE.dag/Unity.XR.Interaction.Toolkit.dll (+2 others)
[819/879    0s] MovedFromExtractor-Combine Library/Bee/artifacts/1900b0aE.dag/PPv2URPConverters.dll.mvfrm
[820/879    0s] MovedFromExtractor-Combine Library/Bee/artifacts/1900b0aE.dag/Unity.XR.OpenXR.TestTooling.dll.mvfrm
[821/879    0s] ILPostProcess Library/Bee/artifacts/1900b0aE.dag/post-processed/Unity.XR.OpenXR.Features.RuntimeDebugger.dll (+pdb)
Processing assembly Library/Bee/artifacts/1900b0aE.dag/Unity.XR.OpenXR.Features.RuntimeDebugger.dll, with 139 defines and 261 references

processors: Unity.Jobs.CodeGen.JobsILPostProcessor, zzzUnity.Burst.CodeGen.BurstILPostProcessor

running Unity.Jobs.CodeGen.JobsILPostProcessor

running zzzUnity.Burst.CodeGen.BurstILPostProcessor
[822/879    0s] MovedFromExtractor-Combine Library/Bee/artifacts/1900b0aE.dag/Unity.XR.OpenXR.Features.RuntimeDebugger.Editor.dll.mvfrm
[823/879    0s] ILPostProcess Library/Bee/artifacts/1900b0aE.dag/post-processed/Unity.XR.OpenXR.Features.MetaQuestSupport.Editor.dll (+pdb)
Processing assembly Library/Bee/artifacts/1900b0aE.dag/Unity.XR.OpenXR.Features.MetaQuestSupport.Editor.dll, with 138 defines and 277 references

processors: Unity.Jobs.CodeGen.JobsILPostProcessor, zzzUnity.Burst.CodeGen.BurstILPostProcessor

running Unity.Jobs.CodeGen.JobsILPostProcessor

running zzzUnity.Burst.CodeGen.BurstILPostProcessor
[824/879    0s] CopyFiles Library/ScriptAssemblies/Unity.XR.OpenXR.Features.RuntimeDebugger.dll
[825/879    0s] CopyFiles Library/ScriptAssemblies/Unity.XR.OpenXR.Features.RuntimeDebugger.pdb
[826/879    0s] CopyFiles Library/ScriptAssemblies/Unity.XR.OpenXR.Features.MetaQuestSupport.Editor.dll
[827/879    0s] CopyFiles Library/ScriptAssemblies/Unity.XR.OpenXR.Features.MetaQuestSupport.Editor.pdb
[           0s] Csc Library/Bee/artifacts/1900b0aE.dag/Unity.XR.Interaction.Toolkit.dll (+2 others) [CacheWrite 00000000000000000000000000000005]
[828/879    0s] ILPostProcess Library/Bee/artifacts/1900b0aE.dag/post-processed/Unity.XR.OpenXR.Features.MockRuntime.dll (+pdb)
Processing assembly Library/Bee/artifacts/1900b0aE.dag/Unity.XR.OpenXR.Features.MockRuntime.dll, with 139 defines and 262 references

processors: Unity.Jobs.CodeGen.JobsILPostProcessor, zzzUnity.Burst.CodeGen.BurstILPostProcessor

running Unity.Jobs.CodeGen.JobsILPostProcessor

running zzzUnity.Burst.CodeGen.BurstILPostProcessor
[829/879    0s] ILPostProcess Library/Bee/artifacts/1900b0aE.dag/post-processed/Unity.XR.OpenXR.Features.OculusQuestSupport.dll (+pdb)
Processing assembly Library/Bee/artifacts/1900b0aE.dag/Unity.XR.OpenXR.Features.OculusQuestSupport.dll, with 139 defines and 266 references

processors: Unity.Jobs.CodeGen.JobsILPostProcessor, zzzUnity.Burst.CodeGen.BurstILPostProcessor

running Unity.Jobs.CodeGen.JobsILPostProcessor

running zzzUnity.Burst.CodeGen.BurstILPostProcessor
[830/879    0s] MovedFromExtractor-Combine Library/Bee/artifacts/1900b0aE.dag/Unity.XR.OpenXR.Features.OculusQuestSupport.Editor.dll.mvfrm
[831/879    0s] CopyFiles Library/ScriptAssemblies/Unity.XR.OpenXR.Features.MockRuntime.pdb
[832/879    0s] CopyFiles Library/ScriptAssemblies/Unity.XR.OpenXR.Features.MockRuntime.dll
[833/879    0s] CopyFiles Library/ScriptAssemblies/Unity.XR.OpenXR.Features.OculusQuestSupport.pdb
[834/879    0s] CopyFiles Library/ScriptAssemblies/Unity.XR.OpenXR.Features.OculusQuestSupport.dll
[835/879    0s] MovedFromExtractor Library/Bee/artifacts/mvdfrm/Unity.XR.Interaction.Toolkit.ref.dll_96C656129EF9A05C.mvfrm
[836/879    0s] MovedFromExtractor-Combine Library/Bee/artifacts/1900b0aE.dag/Unity.XR.Interaction.Toolkit.Editor.dll.mvfrm
[837/879    0s] MovedFromExtractor-Combine Library/Bee/artifacts/1900b0aE.dag/Unity.XR.Interaction.Toolkit.CodeSamples.Tests.dll.mvfrm
[838/879    0s] Csc Library/Bee/artifacts/1900b0aE.dag/PPv2URPConverters.dll (+2 others)
[839/879    0s] Csc Library/Bee/artifacts/1900b0aE.dag/Unity.XR.OpenXR.Features.RuntimeDebugger.Editor.dll (+2 others)
[840/879    0s] Csc Library/Bee/artifacts/1900b0aE.dag/Unity.XR.OpenXR.TestTooling.dll (+2 others)
[841/879    0s] ILPostProcess Library/Bee/artifacts/1900b0aE.dag/post-processed/Unity.XR.Interaction.Toolkit.dll (+pdb)
Processing assembly Library/Bee/artifacts/1900b0aE.dag/Unity.XR.Interaction.Toolkit.dll, with 152 defines and 274 references

processors: Unity.Jobs.CodeGen.JobsILPostProcessor, zzzUnity.Burst.CodeGen.BurstILPostProcessor

running Unity.Jobs.CodeGen.JobsILPostProcessor

running zzzUnity.Burst.CodeGen.BurstILPostProcessor
[842/879    0s] Csc Library/Bee/artifacts/1900b0aE.dag/Unity.XR.OpenXR.Features.OculusQuestSupport.Editor.dll (+2 others)
[           0s] Csc Library/Bee/artifacts/1900b0aE.dag/PPv2URPConverters.dll (+2 others) [CacheWrite 00000000000000000000000000000005]
[           0s] Csc Library/Bee/artifacts/1900b0aE.dag/Unity.XR.OpenXR.Features.RuntimeDebugger.Editor.dll (+2 others) [CacheWrite 00000000000000000000000000000005]
[843/879    0s] CopyFiles Library/ScriptAssemblies/Unity.XR.Interaction.Toolkit.pdb
[           0s] Csc Library/Bee/artifacts/1900b0aE.dag/Unity.XR.OpenXR.TestTooling.dll (+2 others) [CacheWrite 00000000000000000000000000000005]
[844/879    0s] CopyFiles Library/ScriptAssemblies/Unity.XR.Interaction.Toolkit.dll
[           0s] Csc Library/Bee/artifacts/1900b0aE.dag/Unity.XR.OpenXR.Features.OculusQuestSupport.Editor.dll (+2 others) [CacheWrite 00000000000000000000000000000005]
[847/879    0s] ILPostProcess Library/Bee/artifacts/1900b0aE.dag/post-processed/PPv2URPConverters.dll (+pdb)
Processing assembly Library/Bee/artifacts/1900b0aE.dag/PPv2URPConverters.dll, with 137 defines and 277 references

processors: Unity.Jobs.CodeGen.JobsILPostProcessor, zzzUnity.Burst.CodeGen.BurstILPostProcessor

running Unity.Jobs.CodeGen.JobsILPostProcessor

running zzzUnity.Burst.CodeGen.BurstILPostProcessor
[848/879    0s] Csc Library/Bee/artifacts/1900b0aE.dag/Unity.XR.Interaction.Toolkit.CodeSamples.Tests.dll (+2 others)
[849/879    0s] ILPostProcess Library/Bee/artifacts/1900b0aE.dag/post-processed/Unity.XR.OpenXR.TestTooling.dll (+pdb)
Processing assembly Library/Bee/artifacts/1900b0aE.dag/Unity.XR.OpenXR.TestTooling.dll, with 139 defines and 264 references

processors: Unity.Jobs.CodeGen.JobsILPostProcessor, zzzUnity.Burst.CodeGen.BurstILPostProcessor

running Unity.Jobs.CodeGen.JobsILPostProcessor

running zzzUnity.Burst.CodeGen.BurstILPostProcessor
[850/879    0s] ILPostProcess Library/Bee/artifacts/1900b0aE.dag/post-processed/Unity.XR.OpenXR.Features.RuntimeDebugger.Editor.dll (+pdb)
Processing assembly Library/Bee/artifacts/1900b0aE.dag/Unity.XR.OpenXR.Features.RuntimeDebugger.Editor.dll, with 137 defines and 276 references

processors: Unity.Jobs.CodeGen.JobsILPostProcessor, zzzUnity.Burst.CodeGen.BurstILPostProcessor

running Unity.Jobs.CodeGen.JobsILPostProcessor

running zzzUnity.Burst.CodeGen.BurstILPostProcessor
[851/879    0s] ILPostProcess Library/Bee/artifacts/1900b0aE.dag/post-processed/Unity.XR.OpenXR.Features.OculusQuestSupport.Editor.dll (+pdb)
Processing assembly Library/Bee/artifacts/1900b0aE.dag/Unity.XR.OpenXR.Features.OculusQuestSupport.Editor.dll, with 137 defines and 276 references

processors: Unity.Jobs.CodeGen.JobsILPostProcessor, zzzUnity.Burst.CodeGen.BurstILPostProcessor

running Unity.Jobs.CodeGen.JobsILPostProcessor

running zzzUnity.Burst.CodeGen.BurstILPostProcessor
[852/879    0s] CopyFiles Library/ScriptAssemblies/PPv2URPConverters.pdb
[853/879    0s] CopyFiles Library/ScriptAssemblies/PPv2URPConverters.dll
[           0s] Csc Library/Bee/artifacts/1900b0aE.dag/Unity.XR.Interaction.Toolkit.CodeSamples.Tests.dll (+2 others) [CacheWrite 00000000000000000000000000000005]
[854/879    0s] CopyFiles Library/ScriptAssemblies/Unity.XR.OpenXR.Features.OculusQuestSupport.Editor.dll
[855/879    0s] CopyFiles Library/ScriptAssemblies/Unity.XR.OpenXR.Features.OculusQuestSupport.Editor.pdb
[856/879    0s] CopyFiles Library/ScriptAssemblies/Unity.XR.OpenXR.Features.RuntimeDebugger.Editor.dll
[857/879    0s] CopyFiles Library/ScriptAssemblies/Unity.XR.OpenXR.Features.RuntimeDebugger.Editor.pdb
[858/879    0s] CopyFiles Library/ScriptAssemblies/Unity.XR.OpenXR.TestTooling.pdb
[859/879    0s] CopyFiles Library/ScriptAssemblies/Unity.XR.OpenXR.TestTooling.dll
[860/879    0s] ILPostProcess Library/Bee/artifacts/1900b0aE.dag/post-processed/Unity.XR.Interaction.Toolkit.CodeSamples.Tests.dll (+pdb)
Processing assembly Library/Bee/artifacts/1900b0aE.dag/Unity.XR.Interaction.Toolkit.CodeSamples.Tests.dll, with 137 defines and 269 references

processors: Unity.Jobs.CodeGen.JobsILPostProcessor, zzzUnity.Burst.CodeGen.BurstILPostProcessor

running Unity.Jobs.CodeGen.JobsILPostProcessor

running zzzUnity.Burst.CodeGen.BurstILPostProcessor
[861/879    0s] Csc Library/Bee/artifacts/1900b0aE.dag/Unity.XR.Interaction.Toolkit.Editor.dll (+2 others)
[862/879    0s] CopyFiles Library/ScriptAssemblies/Unity.XR.Interaction.Toolkit.CodeSamples.Tests.pdb
[863/879    0s] CopyFiles Library/ScriptAssemblies/Unity.XR.Interaction.Toolkit.CodeSamples.Tests.dll
[           0s] Csc Library/Bee/artifacts/1900b0aE.dag/Unity.XR.Interaction.Toolkit.Editor.dll (+2 others) [CacheWrite 00000000000000000000000000000005]
[865/879    0s] MovedFromExtractor-Combine Library/Bee/artifacts/1900b0aE.dag/Unity.XR.Interaction.Toolkit.Analytics.Hooks.Editor.dll.mvfrm
[866/879    0s] ILPostProcess Library/Bee/artifacts/1900b0aE.dag/post-processed/Unity.XR.Interaction.Toolkit.Editor.dll (+pdb)
Processing assembly Library/Bee/artifacts/1900b0aE.dag/Unity.XR.Interaction.Toolkit.Editor.dll, with 139 defines and 278 references

processors: Unity.Jobs.CodeGen.JobsILPostProcessor, zzzUnity.Burst.CodeGen.BurstILPostProcessor

running Unity.Jobs.CodeGen.JobsILPostProcessor

running zzzUnity.Burst.CodeGen.BurstILPostProcessor
[867/879    0s] CopyFiles Library/ScriptAssemblies/Unity.XR.Interaction.Toolkit.Editor.dll
[868/879    0s] CopyFiles Library/ScriptAssemblies/Unity.XR.Interaction.Toolkit.Editor.pdb
[869/879    0s] Csc Library/Bee/artifacts/1900b0aE.dag/Unity.XR.Interaction.Toolkit.Analytics.Hooks.Editor.dll (+2 others)
[           0s] Csc Library/Bee/artifacts/1900b0aE.dag/Unity.XR.Interaction.Toolkit.Analytics.Hooks.Editor.dll (+2 others) [CacheWrite 00000000000000000000000000000005]
[871/879    0s] ILPostProcess Library/Bee/artifacts/1900b0aE.dag/post-processed/Unity.XR.Interaction.Toolkit.Analytics.Hooks.Editor.dll (+pdb)
Processing assembly Library/Bee/artifacts/1900b0aE.dag/Unity.XR.Interaction.Toolkit.Analytics.Hooks.Editor.dll, with 140 defines and 281 references

processors: Unity.Jobs.CodeGen.JobsILPostProcessor, zzzUnity.Burst.CodeGen.BurstILPostProcessor

running Unity.Jobs.CodeGen.JobsILPostProcessor

running zzzUnity.Burst.CodeGen.BurstILPostProcessor
[872/879    0s] MovedFromExtractor-Combine Library/Bee/artifacts/1900b0aE.dag/Assembly-CSharp-Editor.dll.mvfrm
[873/879    0s] CopyFiles Library/ScriptAssemblies/Unity.XR.Interaction.Toolkit.Analytics.Hooks.Editor.pdb
[874/879    0s] CopyFiles Library/ScriptAssemblies/Unity.XR.Interaction.Toolkit.Analytics.Hooks.Editor.dll
[875/879    0s] Csc Library/Bee/artifacts/1900b0aE.dag/Assembly-CSharp-Editor.dll (+2 others)
[876/879    0s] ILPostProcess Library/Bee/artifacts/1900b0aE.dag/post-processed/Assembly-CSharp-Editor.dll (+pdb)
Processing assembly Library/Bee/artifacts/1900b0aE.dag/Assembly-CSharp-Editor.dll, with 137 defines and 325 references

processors: Unity.Jobs.CodeGen.JobsILPostProcessor, zzzUnity.Burst.CodeGen.BurstILPostProcessor

running Unity.Jobs.CodeGen.JobsILPostProcessor

running zzzUnity.Burst.CodeGen.BurstILPostProcessor
[877/879    0s] CopyFiles Library/ScriptAssemblies/Assembly-CSharp-Editor.dll
[878/879    0s] CopyFiles Library/ScriptAssemblies/Assembly-CSharp-Editor.pdb
*** Tundra build success (11.54 seconds), 443 items updated, 879 evaluated
AssetDatabase: script compilation time: 12.797281s
Begin MonoManager ReloadAssembly
- Loaded All Assemblies, in  0.582 seconds
Refreshing native plugins compatible for Editor in 2.63 ms, found 6 plugins.
Native extension for WindowsStandalone target not found
ScheduleIndexationOnStartup MainProcess:True IndexOnStartup:True
Mono: successfully reloaded assembly
- Finished resetting the current domain, in  2.270 seconds
Domain Reload Profiling: 2849ms
	BeginReloadAssembly (267ms)
		ExecutionOrderSort (0ms)
		DisableScriptedObjects (19ms)
		BackupInstance (0ms)
		ReleaseScriptingObjects (0ms)
		CreateAndSetChildDomain (141ms)
	RebuildCommonClasses (29ms)
	RebuildNativeTypeToScriptingClass (10ms)
	initialDomainReloadingComplete (21ms)
	LoadAllAssembliesAndSetupDomain (252ms)
		LoadAssemblies (206ms)
		RebuildTransferFunctionScriptingTraits (0ms)
		AnalyzeDomain (117ms)
			TypeCache.Refresh (75ms)
				TypeCache.ScanAssembly (68ms)
			BuildScriptInfoCaches (32ms)
			ResolveRequiredComponents (8ms)
	FinalizeReload (2270ms)
		ReleaseScriptCaches (0ms)
		RebuildScriptCaches (0ms)
		SetupLoadedEditorAssemblies (1998ms)
			LogAssemblyErrors (0ms)
			InitializePlatformSupportModulesInManaged (18ms)
			SetLoadedEditorAssemblies (4ms)
			BeforeProcessingInitializeOnLoad (115ms)
			ProcessInitializeOnLoadAttributes (1579ms)
			ProcessInitializeOnLoadMethodAttributes (277ms)
			AfterProcessingInitializeOnLoad (4ms)
			EditorAssembliesLoaded (0ms)
		ExecutionOrderSort2 (0ms)
		AwakeInstancesAfterBackupRestoration (32ms)
Start importing Assets/XR/Settings/OpenXR Package Settings.asset using Guid(2269e0d3307f61742a4f8c45d914c72a) (NativeFormatImporter) -> (artifact id: '884c1a24e0b42c0538e3cbb5161e9a65') in 0.0140718 seconds
Start importing Packages/com.unity.render-pipelines.core/Tests/Editor/UnifiedRayTracing/TraceRays.urtshader using Guid(1142bbad8b9e8c44c83a9775ff120d37) (ScriptedImporter)Launched and connected shader compiler UnityShaderCompiler.exe after 0.02 seconds
 -> (artifact id: 'a7ff7b1f41b7c7da355dd0d6bcc790ab') in 0.0500366 seconds
Start importing Packages/com.unity.render-pipelines.universal/Runtime/RendererFeatures/SurfaceCacheGI/SurfaceCacheCore/RisEstimation.urtshader using Guid(713f6141bd66a134383b787f2eaa7c11) (ScriptedImporter) -> (artifact id: '9bd57a9d0b058bfe834111af63997d96') in 0.0104114 seconds
Start importing Packages/com.unity.render-pipelines.core/Editor/Lighting/ProbeVolume/RenderingLayerMask/TraceRenderingLayerMask.urtshader using Guid(94a070d33e408384bafc1dea4a565df9) (ScriptedImporter) -> (artifact id: '450ae046edc8b86f35cc13a9587d0c7d') in 0.0200391 seconds
Start importing Packages/com.unity.render-pipelines.universal/Runtime/RendererFeatures/SurfaceCacheGI/SurfaceCacheCore/UniformEstimation.urtshader using Guid(94a39d12848d8d64ca962a72b74e7c50) (ScriptedImporter) -> (artifact id: '29cb0a251911df07c480477cfdf949d5') in 0.0072828 seconds
Start importing Packages/com.unity.render-pipelines.core/Tests/Editor/UnifiedRayTracing/TraceTransparentRays.urtshader using Guid(6513c3b892e933c4f8d00c19d5c47532) (ScriptedImporter) -> (artifact id: '1062478b9e0f540b8e08b20f3e12b324') in 0.005075 seconds
Start importing Packages/com.unity.render-pipelines.core/Editor/Lighting/ProbeVolume/DynamicGI/DynamicGISkyOcclusion.urtshader using Guid(5a2a534753fbdb44e96c3c78b5a6999d) (ScriptedImporter) -> (artifact id: '8c1b2d04ed6d529bdc3a1bbe464a484b') in 0.0074354 seconds
Start importing Packages/com.unity.render-pipelines.core/Tests/Editor/UnifiedRayTracing/TraceRaysAndFetchAttributes.urtshader using Guid(fbc59f55df2416344b008dc23753cae2) (ScriptedImporter) -> (artifact id: '79debbdd994f95af3f660ee17cb8d057') in 0.0054481 seconds
Start importing Packages/com.unity.render-pipelines.universal/Runtime/RendererFeatures/SurfaceCacheGI/SurfaceCacheCore/RestirCandidateTemporal.urtshader using Guid(ad3a9f9982f8c4f4a839a78955e78458) (ScriptedImporter) -> (artifact id: 'a4b69a1b0066b6a93520f2ed096845cd') in 0.0069397 seconds
Start importing Packages/com.unity.render-pipelines.core/Editor/Lighting/ProbeVolume/VirtualOffset/TraceVirtualOffset.urtshader using Guid(ff2cbab5da58bf04d82c5f34037ed123) (ScriptedImporter) -> (artifact id: 'ecb6152cb6cb289878e45ca802ea50df') in 0.0094923 seconds
Refreshing native plugins compatible for Editor in 3.09 ms, found 6 plugins.
Preloading 0 native plugins for Editor in 0.00 ms.
Asset Pipeline Refresh (id=72db6b623d93a1e4993f243b79fe65f5): Total: 16.407 seconds - Initiated by InitialRefreshV2(ForceSynchronousImport)
	Summary:
		Imports: total=10 (actual=10, local cache=0, cache server=0)
		Asset DB Process Time: managed=3 ms, native=2707 ms
		Asset DB Callback time: managed=187 ms, native=99 ms
		Scripting: domain reloads=1, domain reload time=582 ms, compile time=12799 ms, other=28 ms
		Project Asset Count: scripts=1143, non-scripts=1740
		Asset File Changes: new=0, changed=1, moved=0, deleted=0
		Scan Filter Count: 0
	InvokeCustomDependenciesCallbacks: 0.001ms
	InvokePackagesCallback: 15.118ms
	ApplyChangesToAssetFolders: 0.447ms
	Scan: 99.112ms
	OnSourceAssetsModified: 0.616ms
	CategorizeAssetsWithTransientArtifact: 17.652ms
	ProcessAssetsWithTransientArtifactChanges: 42.529ms
	CategorizeAssets: 36.625ms
	ImportOutOfDateAssets: 2424.145ms (-10520.189ms without children)
		ImportManagerImport: 142.306ms (3.344ms without children)
			ImportInProcess: 138.572ms
			UpdateCategorizedAssets: 0.390ms
		CompileScripts: 12798.688ms
		ReloadNativeAssets: 0.023ms
		UnloadImportedAssets: 1.139ms
		ReloadImportedAssets: 1.185ms
		EnsureUptoDateAssetsAreRegisteredWithGuidPM: 0.400ms
		InitializingProgressBar: 0.007ms
		PostProcessAllAssetNotificationsAddChangedAssets: 0.001ms
		OnDemandSchedulerStart: 0.585ms
	PostProcessAllAssets: 267.892ms
	Hotreload: 4.236ms
	GatherAllCurrentPrimaryArtifactRevisions: 0.003ms
	UnloadStreamsBegin: 0.932ms
	PersistCurrentRevisions: 0.205ms
	UnloadStreamsEnd: 0.002ms
	GenerateScriptTypeHashes: 2.388ms
	Untracked: 13497.916ms

Application.AssetDatabase Initial Refresh End
Scanning for USB devices : 2.450ms
Initializing Unity extensions:
[MODES] ModeService[none].Initialize
[MODES] ModeService[none].LoadModes
[MODES] Loading mode Default (0) for mode-current-id-Anatomy XR Hospital
Unloading 63 Unused Serialized files (Serialized files now loaded: 0)
Unloading 4766 unused Assets / (10.6 MB). Loaded Objects now: 5537.
Memory consumption went from 195.3 MB to 184.7 MB.
Total: 10.269700 ms (FindLiveObjects: 0.300700 ms CreateObjectMapping: 0.176800 ms MarkObjects: 5.457900 ms  DeleteObjects: 4.333500 ms)

Asset Pipeline Refresh (id=159db1a379623734d9e1530f9b670109): Total: 0.033 seconds - Initiated by RefreshV2(NoUpdateAssetOptions)
Start importing Assets/XR/Settings/OpenXR Package Settings.asset using Guid(2269e0d3307f61742a4f8c45d914c72a) (NativeFormatImporter) -> (artifact id: '884c1a24e0b42c0538e3cbb5161e9a65') in 0.0017917 seconds
Start importing Assets/Hospital/Settings/XRGeneralSettingsPerBuildTarget.asset using Guid(d54efd4665ab34742b750f386ac16965) (NativeFormatImporter) -> (artifact id: 'cb50dd9f6cda316764be3734467d8013') in 0.001662 seconds
Refreshing native plugins compatible for Editor in 2.88 ms, found 6 plugins.
Preloading 0 native plugins for Editor in 0.00 ms.
Asset Pipeline Refresh (id=1e35e2f73d914dd4abec08eb26f2bb3a): Total: 0.022 seconds - Initiated by StopAssetImportingV2(NoUpdateAssetOptions)
STAGE05_WINDOWS_OPENXR=CONFIGURED openxr_loader=True; only_loader=True; quest2_profile=True; quest3_profile=True; single_pass_instanced=True; init_on_start=True
UnityEngine.Debug:ExtractStackTraceNoAlloc (byte*,int,string)
UnityEngine.StackTraceUtility:ExtractStackTrace ()
UnityEngine.DebugLogHandler:Internal_Log (UnityEngine.LogType,UnityEngine.LogOption,string,UnityEngine.Object)
UnityEngine.DebugLogHandler:LogFormat (UnityEngine.LogType,UnityEngine.Object,string,object[])
UnityEngine.Logger:Log (UnityEngine.LogType,object)
UnityEngine.Debug:Log (object)
CutMyBodyPlease.Hospital.Stage05.Editor.HospitalStage05XRSetup:Configure () (at Assets/Hospital/Editor/HospitalStage05XRSetup.cs:63)
CutMyBodyPlease.Hospital.Stage05.Editor.HospitalStage05R41Builder:BuildAndValidateR41 () (at Assets/Hospital/Editor/HospitalStage05R41Builder.cs:74)

(Filename: Assets/Hospital/Editor/HospitalStage05XRSetup.cs Line: 63)

Asset Pipeline Refresh (id=982c38908f4cf0649a4c0d658a7028f6): Total: 0.035 seconds - Initiated by RefreshV2(NoUpdateAssetOptions)
Start importing ProjectSettings/ProjectSettings.asset using Guid(00000000000000004000000000000000) (LibraryAssetImporter) -> (artifact id: '23a66668730609685d79987ab719c906') in 0.0031172 seconds
Start importing ProjectSettings/GraphicsSettings.asset using Guid(00000000000000006100000000000000) (LibraryAssetImporter) -> (artifact id: '9224ae4bdf25320a6774e2da3417b8bc') in 0.0088686 seconds
Start importing Assets/Hospital/Settings/Hospital_PCVR_Renderer.asset using Guid(f85eacc74777b03459a612985df23860) (NativeFormatImporter) -> (artifact id: 'ca2615a0c82a6a2c6a34ff669d946a06') in 0.0014252 seconds
Start importing Assets/Hospital/Settings/Hospital_PCVR_URP.asset using Guid(09fbd1b998cd4d2418d6b2ea8189e940) (NativeFormatImporter) -> (artifact id: '6c93cb978c181317d3a944ba46c1d6fe') in 0.0011707 seconds
Refreshing native plugins compatible for Editor in 2.50 ms, found 6 plugins.
Preloading 0 native plugins for Editor in 0.00 ms.
Asset Pipeline Refresh (id=52d5a798cdbd34b4383386c019343e47): Total: 0.031 seconds - Initiated by StopAssetImportingV2(NoUpdateAssetOptions)
Start importing Assets/Hospital/Materials/MAT_S03E_InteriorWall_WarmWhite.mat using Guid(000c452005418c84f89195398934c2ac) (NativeFormatImporter) -> (artifact id: 'b7be9807feb0d78657e149594ffe1a4d') in 0.0021178 seconds
Start importing Assets/Hospital/Materials/MAT_Entrance_PolishedArrivalStone.mat using Guid(3165a9a48f74c024fab97974108bb69a) (NativeFormatImporter) -> (artifact id: 'a9f3f4f42883ecd30b94e3b85f167721') in 0.0021251 seconds
Start importing Assets/Hospital/Materials/MAT_Composite_WarmOffWhite.mat using Guid(81af0662b33f0ec48ad8a354fdb14560) (NativeFormatImporter) -> (artifact id: '5a6ed1fe46712001d194375315d48c39') in 0.0017749 seconds
Start importing Assets/Hospital/Materials/MAT_S03E_FurnitureSilhouette.mat using Guid(d1b63c295f434c44f9b627a5fa9983a4) (NativeFormatImporter) -> (artifact id: 'ffb95b3f8aa47a7e2529b21446a1ee63') in 0.0018413 seconds
Start importing Assets/Hospital/Materials/MAT_LED_Warm_3200K.mat using Guid(822dc5fbd0f97bd49982758f8675c77d) (NativeFormatImporter) -> (artifact id: '70a82f33c51e176d130ce86fd7ed3f30') in 0.001973 seconds
Start importing Assets/Hospital/Materials/MAT_Entrance_RefinedBronze.mat using Guid(331c48feccda88647b66f03f508333ef) (NativeFormatImporter) -> (artifact id: '48f5d22eb1b823fb2aa6f885cb3929fc') in 0.0017952 seconds
Start importing Assets/Hospital/Materials/MAT_Entrance_DeepGreenFoliage.mat using Guid(438ecf2f66fbeb94b8ea583a771401f2) (NativeFormatImporter) -> (artifact id: '0393cb76deba7ee6b2b428588b875fe0') in 0.0019038 seconds
Start importing Assets/Hospital/Materials/MAT_CornerBalcony_UltraClearGuard.mat using Guid(83539c5aea37112409432afb340f8810) (NativeFormatImporter) -> (artifact id: 'a85cc447ee99560cb46bb01fee137bc3') in 0.0020523 seconds
Start importing Assets/Hospital/Materials/MAT_Entrance_HighClarityGlass.mat using Guid(b47c30317a8483a45a888256012efb95) (NativeFormatImporter) -> (artifact id: '605824f677bb9f0a409a306b48a23ea7') in 0.001511 seconds
Start importing Assets/Hospital/Materials/MAT_S03E_PrivacyShade.mat using Guid(c503c9e93cdbf954cbc758650bd6030d) (NativeFormatImporter) -> (artifact id: '2678696a98bf198dafa0faecce2276a2') in 0.0017108 seconds
Start importing Assets/Hospital/Materials/MAT_Architectural_ShadowGap.mat using Guid(065782ae8ca97d64497d51628550788c) (NativeFormatImporter) -> (artifact id: 'b8b4f73505acbb4c61e48ac969e57123') in 0.0015045 seconds
Start importing Assets/Hospital/Materials/MAT_S03E_Ceiling_SoftWhite.mat using Guid(36ff0ec412e491a4a8774f6b414510a5) (NativeFormatImporter) -> (artifact id: '4ce20241c02cde25865dbfdbfbf2a366') in 0.0015407 seconds
Start importing Assets/Hospital/Materials/MAT_Interior_WarmDaylightSurface.mat using Guid(1728498b8f46f7e4a80ff2baba0eb6a4) (NativeFormatImporter) -> (artifact id: 'c0ef6e1fc2d742dee55e25fcea60e62b') in 0.0018897 seconds
Start importing Assets/Hospital/Materials/MAT_Composite_LightGrey.mat using Guid(67714f9bf3fb02945a40b6571a64c58b) (NativeFormatImporter) -> (artifact id: '85cc317a50966f0189cbd8f4e1c959c6') in 0.0017343 seconds
Start importing Assets/Hospital/Materials/MAT_Entrance_HonedTravertine.mat using Guid(77fd61d79836ea44c829f69720fe877f) (NativeFormatImporter) -> (artifact id: 'a2034552e9ab23955e5fd56777fa324c') in 0.0016498 seconds
Start importing Assets/Hospital/Materials/MAT_Lobby_HonedTerrazzo.mat using Guid(48af3a80caeadc44c933f22365562b50) (NativeFormatImporter) -> (artifact id: 'a3000c413e876adc06474065642eb51c') in 0.0013896 seconds
Start importing Assets/Hospital/Materials/MAT_Neutral_Concrete.mat using Guid(58e1e105d87e8e34a92122bcb4200db1) (NativeFormatImporter) -> (artifact id: 'b05a0ba3bef6bea963b19cf75903fef3') in 0.0018823 seconds
Start importing Assets/Hospital/Materials/MAT_CornerBalcony_BlueGreyRoomGlass.mat using Guid(3a6a01099d12cf648888298db67e5a89) (NativeFormatImporter) -> (artifact id: '09f88d1e982f8e19db401131aaca1aa4') in 0.001777 seconds
Start importing Assets/Hospital/Materials/MAT_Glass_BlueGrey.mat using Guid(da28c897c8f23f64aa90bc4d63f6e00f) (NativeFormatImporter) -> (artifact id: '31bcd05b163db7313fb8357c09403168') in 0.0015872 seconds
Start importing Assets/Hospital/Materials/MAT_S03E_WarmTimber.mat using Guid(4b9b6ac8bc4f05141b6e38b24e580b2e) (NativeFormatImporter) -> (artifact id: '4c85082ba2efcc078136d95996026872') in 0.0014363 seconds
Start importing Assets/Hospital/Materials/MAT_S03E_Floor_HonedTerrazzo.mat using Guid(9b8908fe7aa0b1f4d9515434b9395738) (NativeFormatImporter) -> (artifact id: '81ce23e4a26b01905f97b33fdf50a329') in 0.0015735 seconds
Start importing Assets/Hospital/Materials/MAT_Entrance_DoorGlass.mat using Guid(bbb182272c94c2444a6277950295135c) (NativeFormatImporter) -> (artifact id: '9c1ca9b0b226a6fc367ad293aa7f0446') in 0.0016486 seconds
Start importing Assets/Hospital/Materials/MAT_Canopy_RecessedSoffit.mat using Guid(db058a0f4fed39e43a6c3e985f9fb756) (NativeFormatImporter) -> (artifact id: 'd152f13077e4626fd2b2adf2fba5557d') in 0.0016015 seconds
Start importing Assets/Hospital/Materials/MAT_S03E_ServiceBackdrop.mat using Guid(6c7d3fc23cbaa644f909f3591b22ff71) (NativeFormatImporter) -> (artifact id: '464201982cded4f6375bb644e80d3ba2') in 0.0015214 seconds
Start importing Assets/Hospital/Materials/MAT_Lobby_WarmStone.mat using Guid(8c69794c8b2e6c64e971da5650ab24bd) (NativeFormatImporter) -> (artifact id: '05bda313ebce7cac540ed3734f50587e') in 0.0013484 seconds
Start importing Assets/Hospital/Materials/MAT_Aluminium_Charcoal.mat using Guid(4d6647e5dd7154546b4d8d04ae147e9c) (NativeFormatImporter) -> (artifact id: '3a2b8e0f873603763c8affb419ed6f50') in 0.0013107 seconds
Start importing Assets/Hospital/Materials/MAT_Lobby_WoodCharcoal.mat using Guid(8d6c7eaf110c1a04cbeb82ce0bbe352c) (NativeFormatImporter) -> (artifact id: '3bc5e5fa51a845dcaabce27808bb1470') in 0.0014208 seconds
Start importing Assets/Hospital/Materials/MAT_Portal_DarkBronze.mat using Guid(2fb91e1224506ce449b6c46cc2d75dfd) (NativeFormatImporter) -> (artifact id: 'db483589d21df0ca8ad6c6549be605ec') in 0.0012295 seconds
Start importing Assets/Hospital/Materials/MAT_Signage_WarmWhite_NonEmissive.mat using Guid(bf60d98d58578b0459f1c0e7b9bd07a4) (NativeFormatImporter) -> (artifact id: 'ceb9a94d76f5095769eb22d8b75bc1bf') in 0.0016804 seconds
Start importing Assets/Hospital/Materials/MAT_CornerBalcony_IntegratedDoorGlass.mat using Guid(ef7fc5a5a2e51a1458e91dd2db305749) (NativeFormatImporter) -> (artifact id: '52dcad2416b89aff710b99dcb859eb5d') in 0.0015748 seconds
Refreshing native plugins compatible for Editor in 2.79 ms, found 6 plugins.
Preloading 0 native plugins for Editor in 0.00 ms.
Asset Pipeline Refresh (id=fe654849e6e404e4e8be59d113267506): Total: 0.099 seconds - Initiated by StopAssetImportingV2(NoUpdateAssetOptions)
Asset Pipeline Refresh (id=76e3e07d180559b4ca090f76eb1ec308): Total: 0.009 seconds - Initiated by RefreshV2(ForceUpdate)
Start importing Assets/Hospital/SourceFBX/R40/Hospital_EXT_GlobalStructure.fbx using Guid(e4e2b74e35fcebf4c9053a4da90a392c) (FBXImporter) -> (artifact id: 'f23bf793c6bfbe599a631fe805728d48') in 0.0608695 seconds
Refreshing native plugins compatible for Editor in 5.78 ms, found 6 plugins.
Preloading 0 native plugins for Editor in 0.00 ms.
Asset Pipeline Refresh (id=8c2cebfc0f0bf02449f85294aee577df): Total: 0.080 seconds - Initiated by StopAssetImportingV2(NoUpdateAssetOptions)
Start importing Assets/Hospital/SourceFBX/R40/Hospital_EXT_GroundEntrance.fbx using Guid(422a12929c78f0b499cde29d7b1665af) (FBXImporter) -> (artifact id: '546b621eec0e4b182b2077b2c5cc5031') in 0.1446624 seconds
Refreshing native plugins compatible for Editor in 3.32 ms, found 6 plugins.
Preloading 0 native plugins for Editor in 0.00 ms.
Asset Pipeline Refresh (id=af06544fdad0177439a8593269ea926f): Total: 0.164 seconds - Initiated by StopAssetImportingV2(NoUpdateAssetOptions)
Start importing Assets/Hospital/SourceFBX/R40/Hospital_ACT_InteractiveDoors.fbx using Guid(a661af9d099edfe40b4796769626a043) (FBXImporter) -> (artifact id: '05910403ee0b036eb676f888e9e29896') in 0.0495517 seconds
Refreshing native plugins compatible for Editor in 2.65 ms, found 6 plugins.
Preloading 0 native plugins for Editor in 0.00 ms.
Asset Pipeline Refresh (id=c16951d9de03cd94c8579a2fc1095eb4): Total: 0.066 seconds - Initiated by StopAssetImportingV2(NoUpdateAssetOptions)
Asset Pipeline Refresh (id=b6da3058293eabc49a104d3c87040538): Total: 0.005 seconds - Initiated by StopAssetImportingV2(NoUpdateAssetOptions)
Asset Pipeline Refresh (id=011bcfc98e28fe04ab75a5d0f1916f79): Total: 0.006 seconds - Initiated by StopAssetImportingV2(NoUpdateAssetOptions)
Asset Pipeline Refresh (id=8bc34ca26393e9a4dad290f130b4df8b): Total: 0.007 seconds - Initiated by StopAssetImportingV2(NoUpdateAssetOptions)
Unloading 0 Unused Serialized files (Serialized files now loaded: 0)
Unloading 810 unused Assets / (363.9 KB). Loaded Objects now: 5537.
Memory consumption went from 209.9 MB to 209.6 MB.
Total: 6.245900 ms (FindLiveObjects: 0.234300 ms CreateObjectMapping: 0.100700 ms MarkObjects: 5.168000 ms  DeleteObjects: 0.741900 ms)

Start importing Assets/Hospital/Materials/MAT_Entrance_HighClarityGlass.mat using Guid(b47c30317a8483a45a888256012efb95) (NativeFormatImporter) -> (artifact id: '6be4fd0d31258358a4dc6c3a89578a86') in 0.0029411 seconds
Start importing Assets/Hospital/Materials/MAT_Glass_BlueGrey.mat using Guid(da28c897c8f23f64aa90bc4d63f6e00f) (NativeFormatImporter) -> (artifact id: 'd614d868c73239843bee6f95e8cd64e9') in 0.0027693 seconds
Start importing Assets/Hospital/Materials/MAT_Entrance_DoorGlass.mat using Guid(bbb182272c94c2444a6277950295135c) (NativeFormatImporter) -> (artifact id: 'a6cf3be85053c65f7f77ecb7b1f00528') in 0.0028546 seconds
Refreshing native plugins compatible for Editor in 3.37 ms, found 6 plugins.
Preloading 0 native plugins for Editor in 0.00 ms.
Asset Pipeline Refresh (id=4688f4809a53614448eaca808895336a): Total: 0.048 seconds - Initiated by StopAssetImportingV2(NoUpdateAssetOptions)
Start importing Assets/Hospital/Scenes/IntegrationSandbox/Hospital_R41_IntegrationSandbox.unity using Guid(55027c5f1274af948a66a439336eaf26) (DefaultImporter) -> (artifact id: 'ee7803c46c9756547e00bd0b7f2cbc44') in 0.0015378 seconds
Refreshing native plugins compatible for Editor in 3.06 ms, found 6 plugins.
Preloading 0 native plugins for Editor in 0.00 ms.
Asset Pipeline Refresh (id=630326e197a69934d991bd9796414dd2): Total: 0.037 seconds - Initiated by StopAssetImportingV2(NoUpdateAssetOptions)
Opening scene 'Assets/Hospital/Scenes/IntegrationSandbox/Hospital_R41_IntegrationSandbox.unity'
Unloading 29 Unused Serialized files (Serialized files now loaded: 0)
Loaded scene 'Assets/Hospital/Scenes/IntegrationSandbox/Hospital_R41_IntegrationSandbox.unity'
	Deserialize:            0.483 ms
	Integration:            958.662 ms
	Integration of assets:  0.002 ms
	Thread Wait Time:       0.016 ms
	Total Operation Time:   959.162 ms
Unloading 175 unused Assets / (3.8 MB). Loaded Objects now: 6605.
Memory consumption went from 227.7 MB to 224.0 MB.
Total: 6.851600 ms (FindLiveObjects: 0.403100 ms CreateObjectMapping: 0.160700 ms MarkObjects: 5.878600 ms  DeleteObjects: 0.407900 ms)

Start importing Assets/Hospital/Settings/Stage05_R41_UnityGate.json using Guid(9f01ba88832e0db4b8d9c5fde1b3ce23) (TextScriptImporter) -> (artifact id: '1c95e368bb720b82fd73c65628124bb1') in 0.0031723 seconds
Refreshing native plugins compatible for Editor in 2.95 ms, found 6 plugins.
Preloading 0 native plugins for Editor in 0.00 ms.
Asset Pipeline Refresh (id=0edf10b5eef948d4b8016ed624fd1b8f): Total: 0.097 seconds - Initiated by RefreshV2(NoUpdateAssetOptions)
STAGE05_R41_GATE=PASS
UnityEngine.Debug:ExtractStackTraceNoAlloc (byte*,int,string)
UnityEngine.StackTraceUtility:ExtractStackTrace ()
UnityEngine.DebugLogHandler:Internal_Log (UnityEngine.LogType,UnityEngine.LogOption,string,UnityEngine.Object)
UnityEngine.DebugLogHandler:LogFormat (UnityEngine.LogType,UnityEngine.Object,string,object[])
UnityEngine.Logger:Log (UnityEngine.LogType,object)
UnityEngine.Debug:Log (object)
CutMyBodyPlease.Hospital.Stage05.Editor.HospitalStage05R41Builder:BuildAndValidateR41 () (at Assets/Hospital/Editor/HospitalStage05R41Builder.cs:95)

(Filename: Assets/Hospital/Editor/HospitalStage05R41Builder.cs Line: 95)

Batchmode quit successfully invoked - shutting down!
[Physics::Module] Cleanup current backend.
[Physics::Module] Id: 0xf2b8ea05
Input System module state changed to: ShutdownInProgress.
Input System polling thread exited.
Input System module state changed to: Shutdown.
[Licensing::IpcConnector] LicenseClient-benli-6000.3.20-notifications channel disconnected successfully.
[Licensing::IpcConnector] LicenseClient-benli-6000.3.20 channel disconnected successfully.
AcceleratorClientConnectionCallback - disconnected - :0
Cleanup mono
Exiting batchmode successfully now!
Exiting without the bug reporter. Application will terminate with return code 0