[Licensing::Module] Trying to connect to existing licensing client channel...
Built from '6000.3/staging' branch; Version is '6000.3.20f1 (c9ba695d4f07) revision 13220457'; Using compiler version '194234433'; Build Type 'Release'
OS: 'Windows 11  (10.0.26200) CoreSingleLanguage' Language: 'en' Physical Memory: 32472 MB
[Licensing::IpcConnector] Successfully connected to: "LicenseClient-benli" at "2026-08-09T15:41:41.1974031Z"
BatchMode: 1, IsHumanControllingUs: 0, StartBugReporterOnCrash: 0, Is64bit: 1
System  architecture: x64
Process architecture: x64
Date: 2026-08-09T15:41:41Z

COMMAND LINE ARGUMENTS:
C:\Program Files\Unity\Hub\Editor\6000.3.20f1\Editor\Unity.exe
-batchmode
-nographics
-quit
-projectPath
C:\CutMyBodyPlease\Unity\AnatomyXR
-logFile
C:\CutMyBodyPlease\Reviews\HospitalExterior\Stage05_R41\Unity_6000.3.20f1_ResolvePackages.log
Successfully changed project path to: C:\CutMyBodyPlease\Unity\AnatomyXR
C:/CutMyBodyPlease/Unity/AnatomyXR
[UnityMemory] Configuration Parameters - Can be set up in boot.config
    "memorysetup-temp-allocator-size-nav-mesh-worker=65536"
    "memorysetup-temp-allocator-size-audio-worker=65536"
    "memorysetup-temp-allocator-size-gfx=262144"
    "memorysetup-allocator-temp-initial-block-size-main=262144"
    "memorysetup-allocator-temp-initial-block-size-worker=262144"
    "memorysetup-temp-allocator-size-background-worker=32768"
    "memorysetup-temp-allocator-size-job-worker=262144"
    "memorysetup-temp-allocator-size-preload-manager=33554432"
    "memorysetup-temp-allocator-size-gi-baking-worker=262144"
    "memorysetup-temp-allocator-size-gi-baking-worker=262144"
    "memorysetup-temp-allocator-size-gi-baking-worker=262144"
    "memorysetup-temp-allocator-size-gi-baking-worker=262144"
    "memorysetup-temp-allocator-size-gi-baking-worker=262144"
    "memorysetup-bucket-allocator-granularity=16"
    "memorysetup-bucket-allocator-bucket-count=8"
    "memorysetup-bucket-allocator-block-size=33554432"
    "memorysetup-bucket-allocator-block-count=8"
    "memorysetup-main-allocator-block-size=16777216"
    "memorysetup-thread-allocator-block-size=16777216"
    "memorysetup-gfx-main-allocator-block-size=16777216"
    "memorysetup-gfx-thread-allocator-block-size=16777216"
    "memorysetup-cache-allocator-block-size=4194304"
    "memorysetup-typetree-allocator-block-size=2097152"
    "memorysetup-profiler-bucket-allocator-granularity=16"
    "memorysetup-profiler-bucket-allocator-bucket-count=8"
    "memorysetup-profiler-bucket-allocator-block-size=33554432"
    "memorysetup-profiler-bucket-allocator-block-count=8"
    "memorysetup-profiler-allocator-block-size=16777216"
    "memorysetup-profiler-editor-allocator-block-size=1048576"
    "memorysetup-temp-allocator-size-main=16777216"
    "memorysetup-job-temp-allocator-block-size=2097152"
    "memorysetup-job-temp-allocator-block-size-background=1048576"
    "memorysetup-job-temp-allocator-reduction-small-platforms=262144"
    "memorysetup-temp-allocator-size-cloud-worker=32768"
Player connection [66632]  Target information:

Player connection [66632]  * "[IP] 192.168.56.1 [Port] 55504 [Flags] 2 [Guid] 638749625 [EditorId] 638749625 [Version] 1048832 [Id] WindowsEditor(7,Ben0928) [Debug] 1 [PackageName] WindowsEditor [ProjectName] Editor" 

Player connection [66632]  * "[IP] 172.19.25.183 [Port] 55504 [Flags] 2 [Guid] 638749625 [EditorId] 638749625 [Version] 1048832 [Id] WindowsEditor(7,Ben0928) [Debug] 1 [PackageName] WindowsEditor [ProjectName] Editor" 

Player connection [66632] Host joined multi-casting on [225.0.0.222:54997]...
Player connection [66632] Host joined alternative multi-casting on [225.0.0.222:34997]...
Input System module state changed to: Initialized.
[Physics::Module] Initialized fallback backend.
[Physics::Module] Id: 0xdecafbad
[Package Manager] Connected to IPC stream "Upm-62768" after 0.2 seconds.
[Licensing::Module] Licensing is not yet initialized.
[Licensing::Client] Error: HandshakeResponse reported an error:
	ResponseCode: 505
	ResponseStatus: Unsupported protocol version '1.18.1'.
[Licensing::Module] Error: Failed to handshake to channel: "LicenseClient-benli"
[Licensing::IpcConnector] LicenseClient-benli channel disconnected successfully.
[Licensing::IpcConnector] Channel LicenseClient-benli-6000.3.20 doesn't exist
[Licensing::Module] Successfully launched the LicensingClient (PId: 43528)
[Licensing::IpcConnector] Successfully connected to: "LicenseClient-benli-6000.3.20" at "2026-08-09T15:41:43.194442Z"
[Licensing::Client] Code 10 while verifying Licensing Client signature (process Id: 43528, path: "C:/Program Files/Unity/Hub/Editor/6000.3.20f1/Editor/Data/Resources/Licensing/Client/Unity.Licensing.Client.exe")
[Licensing::Module] LicensingClient has failed validation; ignoring
[Licensing::Client] Handshaking with LicensingClient:
  Version:                 1.18.1+9fbee8e
  Session Id:              ca81fa90d1e246a1ae14c6e8c17bfabb
  Correlation Id:          3fd3f8027dd39069300a51c490eb48c8
  External correlation Id: 4144310672108481879
  Machine Id:              K/xaE00r9U15jR2vrRRSBHB/pCQ=
[Licensing::Module] Successfully connected to LicensingClient on channel: "LicenseClient-benli-6000.3.20" (connect: 0.25s, validation: 0.18s, handshake: 0.01s)
[Licensing::IpcConnector] Successfully connected to: "LicenseClient-benli-6000.3.20-notifications" at "2026-08-09T15:41:43.3799343Z"
[Licensing::Module] Connected to LicensingClient (PId: 43528, launch time: 0.00, total connection time: 0.43s)
[Licensing::Module] Error: Access token is unavailable; failed to update
[Licensing::Client] Successfully resolved entitlement details
[Licensing::Module] License group:
  Id: 18968468702908-UnityPersXXXX
  Product: Unity Personal
  Type: Assigned
  Expiration: Unlimited
[Licensing::Client] Successfully updated license, isAsync: True, time: 0.01
[Licensing::Client] Successfully resolved entitlement details
[Licensing::Module] Licensing Background thread has ended after 2.22s
[Licensing::Module] Licensing is initialized (took 1.57s).
[Licensing::Client] Successfully resolved entitlement details
Library Redirect Path: Library/
[Physics::Module] Selected backend.
[Physics::Module] Name: PhysX
[Physics::Module] Id: 0xf2b8ea05
[Physics::Module] SDK Version: 4.1.2
[Physics::Module] Integration Version: 1.0.0
[Physics::Module] Threading Mode: Multi-Threaded
Refreshing native plugins compatible for Editor in 0.00 ms, found 0 plugins.
Preloading 0 native plugins for Editor in 0.00 ms.
Initialize engine version: 6000.3.20f1 (c9ba695d4f07)
[Subsystems] Discovering subsystems at path C:/Program Files/Unity/Hub/Editor/6000.3.20f1/Editor/Data/Resources/UnitySubsystems
[Subsystems] Discovering subsystems at path C:/CutMyBodyPlease/Unity/AnatomyXR/Assets
Forcing GfxDevice: Null
GfxDevice: creating device client; kGfxThreadingModeNonThreaded
NullGfxDevice:
    Version:  NULL 1.0 [1.0]
    Renderer: Null Device
    Vendor:   Unity Technologies
Initialize mono
Mono path[0] = 'C:/Program Files/Unity/Hub/Editor/6000.3.20f1/Editor/Data/Managed'
Mono path[1] = 'C:/Program Files/Unity/Hub/Editor/6000.3.20f1/Editor/Data/MonoBleedingEdge/lib/mono/unityjit-win32'
Mono config path = 'C:/Program Files/Unity/Hub/Editor/6000.3.20f1/Editor/Data/MonoBleedingEdge/etc'
Using monoOptions --debugger-agent=transport=dt_socket,embedding=1,server=y,suspend=n,address=127.0.0.1:56768
Using cacheserver namespaces - metadata:defaultmetadata, artifacts:defaultartifacts
Using cacheserver namespaces - metadata:defaultmetadata, artifacts:defaultartifacts
ImportWorker Server TCP listen port: 0
AcceleratorClientConnectionCallback - disconnected - :0
Begin MonoManager ReloadAssembly
Registering precompiled unity dll's ...
Register platform support module: C:/Program Files/Unity/Hub/Editor/6000.3.20f1/Editor/Data/PlaybackEngines/WindowsStandaloneSupport/UnityEditor.WindowsStandalone.Extensions.dll
Registered in 0.001170 seconds.
- Loaded All Assemblies, in  0.301 seconds
Native extension for WindowsStandalone target not found
Package Manager log level set to [2]
ScheduleIndexationOnStartup MainProcess:False IndexOnStartup:False
Mono: successfully reloaded assembly
- Finished resetting the current domain, in  0.312 seconds
Domain Reload Profiling: 612ms
	BeginReloadAssembly (99ms)
		ExecutionOrderSort (0ms)
		DisableScriptedObjects (0ms)
		BackupInstance (0ms)
		ReleaseScriptingObjects (0ms)
		CreateAndSetChildDomain (7ms)
	RebuildCommonClasses (29ms)
	RebuildNativeTypeToScriptingClass (10ms)
	initialDomainReloadingComplete (35ms)
	LoadAllAssembliesAndSetupDomain (127ms)
		LoadAssemblies (91ms)
		RebuildTransferFunctionScriptingTraits (0ms)
		AnalyzeDomain (125ms)
			TypeCache.Refresh (124ms)
				TypeCache.ScanAssembly (112ms)
			BuildScriptInfoCaches (0ms)
			ResolveRequiredComponents (0ms)
	FinalizeReload (313ms)
		ReleaseScriptCaches (0ms)
		RebuildScriptCaches (0ms)
		SetupLoadedEditorAssemblies (282ms)
			LogAssemblyErrors (0ms)
			InitializePlatformSupportModulesInManaged (39ms)
			SetLoadedEditorAssemblies (4ms)
			BeforeProcessingInitializeOnLoad (66ms)
			ProcessInitializeOnLoadAttributes (107ms)
			ProcessInitializeOnLoadMethodAttributes (67ms)
			AfterProcessingInitializeOnLoad (0ms)
			EditorAssembliesLoaded (0ms)
		ExecutionOrderSort2 (0ms)
		AwakeInstancesAfterBackupRestoration (0ms)
[Licensing::Client] Successfully resolved entitlement details
Application.AssetDatabase Initial Refresh Start
[Package Manager] Restoring resolved packages state from cache
[Licensing::Client] Successfully resolved entitlement details
[Package Manager] Registered 37 packages:
  Built-in packages:
    com.unity.multiplayer.center@1.0.1 (location: C:\CutMyBodyPlease\Unity\AnatomyXR\Library\PackageCache\com.unity.multiplayer.center@f01f4ba8d00a)
    com.unity.modules.accessibility@1.0.0 (location: C:\CutMyBodyPlease\Unity\AnatomyXR\Library\PackageCache\com.unity.modules.accessibility)
    com.unity.modules.adaptiveperformance@1.0.0 (location: C:\CutMyBodyPlease\Unity\AnatomyXR\Library\PackageCache\com.unity.modules.adaptiveperformance)
    com.unity.modules.ai@1.0.0 (location: C:\CutMyBodyPlease\Unity\AnatomyXR\Library\PackageCache\com.unity.modules.ai)
    com.unity.modules.androidjni@1.0.0 (location: C:\CutMyBodyPlease\Unity\AnatomyXR\Library\PackageCache\com.unity.modules.androidjni)
    com.unity.modules.animation@1.0.0 (location: C:\CutMyBodyPlease\Unity\AnatomyXR\Library\PackageCache\com.unity.modules.animation)
    com.unity.modules.assetbundle@1.0.0 (location: C:\CutMyBodyPlease\Unity\AnatomyXR\Library\PackageCache\com.unity.modules.assetbundle)
    com.unity.modules.audio@1.0.0 (location: C:\CutMyBodyPlease\Unity\AnatomyXR\Library\PackageCache\com.unity.modules.audio)
    com.unity.modules.cloth@1.0.0 (location: C:\CutMyBodyPlease\Unity\AnatomyXR\Library\PackageCache\com.unity.modules.cloth)
    com.unity.modules.director@1.0.0 (location: C:\CutMyBodyPlease\Unity\AnatomyXR\Library\PackageCache\com.unity.modules.director)
    com.unity.modules.imageconversion@1.0.0 (location: C:\CutMyBodyPlease\Unity\AnatomyXR\Library\PackageCache\com.unity.modules.imageconversion)
    com.unity.modules.imgui@1.0.0 (location: C:\CutMyBodyPlease\Unity\AnatomyXR\Library\PackageCache\com.unity.modules.imgui)
    com.unity.modules.jsonserialize@1.0.0 (location: C:\CutMyBodyPlease\Unity\AnatomyXR\Library\PackageCache\com.unity.modules.jsonserialize)
    com.unity.modules.particlesystem@1.0.0 (location: C:\CutMyBodyPlease\Unity\AnatomyXR\Library\PackageCache\com.unity.modules.particlesystem)
    com.unity.modules.physics@1.0.0 (location: C:\CutMyBodyPlease\Unity\AnatomyXR\Library\PackageCache\com.unity.modules.physics)
    com.unity.modules.physics2d@1.0.0 (location: C:\CutMyBodyPlease\Unity\AnatomyXR\Library\PackageCache\com.unity.modules.physics2d)
    com.unity.modules.screencapture@1.0.0 (location: C:\CutMyBodyPlease\Unity\AnatomyXR\Library\PackageCache\com.unity.modules.screencapture)
    com.unity.modules.terrain@1.0.0 (location: C:\CutMyBodyPlease\Unity\AnatomyXR\Library\PackageCache\com.unity.modules.terrain)
    com.unity.modules.terrainphysics@1.0.0 (location: C:\CutMyBodyPlease\Unity\AnatomyXR\Library\PackageCache\com.unity.modules.terrainphysics)
    com.unity.modules.tilemap@1.0.0 (location: C:\CutMyBodyPlease\Unity\AnatomyXR\Library\PackageCache\com.unity.modules.tilemap)
    com.unity.modules.ui@1.0.0 (location: C:\CutMyBodyPlease\Unity\AnatomyXR\Library\PackageCache\com.unity.modules.ui)
    com.unity.modules.uielements@1.0.0 (location: C:\CutMyBodyPlease\Unity\AnatomyXR\Library\PackageCache\com.unity.modules.uielements)
    com.unity.modules.umbra@1.0.0 (location: C:\CutMyBodyPlease\Unity\AnatomyXR\Library\PackageCache\com.unity.modules.umbra)
    com.unity.modules.unityanalytics@1.0.0 (location: C:\CutMyBodyPlease\Unity\AnatomyXR\Library\PackageCache\com.unity.modules.unityanalytics)
    com.unity.modules.unitywebrequest@1.0.0 (location: C:\CutMyBodyPlease\Unity\AnatomyXR\Library\PackageCache\com.unity.modules.unitywebrequest)
    com.unity.modules.unitywebrequestassetbundle@1.0.0 (location: C:\CutMyBodyPlease\Unity\AnatomyXR\Library\PackageCache\com.unity.modules.unitywebrequestassetbundle)
    com.unity.modules.unitywebrequestaudio@1.0.0 (location: C:\CutMyBodyPlease\Unity\AnatomyXR\Library\PackageCache\com.unity.modules.unitywebrequestaudio)
    com.unity.modules.unitywebrequesttexture@1.0.0 (location: C:\CutMyBodyPlease\Unity\AnatomyXR\Library\PackageCache\com.unity.modules.unitywebrequesttexture)
    com.unity.modules.unitywebrequestwww@1.0.0 (location: C:\CutMyBodyPlease\Unity\AnatomyXR\Library\PackageCache\com.unity.modules.unitywebrequestwww)
    com.unity.modules.vectorgraphics@1.0.0 (location: C:\CutMyBodyPlease\Unity\AnatomyXR\Library\PackageCache\com.unity.modules.vectorgraphics)
    com.unity.modules.vehicles@1.0.0 (location: C:\CutMyBodyPlease\Unity\AnatomyXR\Library\PackageCache\com.unity.modules.vehicles)
    com.unity.modules.video@1.0.0 (location: C:\CutMyBodyPlease\Unity\AnatomyXR\Library\PackageCache\com.unity.modules.video)
    com.unity.modules.vr@1.0.0 (location: C:\CutMyBodyPlease\Unity\AnatomyXR\Library\PackageCache\com.unity.modules.vr)
    com.unity.modules.wind@1.0.0 (location: C:\CutMyBodyPlease\Unity\AnatomyXR\Library\PackageCache\com.unity.modules.wind)
    com.unity.modules.xr@1.0.0 (location: C:\CutMyBodyPlease\Unity\AnatomyXR\Library\PackageCache\com.unity.modules.xr)
    com.unity.modules.subsystems@1.0.0 (location: C:\CutMyBodyPlease\Unity\AnatomyXR\Library\PackageCache\com.unity.modules.subsystems)
    com.unity.modules.hierarchycore@1.0.0 (location: C:\CutMyBodyPlease\Unity\AnatomyXR\Library\PackageCache\com.unity.modules.hierarchycore)
[Subsystems] No new subsystems found in resolved package list.
[Package Manager] Done registering packages in 0.01 seconds
[Package Manager] Done resolving packages in 33.38 seconds
[Licensing::Client] Successfully resolved entitlement details
[Package Manager] Lock file was modified
[Package Manager] Registered 55 packages:
  Packages from [https://packages.unity.com]:
    com.unity.inputsystem@1.20.0 (location: C:\CutMyBodyPlease\Unity\AnatomyXR\Library\PackageCache\com.unity.inputsystem@7a4e1a2a8194)
    com.unity.xr.interaction.toolkit@3.5.1 (location: C:\CutMyBodyPlease\Unity\AnatomyXR\Library\PackageCache\com.unity.xr.interaction.toolkit@63ca3b7ce776)
    com.unity.xr.management@4.7.0 (location: C:\CutMyBodyPlease\Unity\AnatomyXR\Library\PackageCache\com.unity.xr.management@2ad85c7dd480)
    com.unity.xr.openxr@1.17.1 (location: C:\CutMyBodyPlease\Unity\AnatomyXR\Library\PackageCache\com.unity.xr.openxr@58837b2992e0)
    com.unity.xr.core-utils@2.6.0 (location: C:\CutMyBodyPlease\Unity\AnatomyXR\Library\PackageCache\com.unity.xr.core-utils@a8b900321199)
    com.unity.xr.legacyinputhelpers@2.1.13 (location: C:\CutMyBodyPlease\Unity\AnatomyXR\Library\PackageCache\com.unity.xr.legacyinputhelpers@9535ff2c27ac)
    com.unity.mathematics@1.3.3 (location: C:\CutMyBodyPlease\Unity\AnatomyXR\Library\PackageCache\com.unity.mathematics@19a9377c4ffa)
    com.unity.searcher@4.9.4 (location: C:\CutMyBodyPlease\Unity\AnatomyXR\Library\PackageCache\com.unity.searcher@d45a78918735)
    com.unity.burst@1.8.29 (location: C:\CutMyBodyPlease\Unity\AnatomyXR\Library\PackageCache\com.unity.burst@6bb9aca3ef38)
    com.unity.collections@2.6.6 (location: C:\CutMyBodyPlease\Unity\AnatomyXR\Library\PackageCache\com.unity.collections@9796e5ee0d9e)
    com.unity.nuget.mono-cecil@1.11.6 (location: C:\CutMyBodyPlease\Unity\AnatomyXR\Library\PackageCache\com.unity.nuget.mono-cecil@ecb9724e46ff)
    com.unity.test-framework.performance@3.5.0 (location: C:\CutMyBodyPlease\Unity\AnatomyXR\Library\PackageCache\com.unity.test-framework.performance@8b56083ec0f0)
  Built-in packages:
    com.unity.render-pipelines.universal@17.3.0 (location: C:\CutMyBodyPlease\Unity\AnatomyXR\Library\PackageCache\com.unity.render-pipelines.universal@37e06a5b08b3)
    com.unity.modules.accessibility@1.0.0 (location: C:\CutMyBodyPlease\Unity\AnatomyXR\Library\PackageCache\com.unity.modules.accessibility)
    com.unity.modules.adaptiveperformance@1.0.0 (location: C:\CutMyBodyPlease\Unity\AnatomyXR\Library\PackageCache\com.unity.modules.adaptiveperformance)
    com.unity.modules.ai@1.0.0 (location: C:\CutMyBodyPlease\Unity\AnatomyXR\Library\PackageCache\com.unity.modules.ai)
    com.unity.modules.androidjni@1.0.0 (location: C:\CutMyBodyPlease\Unity\AnatomyXR\Library\PackageCache\com.unity.modules.androidjni)
    com.unity.modules.animation@1.0.0 (location: C:\CutMyBodyPlease\Unity\AnatomyXR\Library\PackageCache\com.unity.modules.animation)
    com.unity.modules.assetbundle@1.0.0 (location: C:\CutMyBodyPlease\Unity\AnatomyXR\Library\PackageCache\com.unity.modules.assetbundle)
    com.unity.modules.audio@1.0.0 (location: C:\CutMyBodyPlease\Unity\AnatomyXR\Library\PackageCache\com.unity.modules.audio)
    com.unity.modules.cloth@1.0.0 (location: C:\CutMyBodyPlease\Unity\AnatomyXR\Library\PackageCache\com.unity.modules.cloth)
    com.unity.modules.director@1.0.0 (location: C:\CutMyBodyPlease\Unity\AnatomyXR\Library\PackageCache\com.unity.modules.director)
    com.unity.modules.imageconversion@1.0.0 (location: C:\CutMyBodyPlease\Unity\AnatomyXR\Library\PackageCache\com.unity.modules.imageconversion)
    com.unity.modules.imgui@1.0.0 (location: C:\CutMyBodyPlease\Unity\AnatomyXR\Library\PackageCache\com.unity.modules.imgui)
    com.unity.modules.jsonserialize@1.0.0 (location: C:\CutMyBodyPlease\Unity\AnatomyXR\Library\PackageCache\com.unity.modules.jsonserialize)
    com.unity.modules.particlesystem@1.0.0 (location: C:\CutMyBodyPlease\Unity\AnatomyXR\Library\PackageCache\com.unity.modules.particlesystem)
    com.unity.modules.physics@1.0.0 (location: C:\CutMyBodyPlease\Unity\AnatomyXR\Library\PackageCache\com.unity.modules.physics)
    com.unity.modules.physics2d@1.0.0 (location: C:\CutMyBodyPlease\Unity\AnatomyXR\Library\PackageCache\com.unity.modules.physics2d)
    com.unity.modules.screencapture@1.0.0 (location: C:\CutMyBodyPlease\Unity\AnatomyXR\Library\PackageCache\com.unity.modules.screencapture)
    com.unity.modules.terrain@1.0.0 (location: C:\CutMyBodyPlease\Unity\AnatomyXR\Library\PackageCache\com.unity.modules.terrain)
    com.unity.modules.terrainphysics@1.0.0 (location: C:\CutMyBodyPlease\Unity\AnatomyXR\Library\PackageCache\com.unity.modules.terrainphysics)
    com.unity.modules.tilemap@1.0.0 (location: C:\CutMyBodyPlease\Unity\AnatomyXR\Library\PackageCache\com.unity.modules.tilemap)
    com.unity.modules.ui@1.0.0 (location: C:\CutMyBodyPlease\Unity\AnatomyXR\Library\PackageCache\com.unity.modules.ui)
    com.unity.modules.uielements@1.0.0 (location: C:\CutMyBodyPlease\Unity\AnatomyXR\Library\PackageCache\com.unity.modules.uielements)
    com.unity.modules.umbra@1.0.0 (location: C:\CutMyBodyPlease\Unity\AnatomyXR\Library\PackageCache\com.unity.modules.umbra)
    com.unity.modules.unityanalytics@1.0.0 (location: C:\CutMyBodyPlease\Unity\AnatomyXR\Library\PackageCache\com.unity.modules.unityanalytics)
    com.unity.modules.unitywebrequest@1.0.0 (location: C:\CutMyBodyPlease\Unity\AnatomyXR\Library\PackageCache\com.unity.modules.unitywebrequest)
    com.unity.modules.unitywebrequestassetbundle@1.0.0 (location: C:\CutMyBodyPlease\Unity\AnatomyXR\Library\PackageCache\com.unity.modules.unitywebrequestassetbundle)
    com.unity.modules.unitywebrequestaudio@1.0.0 (location: C:\CutMyBodyPlease\Unity\AnatomyXR\Library\PackageCache\com.unity.modules.unitywebrequestaudio)
    com.unity.modules.unitywebrequesttexture@1.0.0 (location: C:\CutMyBodyPlease\Unity\AnatomyXR\Library\PackageCache\com.unity.modules.unitywebrequesttexture)
    com.unity.modules.unitywebrequestwww@1.0.0 (location: C:\CutMyBodyPlease\Unity\AnatomyXR\Library\PackageCache\com.unity.modules.unitywebrequestwww)
    com.unity.modules.vectorgraphics@1.0.0 (location: C:\CutMyBodyPlease\Unity\AnatomyXR\Library\PackageCache\com.unity.modules.vectorgraphics)
    com.unity.modules.vehicles@1.0.0 (location: C:\CutMyBodyPlease\Unity\AnatomyXR\Library\PackageCache\com.unity.modules.vehicles)
    com.unity.modules.video@1.0.0 (location: C:\CutMyBodyPlease\Unity\AnatomyXR\Library\PackageCache\com.unity.modules.video)
    com.unity.modules.vr@1.0.0 (location: C:\CutMyBodyPlease\Unity\AnatomyXR\Library\PackageCache\com.unity.modules.vr)
    com.unity.modules.wind@1.0.0 (location: C:\CutMyBodyPlease\Unity\AnatomyXR\Library\PackageCache\com.unity.modules.wind)
    com.unity.modules.xr@1.0.0 (location: C:\CutMyBodyPlease\Unity\AnatomyXR\Library\PackageCache\com.unity.modules.xr)
    com.unity.modules.subsystems@1.0.0 (location: C:\CutMyBodyPlease\Unity\AnatomyXR\Library\PackageCache\com.unity.modules.subsystems)
    com.unity.modules.hierarchycore@1.0.0 (location: C:\CutMyBodyPlease\Unity\AnatomyXR\Library\PackageCache\com.unity.modules.hierarchycore)
    com.unity.ugui@2.0.0 (location: C:\CutMyBodyPlease\Unity\AnatomyXR\Library\PackageCache\com.unity.ugui@e20f1880fa04)
    com.unity.render-pipelines.core@17.3.0 (location: C:\CutMyBodyPlease\Unity\AnatomyXR\Library\PackageCache\com.unity.render-pipelines.core@731b06833851)
    com.unity.shadergraph@17.3.0 (location: C:\CutMyBodyPlease\Unity\AnatomyXR\Library\PackageCache\com.unity.shadergraph@fe0f710ccc2d)
    com.unity.render-pipelines.universal-config@17.0.3 (location: C:\CutMyBodyPlease\Unity\AnatomyXR\Library\PackageCache\com.unity.render-pipelines.universal-config@8dc1aab4af1d)
    com.unity.test-framework@1.6.0 (location: C:\CutMyBodyPlease\Unity\AnatomyXR\Library\PackageCache\com.unity.test-framework@bd7f943e9647)
    com.unity.ext.nunit@2.0.5 (location: C:\CutMyBodyPlease\Unity\AnatomyXR\Library\PackageCache\com.unity.ext.nunit@d8c07649098d)
[Subsystems] Looking for new subsystems at path C:\CutMyBodyPlease\Unity\AnatomyXR\Library\PackageCache\com.unity.xr.openxr@58837b2992e0
[Subsystems] Novel subsystem found at Library/PackageCache/com.unity.xr.openxr@58837b2992e0/Runtime/UnitySubsystemsManifest.json
[Subsystems] Discovering subsystems at path C:/Program Files/Unity/Hub/Editor/6000.3.20f1/Editor/Data/Resources/UnitySubsystems
[Subsystems] Discovering subsystems at path C:/CutMyBodyPlease/Unity/AnatomyXR/Assets
[Subsystems] Discovering subsystems at path C:\CutMyBodyPlease\Unity\AnatomyXR\Library\PackageCache\com.unity.xr.openxr@58837b2992e0
[Subsystems] No descriptors matched for  examples in Library/PackageCache/com.unity.xr.openxr@58837b2992e0/Runtime/UnitySubsystemsManifest.json.
[Subsystems] 1 'inputs' descriptors matched in Library/PackageCache/com.unity.xr.openxr@58837b2992e0/Runtime/UnitySubsystemsManifest.json
[Subsystems] 1 'displays' descriptors matched in Library/PackageCache/com.unity.xr.openxr@58837b2992e0/Runtime/UnitySubsystemsManifest.json
[Subsystems] No descriptors matched for  meshings in Library/PackageCache/com.unity.xr.openxr@58837b2992e0/Runtime/UnitySubsystemsManifest.json.
[Package Manager] Done registering packages in 0.00 seconds
[API Updater] Processing imported assemblies took 62 ms (0/0 assembly(ies)).
Assembly Updater Post Process Assets time: 0.064289s
[ScriptCompilation] Requested script compilation because: Assembly Definition File(s) changed
[ScriptCompilation] Requested script compilation because: Assetdatabase observed changes in script compilation related files
Starting: C:\Program Files\Unity\Hub\Editor\6000.3.20f1\Editor\Data\Tools\BuildPipeline\bee_backend.exe --ipc --defer-dag-verification --dagfile="Library/Bee/1900b0aE.dag" --continue-on-failure --profile="Library/Bee/backend1.traceevents" ScriptAssemblies
WorkingDir: C:/CutMyBodyPlease/Unity/AnatomyXR
ExitCode: 4 Duration: 0s707ms
[             ] Require frontend run.  Library/Bee/1900b0aE.dag couldn't be loaded
DisplayProgressbar: Compiling Scripts
Starting: C:\Program Files\Unity\Hub\Editor\6000.3.20f1\Editor\Data\netcorerun\netcorerun.exe "C:\Program Files\Unity\Hub\Editor\6000.3.20f1\Editor\Data\Tools\BuildPipeline\ScriptCompilationBuildProgram.exe" "Library/Bee/1900b0aE.dag.json" "Library/Bee/1900b0aE-inputdata.json" "Library\Bee\buildprogram0.traceevents"
WorkingDir: C:/CutMyBodyPlease/Unity/AnatomyXR
ExitCode: 0 Duration: 11s
Starting: C:\Program Files\Unity\Hub\Editor\6000.3.20f1\Editor\Data\Tools\BuildPipeline\bee_backend.exe --ipc --defer-dag-verification --dagfile="Library/Bee/1900b0aE.dag" --continue-on-failure --dagfilejson="Library\Bee\1900b0aE.dag.json" --profile="Library/Bee/backend2.traceevents" ScriptAssemblies
WorkingDir: C:/CutMyBodyPlease/Unity/AnatomyXR
ExitCode: 3 Duration: 27s
Finished compiling graph: 882 nodes, 16227 flattened edges (13135 ToBuild, 136 ToUse), maximum node priority 1013
[  1/879    0s] WriteText Library/Bee/artifacts/1900b0aE.dag/UnityEngine.TestRunner.UnityAdditionalFile.txt
[  2/879    0s] WriteText Library/Bee/artifacts/1900b0aE.dag/UnityEngine.TestRunner.rsp2
[  3/879    0s] MovedFromExtractor Library/Bee/artifacts/mvdfrm/UnityEditor.ShaderBuildSettingsModule.dll_EDA3B1B90F33579E.mvfrm
[  4/879    0s] MovedFromExtractor Library/Bee/artifacts/mvdfrm/UnityEditor.UIElementsModule.dll_72C969F0E921AF1D.mvfrm
[  5/879    0s] MovedFromExtractor Library/Bee/artifacts/mvdfrm/UnityEditor.TextCoreFontEngineModule.dll_E78F1A9F6A66A1DF.mvfrm
[  6/879    0s] MovedFromExtractor Library/Bee/artifacts/mvdfrm/UnityEditor.UIAutomationModule.dll_D91DC3B1BD28285D.mvfrm
[  7/879    0s] MovedFromExtractor Library/Bee/artifacts/mvdfrm/UnityEditor.UnityConnectModule.dll_23B6E237459844B7.mvfrm
[  8/879    0s] MovedFromExtractor Library/Bee/artifacts/mvdfrm/UnityEditor.SpriteShapeModule.dll_B76B0C58884A5E2E.mvfrm
[  9/879    0s] MovedFromExtractor Library/Bee/artifacts/mvdfrm/UnityEditor.PresetsUIModule.dll_42E30099E7A4017A.mvfrm
[ 10/879    0s] MovedFromExtractor Library/Bee/artifacts/mvdfrm/UnityEditor.ShaderCompilationModule.dll_3F6D5C72625927F0.mvfrm
[ 11/879    0s] MovedFromExtractor Library/Bee/artifacts/mvdfrm/UnityEditor.SpriteMaskModule.dll_03DDA22717AD8B13.mvfrm
[ 12/879    0s] MovedFromExtractor Library/Bee/artifacts/mvdfrm/UnityEditor.UIBuilderModule.dll_DC0574D4580422A9.mvfrm
[ 13/879    0s] MovedFromExtractor Library/Bee/artifacts/mvdfrm/UnityEditor.UIToolkitAuthoringModule.dll_1AE5AF2C88ED259F.mvfrm
[ 14/879    0s] MovedFromExtractor Library/Bee/artifacts/mvdfrm/UnityEditor.PropertiesModule.dll_47EC6ED5692959D5.mvfrm
[ 15/879    0s] MovedFromExtractor Library/Bee/artifacts/mvdfrm/UnityEditor.UmbraModule.dll_139B83CA2641DB1B.mvfrm
[ 16/879    0s] MovedFromExtractor Library/Bee/artifacts/mvdfrm/UnityEditor.ShaderFoundryModule.dll_8FF5B5F3F19CA9A6.mvfrm
[ 17/879    0s] MovedFromExtractor Library/Bee/artifacts/mvdfrm/UnityEditor.TextRenderingModule.dll_9AB907EC2149DE71.mvfrm
[ 18/879    0s] MovedFromExtractor Library/Bee/artifacts/mvdfrm/UnityEditor.SubstanceModule.dll_315C549175038182.mvfrm
[ 19/879    0s] MovedFromExtractor Library/Bee/artifacts/mvdfrm/UnityEditor.SceneTemplateModule.dll_5115E5B0CEED2D18.mvfrm
[ 20/879    0s] MovedFromExtractor Library/Bee/artifacts/mvdfrm/UnityEditor.UIElementsSamplesModule.dll_339EF9FA7F553320.mvfrm
[ 21/879    0s] MovedFromExtractor Library/Bee/artifacts/mvdfrm/UnityEditor.SafeModeModule.dll_14172D55626B8242.mvfrm
[ 22/879    0s] MovedFromExtractor Library/Bee/artifacts/mvdfrm/UnityEditor.TilemapModule.dll_C305DFD636A20970.mvfrm
[ 23/879    0s] MovedFromExtractor Library/Bee/artifacts/mvdfrm/UnityEditor.QuickInstallModule.dll_075C2300623ACDD0.mvfrm
[ 24/879    0s] MovedFromExtractor Library/Bee/artifacts/mvdfrm/UnityEditor.TextCoreTextEngineModule.dll_2F775110F9EA5AFD.mvfrm
[ 25/879    0s] MovedFromExtractor Library/Bee/artifacts/mvdfrm/UnityEditor.TreeModule.dll_9965676FA7C76AC0.mvfrm
[ 26/879    0s] MovedFromExtractor Library/Bee/artifacts/mvdfrm/UnityEditor.SceneViewModule.dll_C62CAABFDA6E7683.mvfrm
[ 27/879    0s] MovedFromExtractor Library/Bee/artifacts/mvdfrm/UnityEditor.VFXModule.dll_F8B1696446F8937A.mvfrm
[ 28/879    0s] MovedFromExtractor Library/Bee/artifacts/mvdfrm/UnityEditor.SketchUpModule.dll_FC2C12A5AD9D1E59.mvfrm
[ 29/879    0s] MovedFromExtractor Library/Bee/artifacts/mvdfrm/UnityEditor.QuickSearchModule.dll_5FE67B9B827B81B7.mvfrm
[ 30/879    0s] MovedFromExtractor Library/Bee/artifacts/mvdfrm/UnityEditor.TerrainModule.dll_240978551EE52867.mvfrm
[ 31/879    0s] MovedFromExtractor Library/Bee/artifacts/mvdfrm/UnityEditor.VectorGraphicsModule.dll_EA53D36D4E8E6590.mvfrm
[ 32/879    0s] MovedFromExtractor Library/Bee/artifacts/mvdfrm/UnityEngine.GridModule.dll_3C4B61A1E05BD6A3.mvfrm
[ 33/879    0s] MovedFromExtractor Library/Bee/artifacts/mvdfrm/UnityEngine.ClothModule.dll_C5DBF110A4B53F31.mvfrm
[ 34/879    0s] MovedFromExtractor Library/Bee/artifacts/mvdfrm/UnityEngine.GraphicsStateCollectionSerializerModule.dll_70F776C59E37D11D.mvfrm
[ 35/879    0s] MovedFromExtractor Library/Bee/artifacts/mvdfrm/UnityEngine.ClusterRendererModule.dll_603A7EB0F343A494.mvfrm
[ 36/879    0s] MovedFromExtractor Library/Bee/artifacts/mvdfrm/UnityEngine.AudioModule.dll_5EF39415CA98604D.mvfrm
[ 37/879    0s] MovedFromExtractor Library/Bee/artifacts/mvdfrm/UnityEditor.VideoModule.dll_BDD05C1C5BAD4B4D.mvfrm
[ 38/879    0s] MovedFromExtractor Library/Bee/artifacts/mvdfrm/UnityEngine.AIModule.dll_918F508412D07DB5.mvfrm
[ 39/879    0s] MovedFromExtractor Library/Bee/artifacts/mvdfrm/UnityEngine.ContentLoadModule.dll_3CE607CDB364DE96.mvfrm
[ 40/879    0s] MovedFromExtractor Library/Bee/artifacts/mvdfrm/UnityEngine.DSPGraphModule.dll_147F513F58972AEA.mvfrm
[ 41/879    0s] MovedFromExtractor Library/Bee/artifacts/mvdfrm/UnityEditor.XRModule.dll_D42546AC2E8F226C.mvfrm
[ 42/879    0s] MovedFromExtractor Library/Bee/artifacts/mvdfrm/UnityEngine.AndroidJNIModule.dll_F11252C432411DF3.mvfrm
[ 43/879    0s] MovedFromExtractor Library/Bee/artifacts/mvdfrm/UnityEngine.AccessibilityModule.dll_83BB5147CF6354B5.mvfrm
[ 44/879    0s] MovedFromExtractor Library/Bee/artifacts/mvdfrm/UnityEngine.GameCenterModule.dll_1B5F9CDEF8820EE4.mvfrm
[ 45/879    0s] MovedFromExtractor Library/Bee/artifacts/mvdfrm/UnityEngine.ClusterInputModule.dll_A353574CF720177D.mvfrm
[ 46/879    0s] MovedFromExtractor Library/Bee/artifacts/mvdfrm/UnityEngine.DirectorModule.dll_0F2DEFD5E63659C9.mvfrm
[ 47/879    0s] MovedFromExtractor Library/Bee/artifacts/mvdfrm/UnityEditor.dll_D6F3844486E97C44.mvfrm
[ 48/879    0s] MovedFromExtractor Library/Bee/artifacts/mvdfrm/UnityEngine.AnimationModule.dll_560243E0BFA87E1B.mvfrm
[ 49/879    0s] MovedFromExtractor Library/Bee/artifacts/mvdfrm/UnityEngine.ARModule.dll_4B0215876FEDDC7E.mvfrm
[ 50/879    0s] MovedFromExtractor Library/Bee/artifacts/mvdfrm/UnityEngine.AdaptivePerformanceModule.dll_A60CFFC677797961.mvfrm
[ 51/879    0s] MovedFromExtractor Library/Bee/artifacts/mvdfrm/UnityEngine.GIModule.dll_29CB9991AE7F65CF.mvfrm
[ 52/879    0s] MovedFromExtractor Library/Bee/artifacts/mvdfrm/UnityEngine.HotReloadModule.dll_D74B01E69ADB999D.mvfrm
[ 53/879    0s] MovedFromExtractor Library/Bee/artifacts/mvdfrm/UnityEngine.CrashReportingModule.dll_BB1EB5876A62F7C4.mvfrm
[ 54/879    0s] MovedFromExtractor Library/Bee/artifacts/mvdfrm/UnityEngine.CoreModule.dll_5EDA45B3C80740AC.mvfrm
[ 55/879    0s] MovedFromExtractor Library/Bee/artifacts/mvdfrm/UnityEngine.ImageConversionModule.dll_CC2C7C6175685C88.mvfrm
[ 56/879    0s] MovedFromExtractor Library/Bee/artifacts/mvdfrm/UnityEngine.HierarchyCoreModule.dll_FAD5EE223E10ADAB.mvfrm
[ 57/879    0s] MovedFromExtractor Library/Bee/artifacts/mvdfrm/UnityEngine.IMGUIModule.dll_9753337C90C9F42E.mvfrm
[ 58/879    0s] MovedFromExtractor Library/Bee/artifacts/mvdfrm/UnityEngine.IdentifiersModule.dll_7C593682A75B04C1.mvfrm
[ 59/879    0s] MovedFromExtractor Library/Bee/artifacts/mvdfrm/UnityEngine.InputForUIModule.dll_1E11F6F858A2ABA0.mvfrm
[ 60/879    0s] MovedFromExtractor Library/Bee/artifacts/mvdfrm/UnityEngine.JSONSerializeModule.dll_E3D2DA83CE9EB53F.mvfrm
[ 61/879    0s] MovedFromExtractor Library/Bee/artifacts/mvdfrm/UnityEngine.LocalizationModule.dll_E1A0219F8E9C0A76.mvfrm
[ 62/879    0s] MovedFromExtractor Library/Bee/artifacts/mvdfrm/UnityEngine.ParticleSystemModule.dll_0E30FED3D8748352.mvfrm
[ 63/879    0s] MovedFromExtractor Library/Bee/artifacts/mvdfrm/UnityEngine.InsightsModule.dll_A8F4B86670B3A948.mvfrm
[ 64/879    0s] MovedFromExtractor Library/Bee/artifacts/mvdfrm/UnityEngine.MultiplayerModule.dll_2377CB199DA9C421.mvfrm
[ 65/879    0s] MovedFromExtractor Library/Bee/artifacts/mvdfrm/UnityEngine.AssetBundleModule.dll_A3CFAE8CE4E236A9.mvfrm
[ 66/879    0s] MovedFromExtractor Library/Bee/artifacts/mvdfrm/UnityEngine.InputLegacyModule.dll_3514C9AB7CD3EC9A.mvfrm
[ 67/879    0s] MovedFromExtractor Library/Bee/artifacts/mvdfrm/UnityEngine.PhysicsBackendPhysXModule.dll_8020E7535A35BC20.mvfrm
[ 68/879    0s] MovedFromExtractor Library/Bee/artifacts/mvdfrm/UnityEngine.RenderAs2DModule.dll_89D29EA34AC7BD57.mvfrm
[ 69/879    0s] MovedFromExtractor Library/Bee/artifacts/mvdfrm/UnityEngine.PhysicsModule.dll_FC3DB590AE35C6BE.mvfrm
[ 70/879    0s] MovedFromExtractor Library/Bee/artifacts/mvdfrm/UnityEngine.MarshallingModule.dll_4C384D21C90A63FB.mvfrm
[ 71/879    0s] MovedFromExtractor Library/Bee/artifacts/mvdfrm/UnityEngine.PerformanceReportingModule.dll_F4AD21EAF3B2816B.mvfrm
[ 72/879    0s] MovedFromExtractor Library/Bee/artifacts/mvdfrm/UnityEngine.RuntimeInitializeOnLoadManagerInitializerModule.dll_B786D89CB2AE4679.mvfrm
[ 73/879    0s] MovedFromExtractor Library/Bee/artifacts/mvdfrm/UnityEngine.SharedInternalsModule.dll_503DBB36EC9657D8.mvfrm
[ 74/879    0s] MovedFromExtractor Library/Bee/artifacts/mvdfrm/UnityEngine.Physics2DModule.dll_A2A833D160A575B0.mvfrm
[ 75/879    0s] MovedFromExtractor Library/Bee/artifacts/mvdfrm/UnityEngine.SpriteMaskModule.dll_048C0F6F19F1A45E.mvfrm
[ 76/879    0s] MovedFromExtractor Library/Bee/artifacts/mvdfrm/UnityEngine.InputModule.dll_C5695BC640D084F1.mvfrm
[ 77/879    0s] MovedFromExtractor Library/Bee/artifacts/mvdfrm/UnityEngine.ShaderRuntimeModule.dll_1392FA761F66BF2A.mvfrm
[ 78/879    0s] MovedFromExtractor Library/Bee/artifacts/mvdfrm/UnityEngine.ShaderVariantAnalyticsModule.dll_89AB31DA501A0BB3.mvfrm
[ 79/879    0s] MovedFromExtractor Library/Bee/artifacts/mvdfrm/UnityEngine.PropertiesModule.dll_489ADC1D6B6D7320.mvfrm
[ 80/879    0s] MovedFromExtractor Library/Bee/artifacts/mvdfrm/UnityEngine.StreamingModule.dll_0A9731310F303559.mvfrm
[ 81/879    0s] MovedFromExtractor Library/Bee/artifacts/mvdfrm/UnityEngine.SubstanceModule.dll_E742457A5A833367.mvfrm
[ 82/879    0s] MovedFromExtractor Library/Bee/artifacts/mvdfrm/UnityEngine.ScreenCaptureModule.dll_FDBA8808E30AE1A1.mvfrm
[ 83/879    0s] MovedFromExtractor Library/Bee/artifacts/mvdfrm/UnityEngine.SpriteShapeModule.dll_BD30DBE79A846EB3.mvfrm
[ 84/879    0s] MovedFromExtractor Library/Bee/artifacts/mvdfrm/UnityEngine.SubsystemsModule.dll_6F3975D0E8398C71.mvfrm
[ 85/879    0s] MovedFromExtractor Library/Bee/artifacts/mvdfrm/UnityEngine.TerrainModule.dll_168430FF83F40FAC.mvfrm
[ 86/879    0s] MovedFromExtractor Library/Bee/artifacts/mvdfrm/UnityEngine.TLSModule.dll_83F47348E03B3812.mvfrm
[ 87/879    0s] MovedFromExtractor Library/Bee/artifacts/mvdfrm/UnityEngine.TerrainPhysicsModule.dll_0EABA7A6F1B77DDF.mvfrm
[ 88/879    0s] MovedFromExtractor Library/Bee/artifacts/mvdfrm/UnityEngine.UnityConnectModule.dll_1116664640204562.mvfrm
[ 89/879    0s] MovedFromExtractor Library/Bee/artifacts/mvdfrm/UnityEngine.UmbraModule.dll_D9C8402E57BF0BC0.mvfrm
[ 90/879    0s] MovedFromExtractor Library/Bee/artifacts/mvdfrm/UnityEngine.UnityConsentModule.dll_E2BBFD724D2ADBB2.mvfrm
[ 91/879    0s] MovedFromExtractor Library/Bee/artifacts/mvdfrm/UnityEngine.TextCoreFontEngineModule.dll_65EE95F27D6460AA.mvfrm
[ 92/879    0s] MovedFromExtractor Library/Bee/artifacts/mvdfrm/UnityEngine.UnityWebRequestModule.dll_DDCB840B805CF707.mvfrm
[ 93/879    0s] MovedFromExtractor Library/Bee/artifacts/mvdfrm/UnityEngine.UnityWebRequestAssetBundleModule.dll_A5D63CB1E95C429F.mvfrm
[ 94/879    0s] MovedFromExtractor Library/Bee/artifacts/mvdfrm/UnityEngine.UIModule.dll_8D02EEB16F178361.mvfrm
[ 95/879    0s] MovedFromExtractor Library/Bee/artifacts/mvdfrm/UnityEngine.UnityAnalyticsModule.dll_2DD06F9D849BD54E.mvfrm
[ 96/879    0s] MovedFromExtractor Library/Bee/artifacts/mvdfrm/UnityEngine.TextCoreTextEngineModule.dll_ADD6CC640CE819C8.mvfrm
[ 97/879    0s] MovedFromExtractor Library/Bee/artifacts/mvdfrm/UnityEngine.UnityAnalyticsCommonModule.dll_8FEBDF2F0D9B1FC9.mvfrm
[ 98/879    0s] MovedFromExtractor Library/Bee/artifacts/mvdfrm/UnityEngine.UnityWebRequestAudioModule.dll_6CA975C97A1D4C03.mvfrm
[ 99/879    0s] MovedFromExtractor Library/Bee/artifacts/mvdfrm/UnityEngine.UnityCurlModule.dll_891EE5122FBC7008.mvfrm
[100/879    0s] MovedFromExtractor Library/Bee/artifacts/mvdfrm/UnityEngine.TextRenderingModule.dll_26F9FA139A426196.mvfrm
[101/879    0s] MovedFromExtractor Library/Bee/artifacts/mvdfrm/UnityEngine.WindModule.dll_D52920DC593DBF15.mvfrm
[102/879    0s] MovedFromExtractor Library/Bee/artifacts/mvdfrm/UnityEngine.TilemapModule.dll_B58098809BB0F0B5.mvfrm
[103/879    0s] MovedFromExtractor Library/Bee/artifacts/mvdfrm/UnityEngine.VehiclesModule.dll_86F0E95560602964.mvfrm
[104/879    0s] MovedFromExtractor Library/Bee/artifacts/mvdfrm/UnityEngine.UIElementsModule.dll_7377D738EB65C868.mvfrm
[105/879    0s] MovedFromExtractor Library/Bee/artifacts/mvdfrm/UnityEngine.XRModule.dll_1293D83B9A0C5637.mvfrm
[106/879    0s] MovedFromExtractor Library/Bee/artifacts/mvdfrm/UnityEngine.VirtualTexturingModule.dll_3C36D684EF0AAC4A.mvfrm
[107/879    0s] MovedFromExtractor Library/Bee/artifacts/mvdfrm/UnityEngine.VFXModule.dll_04D30BB7B6A8A17F.mvfrm
[108/879    0s] MovedFromExtractor Library/Bee/artifacts/mvdfrm/UnityEngine.VectorGraphicsModule.dll_A57835086A7AF99B.mvfrm
[109/879    0s] WriteText Library/Bee/artifacts/1900b0aE.dag/UnityEngine.UI.UnityAdditionalFile.txt
[110/879    0s] WriteText Library/Bee/artifacts/1900b0aE.dag/UnityEngine.UI.rsp2
[111/879    0s] WriteText Library/Bee/artifacts/1900b0aE.dag/UnityEngine.TestRunner.dll.mvfrm.rsp
[112/879    0s] WriteText Library/Bee/artifacts/1900b0aE.dag/UnityEngine.TestRunner.rsp
[113/879    0s] MovedFromExtractor Library/Bee/artifacts/mvdfrm/UnityEngine.VRModule.dll_DFD5153710D208D9.mvfrm
[114/879    0s] MovedFromExtractor Library/Bee/artifacts/mvdfrm/UnityEngine.UnityWebRequestTextureModule.dll_C8F11429A44DD038.mvfrm
[115/879    0s] MovedFromExtractor Library/Bee/artifacts/mvdfrm/UnityEngine.UnityWebRequestWWWModule.dll_789911BFFCA7D634.mvfrm
[116/879    0s] WriteText Library/Bee/artifacts/1900b0aE.dag/UnityEditor.TestRunner.rsp2
[117/879    0s] WriteText Library/Bee/artifacts/1900b0aE.dag/UnityEditor.TestRunner.UnityAdditionalFile.txt
[118/879    0s] WriteText Library/Bee/artifacts/1900b0aE.dag/UnityEngine.UI.dll.mvfrm.rsp
[119/879    0s] WriteText Library/Bee/artifacts/1900b0aE.dag/UnityEngine.UI.rsp
[120/879    0s] MovedFromExtractor Library/Bee/artifacts/mvdfrm/UnityEngine.VideoModule.dll_83FD18808D2A7BF2.mvfrm
[121/879    0s] MovedFromExtractor Library/Bee/artifacts/mvdfrm/UnityEditor.PhysicsModule.dll_09C2FCE64926DF79.mvfrm
[122/879    0s] MovedFromExtractor Library/Bee/artifacts/mvdfrm/UnityEngine.dll_0997CB1CE55D0929.mvfrm
[123/879    0s] WriteText Library/Bee/artifacts/1900b0aE.dag/UnityEditor.TestRunner.dll.mvfrm.rsp
[124/879    0s] WriteText Library/Bee/artifacts/1900b0aE.dag/UnityEditor.TestRunner.rsp
[125/879    0s] WriteText Library/Bee/artifacts/1900b0aE.dag/UnityEditor.UI.UnityAdditionalFile.txt
[126/879    0s] WriteText Library/Bee/artifacts/1900b0aE.dag/UnityEditor.UI.rsp2
[127/879    0s] WriteText Library/Bee/artifacts/1900b0aE.dag/UnityEditor.UI.dll.mvfrm.rsp
[128/879    0s] WriteText Library/Bee/artifacts/1900b0aE.dag/UnityEditor.UI.rsp
[129/879    0s] WriteText Library/Bee/artifacts/1900b0aE.dag/Unity.Burst.UnityAdditionalFile.txt
[130/879    0s] WriteText Library/Bee/artifacts/1900b0aE.dag/Unity.Burst.rsp2
[131/879    0s] WriteText Library/Bee/artifacts/1900b0aE.dag/Unity.Mathematics.UnityAdditionalFile.txt
[132/879    0s] WriteText Library/Bee/artifacts/1900b0aE.dag/Unity.Mathematics.rsp2
[133/879    0s] MovedFromExtractor Library/Bee/artifacts/mvdfrm/UnityEditor.AccessibilityModule.dll_F77A5F20566AD190.mvfrm
[134/879    0s] WriteText Library/Bee/artifacts/1900b0aE.dag/Unity.Burst.dll.mvfrm.rsp
[135/879    0s] WriteText Library/Bee/artifacts/1900b0aE.dag/Unity.Burst.rsp
[136/879    0s] WriteText Library/Bee/artifacts/1900b0aE.dag/Unity.Mathematics.dll.mvfrm.rsp
[137/879    0s] WriteText Library/Bee/artifacts/1900b0aE.dag/Unity.Mathematics.rsp
[138/879    0s] WriteText Library/Bee/artifacts/1900b0aE.dag/Unity.Collections.UnityAdditionalFile.txt
[139/879    0s] WriteText Library/Bee/artifacts/1900b0aE.dag/Unity.Collections.rsp2
[140/879    0s] WriteText Library/Bee/artifacts/1900b0aE.dag/Unity.InputSystem.rsp2
[141/879    0s] WriteText Library/Bee/artifacts/1900b0aE.dag/Unity.InputSystem.UnityAdditionalFile.txt
[142/879    0s] WriteText Library/Bee/artifacts/1900b0aE.dag/Unity.Collections.dll.mvfrm.rsp
[143/879    0s] WriteText Library/Bee/artifacts/1900b0aE.dag/Unity.Collections.rsp
[144/879    0s] WriteText Library/Bee/artifacts/1900b0aE.dag/Unity.InputSystem.dll.mvfrm.rsp
[145/879    0s] WriteText Library/Bee/artifacts/1900b0aE.dag/Unity.InputSystem.rsp
[146/879    0s] WriteText Library/Bee/artifacts/1900b0aE.dag/UnityEngine.SpatialTracking.rsp2
[147/879    0s] WriteText Library/Bee/artifacts/1900b0aE.dag/UnityEngine.SpatialTracking.UnityAdditionalFile.txt
[148/879    0s] WriteText Library/Bee/artifacts/1900b0aE.dag/Unity.RenderPipelines.Core.Runtime.UnityAdditionalFile.txt
[149/879    0s] WriteText Library/Bee/artifacts/1900b0aE.dag/Unity.RenderPipelines.Core.Runtime.rsp2
[150/879    0s] WriteText Library/Bee/artifacts/1900b0aE.dag/UnityEngine.SpatialTracking.dll.mvfrm.rsp
[151/879    0s] WriteText Library/Bee/artifacts/1900b0aE.dag/UnityEngine.SpatialTracking.rsp
[152/879    0s] WriteText Library/Bee/artifacts/1900b0aE.dag/Unity.RenderPipelines.Core.Runtime.dll.mvfrm.rsp
[153/879    0s] WriteText Library/Bee/artifacts/1900b0aE.dag/Unity.XR.CoreUtils.UnityAdditionalFile.txt
[154/879    0s] WriteText Library/Bee/artifacts/1900b0aE.dag/Unity.XR.CoreUtils.rsp2
[155/879    0s] WriteText Library/Bee/artifacts/1900b0aE.dag/Unity.RenderPipelines.Core.Runtime.rsp
[156/879    0s] WriteText Library/Bee/artifacts/1900b0aE.dag/Unity.XR.CoreUtils.dll.mvfrm.rsp
[157/879    0s] WriteText Library/Bee/artifacts/1900b0aE.dag/Unity.XR.CoreUtils.rsp
[158/879    0s] WriteText Library/Bee/artifacts/1900b0aE.dag/Unity.XR.Management.rsp2
[159/879    0s] WriteText Library/Bee/artifacts/1900b0aE.dag/Unity.XR.Management.UnityAdditionalFile.txt
[160/879    0s] WriteText Library/Bee/artifacts/1900b0aE.dag/Unity.RenderPipelines.GPUDriven.Runtime.rsp2
[161/879    0s] WriteText Library/Bee/artifacts/1900b0aE.dag/Unity.RenderPipelines.GPUDriven.Runtime.UnityAdditionalFile.txt
[162/879    0s] WriteText Library/Bee/artifacts/1900b0aE.dag/Unity.UnifiedRayTracing.Runtime.rsp2
[163/879    0s] WriteText Library/Bee/artifacts/1900b0aE.dag/Unity.UnifiedRayTracing.Runtime.UnityAdditionalFile.txt
[164/879    0s] WriteText Library/Bee/artifacts/1900b0aE.dag/Unity.XR.CoreUtils.Editor.rsp2
[165/879    0s] WriteText Library/Bee/artifacts/1900b0aE.dag/Unity.XR.CoreUtils.Editor.UnityAdditionalFile.txt
[166/879    0s] WriteText Library/Bee/artifacts/1900b0aE.dag/Unity.RenderPipelines.Core.Runtime.Shared.rsp2
[167/879    0s] WriteText Library/Bee/artifacts/1900b0aE.dag/Unity.RenderPipelines.Core.Runtime.Shared.UnityAdditionalFile.txt
[168/879    0s] WriteText Library/Bee/artifacts/1900b0aE.dag/Unity.RenderPipeline.Universal.ShaderLibrary.UnityAdditionalFile.txt
[169/879    0s] WriteText Library/Bee/artifacts/1900b0aE.dag/Unity.RenderPipeline.Universal.ShaderLibrary.rsp2
[170/879    0s] WriteText Library/Bee/artifacts/1900b0aE.dag/Unity.RenderPipelines.Universal.Config.Runtime.UnityAdditionalFile.txt
[171/879    0s] WriteText Library/Bee/artifacts/1900b0aE.dag/Unity.RenderPipelines.Universal.Config.Runtime.rsp2
[172/879    0s] WriteText Library/Bee/artifacts/1900b0aE.dag/Unity.Collections.CodeGen.UnityAdditionalFile.txt
[173/879    0s] WriteText Library/Bee/artifacts/1900b0aE.dag/Unity.Burst.CodeGen.UnityAdditionalFile.txt
[174/879    0s] WriteText Library/Bee/artifacts/1900b0aE.dag/Unity.Burst.CodeGen.rsp2
[175/879    0s] WriteText Library/Bee/artifacts/1900b0aE.dag/Unity.Collections.CodeGen.rsp2
[176/879    0s] WriteText Library/Bee/artifacts/1900b0aE.dag/Unity.XR.Management.dll.mvfrm.rsp
[177/879    0s] WriteText Library/Bee/artifacts/1900b0aE.dag/Unity.RenderPipelines.GPUDriven.Runtime.dll.mvfrm.rsp
[178/879    0s] WriteText Library/Bee/artifacts/1900b0aE.dag/Unity.XR.Management.rsp
[179/879    0s] WriteText Library/Bee/artifacts/1900b0aE.dag/Unity.RenderPipelines.GPUDriven.Runtime.rsp
[180/879    0s] WriteText Library/Bee/artifacts/1900b0aE.dag/Unity.XR.CoreUtils.Editor.dll.mvfrm.rsp
[181/879    0s] WriteText Library/Bee/artifacts/1900b0aE.dag/Unity.UnifiedRayTracing.Runtime.dll.mvfrm.rsp
[182/879    0s] WriteText Library/Bee/artifacts/1900b0aE.dag/Unity.RenderPipelines.Core.Runtime.Shared.dll.mvfrm.rsp
[183/879    0s] WriteText Library/Bee/artifacts/1900b0aE.dag/Unity.UnifiedRayTracing.Runtime.rsp
[184/879    0s] WriteText Library/Bee/artifacts/1900b0aE.dag/Unity.XR.CoreUtils.Editor.rsp
[185/879    0s] WriteText Library/Bee/artifacts/1900b0aE.dag/Unity.RenderPipelines.Core.Runtime.Shared.rsp
[186/879    0s] WriteText Library/Bee/artifacts/1900b0aE.dag/Unity.RenderPipeline.Universal.ShaderLibrary.dll.mvfrm.rsp
[187/879    0s] WriteText Library/Bee/artifacts/1900b0aE.dag/Unity.RenderPipelines.Universal.Config.Runtime.dll.mvfrm.rsp
[188/879    0s] WriteText Library/Bee/artifacts/1900b0aE.dag/Unity.RenderPipeline.Universal.ShaderLibrary.rsp
[189/879    0s] WriteText Library/Bee/artifacts/1900b0aE.dag/Unity.RenderPipelines.Universal.Config.Runtime.rsp
[190/879    0s] WriteText Library/Bee/artifacts/1900b0aE.dag/Unity.RenderPipelines.Universal.Runtime.UnityAdditionalFile.txt
[191/879    0s] WriteText Library/Bee/artifacts/1900b0aE.dag/Unity.RenderPipelines.Universal.Runtime.rsp2
[192/879    0s] WriteText Library/Bee/artifacts/1900b0aE.dag/Unity.XR.Management.Editor.UnityAdditionalFile.txt
[193/879    0s] MovedFromExtractor Library/Bee/artifacts/mvdfrm/UnityEditor.MediaModule.dll_6486F1431767B836.mvfrm
[194/879    0s] WriteText Library/Bee/artifacts/1900b0aE.dag/Unity.XR.Management.Editor.rsp2
[195/879    0s] WriteText Library/Bee/artifacts/1900b0aE.dag/Unity.RenderPipelines.Universal.Runtime.dll.mvfrm.rsp
[196/879    0s] WriteText Library/Bee/artifacts/1900b0aE.dag/Unity.XR.Management.Editor.dll.mvfrm.rsp
[197/879    0s] WriteText Library/Bee/artifacts/1900b0aE.dag/Unity.RenderPipelines.Universal.Runtime.rsp
[198/879    0s] MovedFromExtractor Library/Bee/artifacts/mvdfrm/UnityEditor.PlayModeModule.dll_5A0B1F0F013491A9.mvfrm
[199/879    0s] WriteText Library/Bee/artifacts/1900b0aE.dag/Unity.XR.Management.Editor.rsp
[200/879    0s] MovedFromExtractor Library/Bee/artifacts/mvdfrm/UnityEditor.GraphViewModule.dll_877CC7B7E54BA975.mvfrm
[201/879    0s] MovedFromExtractor Library/Bee/artifacts/mvdfrm/UnityEditor.GridModule.dll_192A8E4F38566B78.mvfrm
[202/879    0s] MovedFromExtractor Library/Bee/artifacts/mvdfrm/UnityEditor.Physics2DModule.dll_ECC242E87B25C3CB.mvfrm
[203/879    0s] MovedFromExtractor Library/Bee/artifacts/mvdfrm/UnityEditor.GraphicsStateCollectionSerializerModule.dll_6803A9D5D13887B8.mvfrm
[204/879    0s] MovedFromExtractor Library/Bee/artifacts/mvdfrm/UnityEditor.AdaptivePerformanceModule.dll_E57D6B103C34265C.mvfrm
[205/879    0s] WriteText Library/Bee/artifacts/1900b0aE.dag/Unity.Burst.CodeGen.dll.mvfrm.rsp
[206/879    0s] WriteText Library/Bee/artifacts/1900b0aE.dag/Unity.Collections.CodeGen.dll.mvfrm.rsp
[207/879    0s] MovedFromExtractor Library/Bee/artifacts/mvdfrm/UnityEditor.MultiplayerModule.dll_1DB1FB8A8B6FB39C.mvfrm
[208/879    0s] MovedFromExtractor Library/Bee/artifacts/mvdfrm/UnityEditor.GridAndSnapModule.dll_DE8FE10FAD09424D.mvfrm
[209/879    0s] WriteText Library/Bee/artifacts/1900b0aE.dag/Unity.Collections.CodeGen.rsp
[210/879    0s] MovedFromExtractor Library/Bee/artifacts/mvdfrm/UnityEditor.EmbreeModule.dll_7711F962BF7F67EA.mvfrm
[211/879    0s] WriteText Library/Bee/artifacts/1900b0aE.dag/Unity.Burst.CodeGen.rsp
[212/879    0s] WriteText Library/Bee/artifacts/1900b0aE.dag/Unity.XR.OpenXR.UnityAdditionalFile.txt
[213/879    0s] WriteText Library/Bee/artifacts/1900b0aE.dag/Unity.XR.OpenXR.rsp2
[214/879    0s] WriteText Library/Bee/artifacts/1900b0aE.dag/Unity.XR.OpenXR.dll.mvfrm.rsp
[215/879    0s] WriteText Library/Bee/artifacts/1900b0aE.dag/Unity.XR.OpenXR.rsp
[216/879    0s] WriteText Library/Bee/artifacts/1900b0aE.dag/Unity.InternalAPIEngineBridge.004.rsp2
[217/879    0s] WriteText Library/Bee/artifacts/1900b0aE.dag/Unity.InternalAPIEngineBridge.004.UnityAdditionalFile.txt
[218/879    0s] WriteText Library/Bee/artifacts/1900b0aE.dag/Unity.InternalAPIEngineBridge.004.dll.mvfrm.rsp
[219/879    0s] WriteText Library/Bee/artifacts/1900b0aE.dag/Unity.InternalAPIEngineBridge.004.rsp
[220/879    0s] WriteText Library/Bee/artifacts/1900b0aE.dag/Unity.TextMeshPro.rsp2
[221/879    0s] WriteText Library/Bee/artifacts/1900b0aE.dag/Unity.TextMeshPro.UnityAdditionalFile.txt
[222/879    0s] WriteText Library/Bee/artifacts/1900b0aE.dag/Unity.RenderPipelines.Core.Editor.rsp2
[223/879    0s] WriteText Library/Bee/artifacts/1900b0aE.dag/UnityEngine.XR.LegacyInputHelpers.rsp2
[224/879    0s] WriteText Library/Bee/artifacts/1900b0aE.dag/Unity.RenderPipelines.Core.Editor.UnityAdditionalFile.txt
[225/879    0s] WriteText Library/Bee/artifacts/1900b0aE.dag/UnityEngine.XR.LegacyInputHelpers.UnityAdditionalFile.txt
[226/879    0s] WriteText Library/Bee/artifacts/1900b0aE.dag/Unity.InputSystem.ForUI.rsp2
[227/879    0s] WriteText Library/Bee/artifacts/1900b0aE.dag/Unity.InputSystem.ForUI.UnityAdditionalFile.txt
[228/879    0s] WriteResponseFile Library/Bee/artifacts/rsp/4747638433968585886.rsp
[229/879    0s] WriteText Library/Bee/artifacts/1900b0aE.dag/Unity.TextMeshPro.dll.mvfrm.rsp
[230/879    0s] WriteText Library/Bee/artifacts/1900b0aE.dag/Unity.XR.OpenXR.Editor.rsp2
[231/879    0s] WriteText Library/Bee/artifacts/1900b0aE.dag/Unity.XR.OpenXR.Editor.UnityAdditionalFile.txt
[232/879    0s] WriteText Library/Bee/artifacts/1900b0aE.dag/Unity.TextMeshPro.rsp
[233/879    0s] WriteText Library/Bee/artifacts/1900b0aE.dag/Unity.InputSystem.ForUI.dll.mvfrm.rsp
[234/879    0s] WriteText Library/Bee/artifacts/1900b0aE.dag/UnityEngine.XR.LegacyInputHelpers.dll.mvfrm.rsp
[235/879    0s] WriteText Library/Bee/artifacts/1900b0aE.dag/Unity.RenderPipelines.Core.Editor.dll.mvfrm.rsp
[236/879    0s] WriteText Library/Bee/artifacts/1900b0aE.dag/Unity.InputSystem.ForUI.rsp
[237/879    0s] WriteText Library/Bee/artifacts/1900b0aE.dag/UnityEngine.XR.LegacyInputHelpers.rsp
[238/879    0s] WriteText Library/Bee/artifacts/1900b0aE.dag/Unity.RenderPipelines.Core.Editor.rsp
[239/879    0s] WriteText Library/Bee/artifacts/1900b0aE.dag/Unity.Searcher.Editor.rsp2
[240/879    0s] WriteText Library/Bee/artifacts/1900b0aE.dag/Unity.Searcher.Editor.UnityAdditionalFile.txt
[241/879    0s] WriteText Library/Bee/artifacts/1900b0aE.dag/Unity.ShaderGraph.Utilities.rsp2
[242/879    0s] WriteText Library/Bee/artifacts/1900b0aE.dag/Unity.ShaderGraph.Utilities.UnityAdditionalFile.txt
[243/879    0s] WriteText Library/Bee/artifacts/1900b0aE.dag/Unity.XR.Interaction.Toolkit.UnityAdditionalFile.txt
[244/879    0s] WriteText Library/Bee/artifacts/1900b0aE.dag/Unity.Searcher.Editor.dll.mvfrm.rsp
[245/879    0s] WriteText Library/Bee/artifacts/1900b0aE.dag/Unity.XR.Interaction.Toolkit.rsp2
[246/879    0s] WriteText Library/Bee/artifacts/1900b0aE.dag/Unity.XR.OpenXR.Editor.dll.mvfrm.rsp
[247/879    0s] WriteText Library/Bee/artifacts/1900b0aE.dag/Unity.Searcher.Editor.rsp
[248/879    0s] WriteText Library/Bee/artifacts/1900b0aE.dag/Unity.ShaderGraph.Utilities.dll.mvfrm.rsp
[249/879    0s] WriteText Library/Bee/artifacts/1900b0aE.dag/Unity.XR.OpenXR.Editor.rsp
[250/879    0s] WriteText Library/Bee/artifacts/1900b0aE.dag/Unity.XR.OpenXR.Features.MetaQuestSupport.UnityAdditionalFile.txt
[251/879    0s] WriteText Library/Bee/artifacts/1900b0aE.dag/Unity.ShaderGraph.Utilities.rsp
[252/879    0s] WriteText Library/Bee/artifacts/1900b0aE.dag/Unity.XR.OpenXR.Features.MetaQuestSupport.rsp2
[253/879    0s] WriteText Library/Bee/artifacts/1900b0aE.dag/Unity.RenderPipelines.Universal.2D.Runtime.rsp2
[254/879    0s] WriteText Library/Bee/artifacts/1900b0aE.dag/Unity.XR.Interaction.Toolkit.dll.mvfrm.rsp
[255/879    0s] WriteText Library/Bee/artifacts/1900b0aE.dag/Unity.ShaderGraph.Editor.UnityAdditionalFile.txt
[256/879    0s] WriteText Library/Bee/artifacts/1900b0aE.dag/Unity.RenderPipelines.Universal.2D.Runtime.UnityAdditionalFile.txt
[257/879    0s] WriteText Library/Bee/artifacts/1900b0aE.dag/Unity.Burst.Editor.UnityAdditionalFile.txt
[258/879    0s] WriteText Library/Bee/artifacts/1900b0aE.dag/Unity.ShaderGraph.Editor.rsp2
[259/879    0s] WriteText Library/Bee/artifacts/1900b0aE.dag/Unity.Burst.Editor.rsp2
[260/879    0s] WriteText Library/Bee/artifacts/1900b0aE.dag/Unity.Mathematics.Editor.UnityAdditionalFile.txt
[261/879    0s] WriteText Library/Bee/artifacts/1900b0aE.dag/Unity.RenderPipelines.Core.Editor.Shared.UnityAdditionalFile.txt
[262/879    0s] WriteText Library/Bee/artifacts/1900b0aE.dag/Unity.Mathematics.Editor.rsp2
[263/879    0s] WriteText Library/Bee/artifacts/1900b0aE.dag/Unity.RenderPipelines.Core.Editor.Shared.rsp2
[264/879    0s] WriteText Library/Bee/artifacts/1900b0aE.dag/Unity.XR.Interaction.Toolkit.rsp
[265/879    0s] WriteText Library/Bee/artifacts/1900b0aE.dag/Unity.XR.OpenXR.Features.MetaQuestSupport.rsp
[266/879    0s] WriteText Library/Bee/artifacts/1900b0aE.dag/Unity.RenderPipelines.Universal.2D.Runtime.dll.mvfrm.rsp
[267/879    0s] WriteText Library/Bee/artifacts/1900b0aE.dag/Unity.ShaderGraph.Editor.dll.mvfrm.rsp
[268/879    0s] WriteText Library/Bee/artifacts/1900b0aE.dag/Unity.XR.OpenXR.Features.MetaQuestSupport.dll.mvfrm.rsp
[269/879    0s] WriteText Library/Bee/artifacts/1900b0aE.dag/Unity.RenderPipelines.Core.Editor.Shared.dll.mvfrm.rsp
[270/879    0s] WriteText Library/Bee/artifacts/1900b0aE.dag/Unity.Mathematics.Editor.dll.mvfrm.rsp
[271/879    0s] WriteText Library/Bee/artifacts/1900b0aE.dag/Unity.Burst.Editor.dll.mvfrm.rsp
[272/879    0s] WriteText Library/Bee/artifacts/1900b0aE.dag/Unity.Burst.Editor.rsp
[273/879    0s] WriteText Library/Bee/artifacts/1900b0aE.dag/Unity.ShaderGraph.Editor.rsp
[274/879    0s] WriteText Library/Bee/artifacts/1900b0aE.dag/Unity.Mathematics.Editor.rsp
[275/879    0s] WriteText Library/Bee/artifacts/1900b0aE.dag/Unity.RenderPipelines.Core.Editor.Shared.rsp
[276/879    0s] WriteText Library/Bee/artifacts/1900b0aE.dag/Unity.RenderPipelines.Universal.2D.Runtime.rsp
[277/879    0s] WriteText Library/Bee/artifacts/1900b0aE.dag/Unity.XR.Interaction.Toolkit.Analytics.Editor.UnityAdditionalFile.txt
[278/879    0s] WriteText Library/Bee/artifacts/1900b0aE.dag/Unity.XR.Interaction.Toolkit.Analytics.Editor.rsp2
[279/879    0s] WriteText Library/Bee/artifacts/1900b0aE.dag/Unity.XR.Interaction.Toolkit.Editor.rsp2
[280/879    0s] WriteText Library/Bee/artifacts/1900b0aE.dag/Unity.XR.OpenXR.Features.OculusQuestSupport.rsp2
[281/879    0s] WriteText Library/Bee/artifacts/1900b0aE.dag/Unity.XR.Interaction.Toolkit.Editor.UnityAdditionalFile.txt
[282/879    0s] WriteText Library/Bee/artifacts/1900b0aE.dag/Unity.XR.OpenXR.Features.OculusQuestSupport.UnityAdditionalFile.txt
[283/879    0s] WriteText Library/Bee/artifacts/1900b0aE.dag/Unity.XR.OpenXR.Features.RuntimeDebugger.UnityAdditionalFile.txt
[284/879    0s] WriteText Library/Bee/artifacts/1900b0aE.dag/Unity.XR.OpenXR.Features.RuntimeDebugger.rsp2
[285/879    0s] WriteText Library/Bee/artifacts/1900b0aE.dag/Unity.XR.Interaction.Toolkit.Analytics.Editor.dll.mvfrm.rsp
[286/879    0s] WriteText Library/Bee/artifacts/1900b0aE.dag/Unity.XR.Interaction.Toolkit.Editor.dll.mvfrm.rsp
[287/879    0s] WriteText Library/Bee/artifacts/1900b0aE.dag/Unity.XR.OpenXR.Features.OculusQuestSupport.dll.mvfrm.rsp
[288/879    0s] WriteText Library/Bee/artifacts/1900b0aE.dag/Unity.RenderPipelines.Universal.Editor.UnityAdditionalFile.txt
[289/879    0s] WriteText Library/Bee/artifacts/1900b0aE.dag/Unity.XR.Interaction.Toolkit.Analytics.Editor.rsp
[290/879    0s] WriteText Library/Bee/artifacts/1900b0aE.dag/Unity.XR.OpenXR.Features.RuntimeDebugger.dll.mvfrm.rsp
[291/879    0s] WriteText Library/Bee/artifacts/1900b0aE.dag/Unity.RenderPipelines.Universal.Editor.rsp2
[292/879    0s] WriteText Library/Bee/artifacts/1900b0aE.dag/Unity.XR.OpenXR.Features.OculusQuestSupport.rsp
[293/879    0s] WriteText Library/Bee/artifacts/1900b0aE.dag/Unity.XR.Interaction.Toolkit.Editor.rsp
[294/879    0s] WriteText Library/Bee/artifacts/1900b0aE.dag/Unity.XR.OpenXR.Features.RuntimeDebugger.rsp
[295/879    0s] WriteText Library/Bee/artifacts/1900b0aE.dag/Unity.RenderPipelines.Universal.Editor.dll.mvfrm.rsp
[296/879    0s] WriteText Library/Bee/artifacts/1900b0aE.dag/Unity.RenderPipelines.Universal.Editor.rsp
[297/879    0s] WriteText Library/Bee/artifacts/1900b0aE.dag/Unity.XR.OpenXR.Features.MockRuntime.UnityAdditionalFile.txt
[298/879    0s] WriteText Library/Bee/artifacts/1900b0aE.dag/Unity.XR.OpenXR.Features.MockRuntime.rsp2
[299/879    0s] WriteText Library/Bee/artifacts/1900b0aE.dag/Unity.RenderPipelines.Universal.2D.Editor.Overrides.UnityAdditionalFile.txt
[300/879    0s] WriteText Library/Bee/artifacts/1900b0aE.dag/Unity.Collections.Editor.UnityAdditionalFile.txt
[301/879    0s] WriteText Library/Bee/artifacts/1900b0aE.dag/Unity.XR.OpenXR.Features.OculusQuestSupport.Editor.UnityAdditionalFile.txt
[302/879    0s] WriteText Library/Bee/artifacts/1900b0aE.dag/Unity.RenderPipelines.Universal.Shaders.UnityAdditionalFile.txt
[303/879    0s] WriteText Library/Bee/artifacts/1900b0aE.dag/Unity.Collections.Editor.rsp2
[304/879    0s] WriteText Library/Bee/artifacts/1900b0aE.dag/Unity.RenderPipelines.Universal.Shaders.rsp2
[305/879    0s] WriteText Library/Bee/artifacts/1900b0aE.dag/Unity.PerformanceTesting.rsp2
[306/879    0s] WriteText Library/Bee/artifacts/1900b0aE.dag/Unity.RenderPipelines.Universal.2D.Editor.Overrides.rsp2
[307/879    0s] WriteText Library/Bee/artifacts/1900b0aE.dag/Unity.PerformanceTesting.UnityAdditionalFile.txt
[308/879    0s] WriteText Library/Bee/artifacts/1900b0aE.dag/Unity.Rendering.LightTransport.Editor.UnityAdditionalFile.txt
[309/879    0s] WriteText Library/Bee/artifacts/1900b0aE.dag/Unity.InputSystem.ForUI.Editor.UnityAdditionalFile.txt
[310/879    0s] WriteText Library/Bee/artifacts/1900b0aE.dag/Unity.Rendering.LightTransport.Editor.rsp2
[311/879    0s] WriteText Library/Bee/artifacts/1900b0aE.dag/Unity.InputSystem.ForUI.Editor.rsp2
[312/879    0s] WriteText Library/Bee/artifacts/1900b0aE.dag/Unity.RenderPipelines.Core.ShaderLibrary.UnityAdditionalFile.txt
[313/879    0s] WriteText Library/Bee/artifacts/1900b0aE.dag/Unity.RenderPipelines.Core.ShaderLibrary.rsp2
[314/879    0s] WriteText Library/Bee/artifacts/1900b0aE.dag/Unity.TextMeshPro.Editor.UnityAdditionalFile.txt
[315/879    0s] WriteText Library/Bee/artifacts/1900b0aE.dag/Unity.RenderPipelines.ShaderGraph.ShaderGraphLibrary.UnityAdditionalFile.txt
[316/879    0s] WriteText Library/Bee/artifacts/1900b0aE.dag/Unity.RenderPipelines.ShaderGraph.ShaderGraphLibrary.rsp2
[317/879    0s] WriteText Library/Bee/artifacts/1900b0aE.dag/Unity.TextMeshPro.Editor.rsp2
[318/879    0s] WriteText Library/Bee/artifacts/1900b0aE.dag/Unity.XR.Interaction.Toolkit.Analytics.Hooks.Editor.UnityAdditionalFile.txt
[319/879    0s] WriteText Library/Bee/artifacts/1900b0aE.dag/Unity.XR.OpenXR.Features.ConformanceAutomation.UnityAdditionalFile.txt
[320/879    0s] WriteText Library/Bee/artifacts/1900b0aE.dag/Unity.XR.Interaction.Toolkit.Analytics.Hooks.Editor.rsp2
[321/879    0s] WriteText Library/Bee/artifacts/1900b0aE.dag/Unity.XR.OpenXR.Features.ConformanceAutomation.rsp2
[322/879    0s] WriteText Library/Bee/artifacts/1900b0aE.dag/Unity.XR.OpenXR.Features.MetaQuestSupport.Editor.UnityAdditionalFile.txt
[323/879    0s] WriteText Library/Bee/artifacts/1900b0aE.dag/Unity.XR.OpenXR.Features.MetaQuestSupport.Editor.rsp2
[324/879    0s] WriteText Library/Bee/artifacts/1900b0aE.dag/Unity.XR.OpenXR.Features.OculusQuestSupport.Editor.rsp2
[325/879    0s] WriteText Library/Bee/artifacts/1900b0aE.dag/Unity.XR.OpenXR.Features.RuntimeDebugger.Editor.rsp2
[326/879    0s] WriteText Library/Bee/artifacts/1900b0aE.dag/Unity.XR.OpenXR.Features.RuntimeDebugger.Editor.UnityAdditionalFile.txt
[327/879    0s] WriteText Library/Bee/artifacts/1900b0aE.dag/UnityEditor.SpatialTracking.UnityAdditionalFile.txt
[328/879    0s] WriteText Library/Bee/artifacts/1900b0aE.dag/UnityEditor.SpatialTracking.rsp2
[329/879    0s] WriteText Library/Bee/artifacts/1900b0aE.dag/UnityEditor.UI.Analytics.UnityAdditionalFile.txt
[330/879    0s] WriteText Library/Bee/artifacts/1900b0aE.dag/UnityEditor.UI.Analytics.rsp2
[331/879    0s] WriteText Library/Bee/artifacts/1900b0aE.dag/UnityEditor.XR.LegacyInputHelpers.UnityAdditionalFile.txt
[332/879    0s] WriteText Library/Bee/artifacts/1900b0aE.dag/UnityEditor.XR.LegacyInputHelpers.rsp2
[333/879    0s] WriteText Library/Bee/artifacts/1900b0aE.dag/Unity.XR.OpenXR.Features.MockRuntime.dll.mvfrm.rsp
[334/879    0s] WriteText Library/Bee/artifacts/1900b0aE.dag/Unity.Collections.Editor.dll.mvfrm.rsp
[335/879    0s] WriteText Library/Bee/artifacts/1900b0aE.dag/Unity.RenderPipelines.Universal.2D.Editor.Overrides.dll.mvfrm.rsp
[336/879    0s] WriteText Library/Bee/artifacts/1900b0aE.dag/Unity.PerformanceTesting.dll.mvfrm.rsp
[337/879    0s] WriteText Library/Bee/artifacts/1900b0aE.dag/Unity.XR.OpenXR.Features.OculusQuestSupport.Editor.dll.mvfrm.rsp
[338/879    0s] WriteText Library/Bee/artifacts/1900b0aE.dag/Unity.XR.OpenXR.Features.RuntimeDebugger.Editor.dll.mvfrm.rsp
[339/879    0s] WriteText Library/Bee/artifacts/1900b0aE.dag/Unity.InputSystem.ForUI.Editor.dll.mvfrm.rsp
[340/879    0s] WriteText Library/Bee/artifacts/1900b0aE.dag/Unity.RenderPipelines.Universal.Shaders.dll.mvfrm.rsp
[341/879    0s] WriteText Library/Bee/artifacts/1900b0aE.dag/UnityEditor.XR.LegacyInputHelpers.dll.mvfrm.rsp
[342/879    0s] WriteText Library/Bee/artifacts/1900b0aE.dag/Unity.XR.Interaction.Toolkit.Analytics.Hooks.Editor.dll.mvfrm.rsp
[343/879    0s] WriteText Library/Bee/artifacts/1900b0aE.dag/UnityEditor.UI.Analytics.dll.mvfrm.rsp
[344/879    0s] WriteText Library/Bee/artifacts/1900b0aE.dag/Unity.XR.OpenXR.Features.ConformanceAutomation.dll.mvfrm.rsp
[345/879    0s] WriteText Library/Bee/artifacts/1900b0aE.dag/Unity.TextMeshPro.Editor.dll.mvfrm.rsp
[346/879    0s] WriteText Library/Bee/artifacts/1900b0aE.dag/Unity.RenderPipelines.ShaderGraph.ShaderGraphLibrary.dll.mvfrm.rsp
[347/879    0s] WriteText Library/Bee/artifacts/1900b0aE.dag/Unity.Rendering.LightTransport.Editor.dll.mvfrm.rsp
[348/879    0s] WriteText Library/Bee/artifacts/1900b0aE.dag/Unity.XR.OpenXR.Features.MetaQuestSupport.Editor.dll.mvfrm.rsp
[349/879    0s] WriteText Library/Bee/artifacts/1900b0aE.dag/Unity.RenderPipelines.Core.ShaderLibrary.dll.mvfrm.rsp
[350/879    0s] WriteText Library/Bee/artifacts/1900b0aE.dag/UnityEditor.SpatialTracking.dll.mvfrm.rsp
[351/879    0s] WriteText Library/Bee/artifacts/1900b0aE.dag/Unity.XR.OpenXR.Features.MockRuntime.rsp
[352/879    0s] WriteText Library/Bee/artifacts/1900b0aE.dag/UnityEditor.XR.LegacyInputHelpers.rsp
[353/879    0s] WriteText Library/Bee/artifacts/1900b0aE.dag/Unity.XR.OpenXR.Features.ConformanceAutomation.rsp
[354/879    0s] WriteText Library/Bee/artifacts/1900b0aE.dag/Unity.XR.OpenXR.Features.RuntimeDebugger.Editor.rsp
[355/879    0s] WriteText Library/Bee/artifacts/1900b0aE.dag/Unity.XR.OpenXR.Features.MetaQuestSupport.Editor.rsp
[356/879    0s] WriteText Library/Bee/artifacts/1900b0aE.dag/Unity.Collections.Editor.rsp
[357/879    0s] WriteText Library/Bee/artifacts/1900b0aE.dag/UnityEditor.SpatialTracking.rsp
[358/879    0s] WriteText Library/Bee/artifacts/1900b0aE.dag/Unity.RenderPipelines.Universal.2D.Editor.Overrides.rsp
[359/879    0s] WriteText Library/Bee/artifacts/1900b0aE.dag/Unity.Rendering.LightTransport.Editor.rsp
[360/879    0s] WriteText Library/Bee/artifacts/1900b0aE.dag/Unity.TextMeshPro.Editor.rsp
[361/879    0s] WriteText Library/Bee/artifacts/1900b0aE.dag/Unity.InputSystem.ForUI.Editor.rsp
[362/879    0s] WriteText Library/Bee/artifacts/1900b0aE.dag/Unity.PerformanceTesting.rsp
[363/879    0s] WriteText Library/Bee/artifacts/1900b0aE.dag/Unity.XR.Interaction.Toolkit.Analytics.Hooks.Editor.rsp
[364/879    0s] WriteText Library/Bee/artifacts/1900b0aE.dag/Unity.RenderPipelines.ShaderGraph.ShaderGraphLibrary.rsp
[365/879    0s] WriteText Library/Bee/artifacts/1900b0aE.dag/Unity.RenderPipelines.Universal.Shaders.rsp
[366/879    0s] WriteText Library/Bee/artifacts/1900b0aE.dag/Unity.XR.OpenXR.Features.OculusQuestSupport.Editor.rsp
[367/879    0s] WriteText Library/Bee/artifacts/1900b0aE.dag/UnityEditor.UI.Analytics.rsp
[368/879    0s] WriteText Library/Bee/artifacts/1900b0aE.dag/Unity.RenderPipelines.Core.ShaderLibrary.rsp
[369/879    0s] WriteText Library/Bee/artifacts/1900b0aE.dag/PPv2URPConverters.rsp2
[370/879    0s] WriteText Library/Bee/artifacts/1900b0aE.dag/PPv2URPConverters.UnityAdditionalFile.txt
[371/879    0s] WriteText Library/Bee/artifacts/1900b0aE.dag/PPv2URPConverters.dll.mvfrm.rsp
[372/879    0s] WriteText Library/Bee/artifacts/1900b0aE.dag/PPv2URPConverters.rsp
[373/879    0s] MovedFromExtractor Library/Bee/artifacts/mvdfrm/UnityEditor.DiagnosticsModule.dll_D4D6FA8E29A4855E.mvfrm
[374/879    0s] WriteText Library/Bee/artifacts/1900b0aE.dag/Unity.XR.OpenXR.TestTooling.dll.mvfrm.rsp
[375/879    0s] WriteText Library/Bee/artifacts/1900b0aE.dag/Unity.InputSystem.TestFramework.dll.mvfrm.rsp
[376/879    0s] WriteText Library/Bee/artifacts/1900b0aE.dag/Unity.XR.OpenXR.TestTooling.UnityAdditionalFile.txt
[377/879    0s] WriteText Library/Bee/artifacts/1900b0aE.dag/Unity.XR.Interaction.Toolkit.CodeSamples.Tests.dll.mvfrm.rsp
[378/879    0s] WriteText Library/Bee/artifacts/1900b0aE.dag/Assembly-CSharp-Editor.dll.mvfrm.rsp
[379/879    0s] WriteText Library/Bee/artifacts/1900b0aE.dag/Unity.PerformanceTesting.Editor.dll.mvfrm.rsp
[380/879    0s] WriteText Library/Bee/artifacts/1900b0aE.dag/Unity.XR.OpenXR.TestTooling.rsp2
[381/879    0s] WriteText Library/Bee/artifacts/1900b0aE.dag/Unity.PerformanceTesting.Editor.UnityAdditionalFile.txt
[382/879    0s] WriteText Library/Bee/artifacts/1900b0aE.dag/Unity.InputSystem.TestFramework.rsp2
[383/879    0s] WriteText Library/Bee/artifacts/1900b0aE.dag/Unity.InputSystem.TestFramework.UnityAdditionalFile.txt
[384/879    0s] WriteText Library/Bee/artifacts/1900b0aE.dag/Unity.InputSystem.DocCodeSamples.dll.mvfrm.rsp
[385/879    0s] WriteText Library/Bee/artifacts/1900b0aE.dag/Unity.InputSystem.TestFramework.rsp
[386/879    0s] WriteText Library/Bee/artifacts/1900b0aE.dag/Unity.PerformanceTesting.Editor.rsp2
[387/879    0s] WriteText Library/Bee/artifacts/1900b0aE.dag/Unity.InputSystem.DocCodeSamples.rsp2
[388/879    0s] WriteText Library/Bee/artifacts/1900b0aE.dag/Unity.XR.Interaction.Toolkit.CodeSamples.Tests.rsp2
[389/879    0s] WriteText Library/Bee/artifacts/1900b0aE.dag/Unity.XR.OpenXR.TestTooling.rsp
[390/879    0s] WriteText Library/Bee/artifacts/1900b0aE.dag/Unity.InputSystem.DocCodeSamples.UnityAdditionalFile.txt
[391/879    0s] WriteText Library/Bee/artifacts/1900b0aE.dag/Assembly-CSharp-Editor.rsp2
[392/879    0s] WriteResponseFile Library/Bee/artifacts/rsp/6395847020536617641.rsp
[393/879    0s] WriteText Library/Bee/artifacts/1900b0aE.dag/Unity.XR.Interaction.Toolkit.CodeSamples.Tests.UnityAdditionalFile.txt
[394/879    0s] WriteText Library/Bee/artifacts/1900b0aE.dag/Assembly-CSharp-Editor.UnityAdditionalFile.txt
[395/879    0s] WriteText Library/Bee/artifacts/1900b0aE.dag/Unity.XR.Interaction.Toolkit.CodeSamples.Tests.rsp
[396/879    0s] WriteResponseFile Library/Bee/artifacts/rsp/3064155424177982801.rsp
[397/879    0s] WriteText Library/Bee/artifacts/1900b0aE.dag/Unity.PerformanceTesting.Editor.rsp
[398/879    0s] WriteResponseFile Library/Bee/artifacts/rsp/6146630326014295711.rsp
[399/879    0s] WriteText Library/Bee/artifacts/1900b0aE.dag/Assembly-CSharp-Editor.rsp
[400/879    0s] WriteText Library/Bee/artifacts/1900b0aE.dag/Unity.InputSystem.DocCodeSamples.rsp
[401/879    0s] WriteResponseFile Library/Bee/artifacts/rsp/17346584914308636752.rsp
[402/879    0s] WriteResponseFile Library/Bee/artifacts/rsp/13686715218353603589.rsp
[403/879    0s] WriteResponseFile Library/Bee/artifacts/rsp/1237274906319909237.rsp
[404/879    0s] WriteResponseFile Library/Bee/artifacts/rsp/4014436084419441659.rsp
[405/879    0s] WriteResponseFile Library/Bee/artifacts/rsp/11294775302662683298.rsp
[406/879    0s] WriteResponseFile Library/Bee/artifacts/rsp/17525389461119239690.rsp
[407/879    0s] WriteResponseFile Library/Bee/artifacts/rsp/5916180605834378387.rsp
[408/879    0s] WriteResponseFile Library/Bee/artifacts/rsp/10411718816959651794.rsp
[409/879    0s] WriteResponseFile Library/Bee/artifacts/rsp/10397561839769426034.rsp
[410/879    0s] WriteResponseFile Library/Bee/artifacts/rsp/15085861467720516389.rsp
[411/879    0s] WriteResponseFile Library/Bee/artifacts/rsp/5546506141355401238.rsp
[412/879    0s] WriteResponseFile Library/Bee/artifacts/rsp/10010842633742469623.rsp
[413/879    0s] WriteResponseFile Library/Bee/artifacts/rsp/14647113126751640225.rsp
[414/879    0s] WriteResponseFile Library/Bee/artifacts/rsp/2897256077774953845.rsp
[415/879    0s] WriteResponseFile Library/Bee/artifacts/rsp/2846982255732384137.rsp
[416/879    0s] WriteResponseFile Library/Bee/artifacts/rsp/2466938678627382556.rsp
[417/879    0s] WriteResponseFile Library/Bee/artifacts/rsp/415432457928625878.rsp
[418/879    0s] WriteResponseFile Library/Bee/artifacts/rsp/7606483801609891643.rsp
[419/879    0s] WriteResponseFile Library/Bee/artifacts/rsp/15455303425587971764.rsp
[420/879    0s] WriteResponseFile Library/Bee/artifacts/rsp/5803490648119114145.rsp
[421/879    0s] WriteResponseFile Library/Bee/artifacts/rsp/1221103008370360376.rsp
[422/879    0s] WriteResponseFile Library/Bee/artifacts/rsp/4135458651261243065.rsp
[423/879    0s] WriteResponseFile Library/Bee/artifacts/rsp/2082179624159626967.rsp
[424/879    0s] WriteResponseFile Library/Bee/artifacts/rsp/13909235412005675431.rsp
[425/879    0s] WriteResponseFile Library/Bee/artifacts/rsp/9870516708743257357.rsp
[426/879    0s] WriteResponseFile Library/Bee/artifacts/rsp/18218310762646611085.rsp
[427/879    0s] WriteResponseFile Library/Bee/artifacts/rsp/11743693788726679458.rsp
[428/879    0s] WriteResponseFile Library/Bee/artifacts/rsp/2157608619508796868.rsp
[429/879    0s] WriteResponseFile Library/Bee/artifacts/rsp/8860347324984707772.rsp
[430/879    0s] WriteResponseFile Library/Bee/artifacts/rsp/15958407531564136273.rsp
[431/879    0s] WriteResponseFile Library/Bee/artifacts/rsp/1418726328684876121.rsp
[432/879    0s] WriteResponseFile Library/Bee/artifacts/rsp/9131395799607273628.rsp
[433/879    0s] WriteResponseFile Library/Bee/artifacts/rsp/6262281476893245489.rsp
[434/879    0s] WriteResponseFile Library/Bee/artifacts/rsp/2953117779104569460.rsp
[435/879    0s] WriteResponseFile Library/Bee/artifacts/rsp/14566447020836459352.rsp
[436/879    0s] WriteResponseFile Library/Bee/artifacts/rsp/10292501669419677951.rsp
[437/879    0s] WriteResponseFile Library/Bee/artifacts/rsp/15183149355271759364.rsp
[438/879    0s] WriteResponseFile Library/Bee/artifacts/rsp/2945965914099044388.rsp
[439/879    0s] WriteResponseFile Library/Bee/artifacts/rsp/11820488456832421373.rsp
[440/879    0s] WriteResponseFile Library/Bee/artifacts/rsp/2143737779245182908.rsp
[441/879    0s] WriteResponseFile Library/Bee/artifacts/rsp/12248871281822510316.rsp
[442/879    0s] WriteResponseFile Library/Bee/artifacts/rsp/4663329790075377241.rsp
[443/879    0s] WriteResponseFile Library/Bee/artifacts/rsp/1646394669459005318.rsp
[444/879    0s] WriteResponseFile Library/Bee/artifacts/rsp/2781082588993088484.rsp
[445/879    0s] WriteResponseFile Library/Bee/artifacts/rsp/6841316898876630997.rsp
[446/879    0s] WriteResponseFile Library/Bee/artifacts/rsp/17296387151066238333.rsp
[447/879    0s] WriteResponseFile Library/Bee/artifacts/rsp/13160698070164861181.rsp
[448/879    0s] WriteResponseFile Library/Bee/artifacts/rsp/8863518860715653438.rsp
[449/879    0s] WriteResponseFile Library/Bee/artifacts/rsp/147470109805389196.rsp
[450/879    0s] WriteResponseFile Library/Bee/artifacts/rsp/9703144790800738880.rsp
[451/879    0s] WriteResponseFile Library/Bee/artifacts/rsp/15394042617203071315.rsp
[452/879    0s] WriteResponseFile Library/Bee/artifacts/rsp/6947401630772442630.rsp
[453/879    0s] WriteResponseFile Library/Bee/artifacts/rsp/1488387367365330867.rsp
[454/879    0s] WriteResponseFile Library/Bee/artifacts/rsp/12812556936427222528.rsp
[455/879    0s] WriteResponseFile Library/Bee/artifacts/rsp/14814235663552238418.rsp
[456/879    0s] WriteResponseFile Library/Bee/artifacts/rsp/11721167980350881331.rsp
[457/879    0s] WriteResponseFile Library/Bee/artifacts/rsp/5686099315413121604.rsp
[458/879    0s] WriteResponseFile Library/Bee/artifacts/rsp/9675442845102135732.rsp
[459/879    0s] WriteResponseFile Library/Bee/artifacts/rsp/3617466885801794984.rsp
[460/879    0s] WriteResponseFile Library/Bee/artifacts/rsp/12900333509587573630.rsp
[461/879    0s] WriteResponseFile Library/Bee/artifacts/rsp/8166486921578947860.rsp
[462/879    0s] MovedFromExtractor Library/Bee/artifacts/mvdfrm/UnityEditor.DeviceSimulatorModule.dll_5A8DBC3F83889710.mvfrm
[463/879    0s] MovedFromExtractor Library/Bee/artifacts/mvdfrm/UnityEditor.ClothModule.dll_FFAF34AC73380E8C.mvfrm
[464/879    0s] MovedFromExtractor Library/Bee/artifacts/mvdfrm/UnityEditor.BuildProfileModule.dll_287CD4C120B45F9D.mvfrm
[465/879    0s] MovedFromExtractor Library/Bee/artifacts/mvdfrm/UnityEditor.WindowsStandalone.Extensions.dll_104869791902ED2F.mvfrm
[466/879    0s] MovedFromExtractor Library/Bee/artifacts/mvdfrm/UnityEngine.HierarchyModule.dll_2AD6BF7C88AA9A1C.mvfrm
[467/879    0s] MovedFromExtractor Library/Bee/artifacts/mvdfrm/UnityEditor.CoreBusinessMetricsModule.dll_6568648A627B5556.mvfrm
[468/879    0s] MovedFromExtractor Library/Bee/artifacts/mvdfrm/UnityEditor.EditorToolbarModule.dll_2D7674F2D00082E0.mvfrm
[469/879    0s] MovedFromExtractor Library/Bee/artifacts/mvdfrm/UnityEditor.AssetComplianceModule.dll_9368CC2DFE447B3D.mvfrm
[470/879    0s] MovedFromExtractor Library/Bee/artifacts/mvdfrm/UnityEditor.HierarchyModule.dll_74F0CE93A32AE837.mvfrm
[471/879    0s] MovedFromExtractor Library/Bee/artifacts/mvdfrm/UnityEditor.CoreModule.dll_3BB972612001D581.mvfrm
[472/879    0s] MovedFromExtractor Library/Bee/artifacts/mvdfrm/UnityEditor.GIModule.dll_EB5D080243023204.mvfrm
[473/879    0s] MovedFromExtractor Library/Bee/artifacts/mvdfrm/Unity.Burst.Unsafe.dll_21890BB978BF4350.mvfrm
[474/879    0s] MovedFromExtractor Library/Bee/artifacts/mvdfrm/Unity.Collections.LowLevel.ILSupport.dll_A0511C3BF487B301.mvfrm
[475/879    0s] MovedFromExtractor Library/Bee/artifacts/mvdfrm/UnityEditor.Graphs.dll_EE3CE096DF399EB3.mvfrm
[476/879    0s] MovedFromExtractor Library/Bee/artifacts/mvdfrm/UnityEngine.AMDModule.dll_8564AFE3B90ABCBF.mvfrm
[477/879    0s] MovedFromExtractor Library/Bee/artifacts/mvdfrm/UnityEngine.NVIDIAModule.dll_CF23114A1D1C8298.mvfrm
[478/879    0s] MovedFromExtractor Library/Bee/artifacts/mvdfrm/Unity.Burst.Cecil.Pdb.dll_44523F6B619211D3.mvfrm
[479/879    0s] MovedFromExtractor Library/Bee/artifacts/mvdfrm/Unity.Burst.Cecil.dll_FAA4E5A1BE03D053.mvfrm
[480/879    0s] MovedFromExtractor Library/Bee/artifacts/mvdfrm/Unity.CompilationPipeline.Common.dll_36B09130E1186C0F.mvfrm
[481/879    0s] MovedFromExtractor Library/Bee/artifacts/mvdfrm/Unity.Burst.Cecil.Mdb.dll_2CFFC6FBE2DD1050.mvfrm
[482/879    0s] MovedFromExtractor Library/Bee/artifacts/mvdfrm/Unity.Burst.Cecil.Rocks.dll_4860FB3DE0B45A53.mvfrm
[483/879    0s] MovedFromExtractor-Combine Library/Bee/artifacts/1900b0aE.dag/UnityEngine.TestRunner.dll.mvfrm
[484/879    0s] MovedFromExtractor-Combine Library/Bee/artifacts/1900b0aE.dag/UnityEngine.UI.dll.mvfrm
[BUSY       6s] Csc Library/Bee/artifacts/1900b0aE.dag/UnityEngine.TestRunner.dll (+2 others)
[485/879    7s] Csc Library/Bee/artifacts/1900b0aE.dag/UnityEngine.TestRunner.dll (+2 others)
[486/879    7s] Csc Library/Bee/artifacts/1900b0aE.dag/UnityEngine.UI.dll (+2 others)
[           0s] Csc Library/Bee/artifacts/1900b0aE.dag/UnityEngine.TestRunner.dll (+2 others) [CacheWrite 00000000000000000000000000000005]
[           0s] Csc Library/Bee/artifacts/1900b0aE.dag/UnityEngine.UI.dll (+2 others) [CacheWrite 00000000000000000000000000000005]
[487/879    0s] CopyFiles Library/ScriptAssemblies/UnityEngine.TestRunner.pdb
[488/879    0s] CopyFiles Library/ScriptAssemblies/UnityEngine.TestRunner.dll
[489/879    0s] MovedFromExtractor Library/Bee/artifacts/mvdfrm/UnityEngine.UI.ref.dll_08FEAA520A2EFD60.mvfrm
[490/879    0s] MovedFromExtractor Library/Bee/artifacts/mvdfrm/UnityEngine.TestRunner.ref.dll_E55D0F7C63F01D9E.mvfrm
[491/879    0s] MovedFromExtractor-Combine Library/Bee/artifacts/1900b0aE.dag/UnityEditor.TestRunner.dll.mvfrm
[492/879    0s] Csc Library/Bee/artifacts/1900b0aE.dag/UnityEditor.TestRunner.dll (+2 others)
[           0s] Csc Library/Bee/artifacts/1900b0aE.dag/UnityEditor.TestRunner.dll (+2 others) [CacheWrite 00000000000000000000000000000005]
[493/879    0s] CopyFiles Library/ScriptAssemblies/UnityEditor.TestRunner.pdb
[494/879    0s] CopyFiles Library/ScriptAssemblies/UnityEditor.TestRunner.dll
[495/879    0s] MovedFromExtractor Library/Bee/artifacts/mvdfrm/UnityEditor.TestRunner.ref.dll_193EC4CE382CBFB3.mvfrm
[496/879    0s] MovedFromExtractor-Combine Library/Bee/artifacts/1900b0aE.dag/UnityEditor.UI.dll.mvfrm
[497/879    0s] Csc Library/Bee/artifacts/1900b0aE.dag/UnityEditor.UI.dll (+2 others)
[           0s] Csc Library/Bee/artifacts/1900b0aE.dag/UnityEditor.UI.dll (+2 others) [CacheWrite 00000000000000000000000000000005]
[498/879    0s] MovedFromExtractor Library/Bee/artifacts/mvdfrm/UnityEditor.UI.ref.dll_4C98D3F7040CD4F5.mvfrm
[499/879    0s] MovedFromExtractor-Combine Library/Bee/artifacts/1900b0aE.dag/Unity.XR.Management.dll.mvfrm
[500/879    0s] MovedFromExtractor-Combine Library/Bee/artifacts/1900b0aE.dag/Unity.RenderPipelines.Core.ShaderLibrary.dll.mvfrm
[501/879    0s] MovedFromExtractor-Combine Library/Bee/artifacts/1900b0aE.dag/Unity.Searcher.Editor.dll.mvfrm
[502/879    0s] MovedFromExtractor-Combine Library/Bee/artifacts/1900b0aE.dag/Unity.Mathematics.dll.mvfrm
[503/879    0s] MovedFromExtractor-Combine Library/Bee/artifacts/1900b0aE.dag/Unity.Burst.dll.mvfrm
[504/879    0s] MovedFromExtractor-Combine Library/Bee/artifacts/1900b0aE.dag/Unity.Rendering.LightTransport.Editor.dll.mvfrm
[505/879    0s] MovedFromExtractor-Combine Library/Bee/artifacts/1900b0aE.dag/Unity.RenderPipelines.ShaderGraph.ShaderGraphLibrary.dll.mvfrm
[506/879    0s] MovedFromExtractor-Combine Library/Bee/artifacts/1900b0aE.dag/UnityEngine.SpatialTracking.dll.mvfrm
[507/879    0s] MovedFromExtractor-Combine Library/Bee/artifacts/1900b0aE.dag/Unity.InputSystem.dll.mvfrm
[508/879    0s] MovedFromExtractor-Combine Library/Bee/artifacts/1900b0aE.dag/Unity.RenderPipelines.Universal.Shaders.dll.mvfrm
[509/879    0s] MovedFromExtractor-Combine Library/Bee/artifacts/1900b0aE.dag/Unity.PerformanceTesting.dll.mvfrm
[510/879    0s] MovedFromExtractor-Combine Library/Bee/artifacts/1900b0aE.dag/Unity.InternalAPIEngineBridge.004.dll.mvfrm
[511/879    0s] MovedFromExtractor-Combine Library/Bee/artifacts/1900b0aE.dag/Unity.ShaderGraph.Utilities.dll.mvfrm
[512/879    0s] Csc Library/Bee/artifacts/1900b0aE.dag/Unity.RenderPipelines.ShaderGraph.ShaderGraphLibrary.dll (+2 others)
[513/879    0s] Csc Library/Bee/artifacts/1900b0aE.dag/Unity.RenderPipelines.Core.ShaderLibrary.dll (+2 others)
[514/879    0s] Csc Library/Bee/artifacts/1900b0aE.dag/Unity.Rendering.LightTransport.Editor.dll (+2 others)
[515/879    0s] Csc Library/Bee/artifacts/1900b0aE.dag/Unity.InternalAPIEngineBridge.004.dll (+2 others)
[516/879    0s] Csc Library/Bee/artifacts/1900b0aE.dag/Unity.ShaderGraph.Utilities.dll (+2 others)
[           0s] Csc Library/Bee/artifacts/1900b0aE.dag/Unity.RenderPipelines.ShaderGraph.ShaderGraphLibrary.dll (+2 others) [CacheWrite 00000000000000000000000000000005]
[517/879    0s] Csc Library/Bee/artifacts/1900b0aE.dag/Unity.XR.Management.dll (+2 others)
[518/879    0s] Csc Library/Bee/artifacts/1900b0aE.dag/Unity.RenderPipelines.Universal.Shaders.dll (+2 others)
[519/879    0s] Csc Library/Bee/artifacts/1900b0aE.dag/Unity.Searcher.Editor.dll (+2 others)
[520/879    0s] Csc Library/Bee/artifacts/1900b0aE.dag/UnityEngine.SpatialTracking.dll (+2 others)
[           0s] Csc Library/Bee/artifacts/1900b0aE.dag/Unity.InternalAPIEngineBridge.004.dll (+2 others) [CacheWrite 00000000000000000000000000000005]
[           0s] Csc Library/Bee/artifacts/1900b0aE.dag/Unity.XR.Management.dll (+2 others) [CacheWrite 00000000000000000000000000000005]
[           0s] Csc Library/Bee/artifacts/1900b0aE.dag/Unity.RenderPipelines.Core.ShaderLibrary.dll (+2 others) [CacheWrite 00000000000000000000000000000005]
[           0s] Csc Library/Bee/artifacts/1900b0aE.dag/Unity.Rendering.LightTransport.Editor.dll (+2 others) [CacheWrite 00000000000000000000000000000005]
[521/879    0s] Csc Library/Bee/artifacts/1900b0aE.dag/Unity.PerformanceTesting.dll (+2 others)
[           0s] Csc Library/Bee/artifacts/1900b0aE.dag/Unity.ShaderGraph.Utilities.dll (+2 others) [CacheWrite 00000000000000000000000000000005]
[           0s] Csc Library/Bee/artifacts/1900b0aE.dag/Unity.RenderPipelines.Universal.Shaders.dll (+2 others) [CacheWrite 00000000000000000000000000000005]
[           0s] Csc Library/Bee/artifacts/1900b0aE.dag/Unity.Searcher.Editor.dll (+2 others) [CacheWrite 00000000000000000000000000000005]
[           0s] Csc Library/Bee/artifacts/1900b0aE.dag/UnityEngine.SpatialTracking.dll (+2 others) [CacheWrite 00000000000000000000000000000005]
[           0s] Csc Library/Bee/artifacts/1900b0aE.dag/Unity.PerformanceTesting.dll (+2 others) [CacheWrite 00000000000000000000000000000005]
[522/879    0s] MovedFromExtractor Library/Bee/artifacts/mvdfrm/Unity.RenderPipelines.ShaderGraph.ShaderGraphLibrary.ref.dll_1A2083B43FB0BF18.mvfrm
[523/879    0s] MovedFromExtractor Library/Bee/artifacts/mvdfrm/Unity.InternalAPIEngineBridge.004.ref.dll_9F91F1CFF2D20E26.mvfrm
[524/879    0s] MovedFromExtractor Library/Bee/artifacts/mvdfrm/Unity.RenderPipelines.Core.ShaderLibrary.ref.dll_7F2C410A434F5518.mvfrm
[525/879    0s] MovedFromExtractor Library/Bee/artifacts/mvdfrm/Unity.ShaderGraph.Utilities.ref.dll_0524057423981A9D.mvfrm
[526/879    0s] MovedFromExtractor Library/Bee/artifacts/mvdfrm/Unity.RenderPipelines.Universal.Shaders.ref.dll_9468B054363B0720.mvfrm
[527/879    0s] MovedFromExtractor Library/Bee/artifacts/mvdfrm/Unity.Rendering.LightTransport.Editor.ref.dll_F96E2A343514CFAE.mvfrm
[528/879    0s] MovedFromExtractor Library/Bee/artifacts/mvdfrm/Unity.XR.Management.ref.dll_404BC0C35449934F.mvfrm
[529/879    0s] MovedFromExtractor Library/Bee/artifacts/mvdfrm/Unity.Searcher.Editor.ref.dll_12B7E1785E41BE0E.mvfrm
[530/879    0s] MovedFromExtractor Library/Bee/artifacts/mvdfrm/UnityEngine.SpatialTracking.ref.dll_1552DC8EFC971715.mvfrm
[531/879    0s] MovedFromExtractor Library/Bee/artifacts/mvdfrm/Unity.PerformanceTesting.ref.dll_F99DC928B1D72E5E.mvfrm
[532/879    0s] MovedFromExtractor-Combine Library/Bee/artifacts/1900b0aE.dag/Unity.TextMeshPro.dll.mvfrm
[533/879    0s] MovedFromExtractor-Combine Library/Bee/artifacts/1900b0aE.dag/UnityEditor.SpatialTracking.dll.mvfrm
[534/879    0s] MovedFromExtractor-Combine Library/Bee/artifacts/1900b0aE.dag/UnityEngine.XR.LegacyInputHelpers.dll.mvfrm
[535/879    0s] MovedFromExtractor-Combine Library/Bee/artifacts/1900b0aE.dag/Unity.PerformanceTesting.Editor.dll.mvfrm
[536/879    1s] Csc Library/Bee/artifacts/1900b0aE.dag/Unity.Burst.dll (+2 others)
[537/879    0s] Csc Library/Bee/artifacts/1900b0aE.dag/UnityEngine.XR.LegacyInputHelpers.dll (+2 others)
[538/879    0s] Csc Library/Bee/artifacts/1900b0aE.dag/UnityEditor.SpatialTracking.dll (+2 others)
[           0s] Csc Library/Bee/artifacts/1900b0aE.dag/Unity.Burst.dll (+2 others) [CacheWrite 00000000000000000000000000000005]
[539/879    0s] Csc Library/Bee/artifacts/1900b0aE.dag/Unity.PerformanceTesting.Editor.dll (+2 others)
[           0s] Csc Library/Bee/artifacts/1900b0aE.dag/UnityEngine.XR.LegacyInputHelpers.dll (+2 others) [CacheWrite 00000000000000000000000000000005]
[           0s] Csc Library/Bee/artifacts/1900b0aE.dag/UnityEditor.SpatialTracking.dll (+2 others) [CacheWrite 00000000000000000000000000000005]
[           0s] Csc Library/Bee/artifacts/1900b0aE.dag/Unity.PerformanceTesting.Editor.dll (+2 others) [CacheWrite 00000000000000000000000000000005]
[540/879    0s] MovedFromExtractor Library/Bee/artifacts/mvdfrm/Unity.Burst.ref.dll_F30DFA20C0DD1968.mvfrm
[541/879    0s] MovedFromExtractor Library/Bee/artifacts/mvdfrm/UnityEngine.XR.LegacyInputHelpers.ref.dll_FFA26A0728B3CF82.mvfrm
[542/879    0s] MovedFromExtractor Library/Bee/artifacts/mvdfrm/UnityEditor.SpatialTracking.ref.dll_8911EA67839E93F0.mvfrm
[543/879    0s] MovedFromExtractor-Combine Library/Bee/artifacts/1900b0aE.dag/Unity.Burst.CodeGen.dll.mvfrm
[544/879    0s] MovedFromExtractor-Combine Library/Bee/artifacts/1900b0aE.dag/Unity.Burst.Editor.dll.mvfrm
[545/879    1s] Csc Library/Bee/artifacts/1900b0aE.dag/Unity.TextMeshPro.dll (+2 others)
[546/879    0s] Csc Library/Bee/artifacts/1900b0aE.dag/Unity.Burst.CodeGen.dll (+2 others)
[           0s] Csc Library/Bee/artifacts/1900b0aE.dag/Unity.TextMeshPro.dll (+2 others) [CacheWrite 00000000000000000000000000000005]
[           0s] Csc Library/Bee/artifacts/1900b0aE.dag/Unity.Burst.CodeGen.dll (+2 others) [CacheWrite 00000000000000000000000000000005]
[547/879    0s] CopyFiles Library/ScriptAssemblies/Unity.Burst.CodeGen.pdb
[548/879    0s] CopyFiles Library/ScriptAssemblies/Unity.Burst.CodeGen.dll
[549/879    0s] MovedFromExtractor Library/Bee/artifacts/mvdfrm/Unity.TextMeshPro.ref.dll_84A4293DBDD182DB.mvfrm
[550/879    0s] MovedFromExtractor-Combine Library/Bee/artifacts/1900b0aE.dag/UnityEditor.UI.Analytics.dll.mvfrm
[551/879    2s] Csc Library/Bee/artifacts/1900b0aE.dag/Unity.InputSystem.dll (+2 others)
[552/879    0s] Csc Library/Bee/artifacts/1900b0aE.dag/UnityEditor.UI.Analytics.dll (+2 others)
[           0s] Csc Library/Bee/artifacts/1900b0aE.dag/Unity.InputSystem.dll (+2 others) [CacheWrite 00000000000000000000000000000005]
[           0s] Csc Library/Bee/artifacts/1900b0aE.dag/UnityEditor.UI.Analytics.dll (+2 others) [CacheWrite 00000000000000000000000000000005]
[553/879    0s] MovedFromExtractor Library/Bee/artifacts/mvdfrm/Unity.InputSystem.ref.dll_FD2EC87C14EBE081.mvfrm
[554/879    0s] MovedFromExtractor Library/Bee/artifacts/mvdfrm/UnityEditor.UI.Analytics.ref.dll_3B64A5A3A726AD5D.mvfrm
[555/879    0s] MovedFromExtractor-Combine Library/Bee/artifacts/1900b0aE.dag/Unity.InputSystem.TestFramework.dll.mvfrm
[556/879    0s] MovedFromExtractor-Combine Library/Bee/artifacts/1900b0aE.dag/Unity.XR.CoreUtils.dll.mvfrm
[557/879    0s] MovedFromExtractor-Combine Library/Bee/artifacts/1900b0aE.dag/Unity.InputSystem.DocCodeSamples.dll.mvfrm
[558/879    0s] MovedFromExtractor-Combine Library/Bee/artifacts/1900b0aE.dag/Unity.InputSystem.ForUI.dll.mvfrm
[559/879    0s] Csc Library/Bee/artifacts/1900b0aE.dag/Unity.InputSystem.DocCodeSamples.dll (+2 others)
[560/879    0s] Csc Library/Bee/artifacts/1900b0aE.dag/Unity.InputSystem.ForUI.dll (+2 others)
[           0s] Csc Library/Bee/artifacts/1900b0aE.dag/Unity.InputSystem.DocCodeSamples.dll (+2 others) [CacheWrite 00000000000000000000000000000005]
[           0s] Csc Library/Bee/artifacts/1900b0aE.dag/Unity.InputSystem.ForUI.dll (+2 others) [CacheWrite 00000000000000000000000000000005]
[561/879    0s] Csc Library/Bee/artifacts/1900b0aE.dag/Unity.InputSystem.TestFramework.dll (+2 others)
[562/879    0s] Csc Library/Bee/artifacts/1900b0aE.dag/Unity.XR.CoreUtils.dll (+2 others)
[           0s] Csc Library/Bee/artifacts/1900b0aE.dag/Unity.InputSystem.TestFramework.dll (+2 others) [CacheWrite 00000000000000000000000000000005]
[           0s] Csc Library/Bee/artifacts/1900b0aE.dag/Unity.XR.CoreUtils.dll (+2 others) [CacheWrite 00000000000000000000000000000005]
[563/879    2s] Csc Library/Bee/artifacts/1900b0aE.dag/Unity.Mathematics.dll (+2 others)
[564/879    0s] MovedFromExtractor Library/Bee/artifacts/mvdfrm/Unity.InputSystem.ForUI.ref.dll_0478B67D1094CE70.mvfrm
[           0s] Csc Library/Bee/artifacts/1900b0aE.dag/Unity.Mathematics.dll (+2 others) [CacheWrite 00000000000000000000000000000005]
[565/879    0s] MovedFromExtractor Library/Bee/artifacts/mvdfrm/Unity.XR.CoreUtils.ref.dll_3CA2B461938B5BFC.mvfrm
[566/879    0s] MovedFromExtractor-Combine Library/Bee/artifacts/1900b0aE.dag/Unity.InputSystem.ForUI.Editor.dll.mvfrm
[567/879    0s] MovedFromExtractor Library/Bee/artifacts/mvdfrm/Unity.Mathematics.ref.dll_E8EFDB1B8D5C174E.mvfrm
[568/879    0s] MovedFromExtractor-Combine Library/Bee/artifacts/1900b0aE.dag/Unity.XR.CoreUtils.Editor.dll.mvfrm
[569/879    0s] MovedFromExtractor-Combine Library/Bee/artifacts/1900b0aE.dag/Unity.Collections.dll.mvfrm
[570/879    0s] MovedFromExtractor-Combine Library/Bee/artifacts/1900b0aE.dag/Unity.Mathematics.Editor.dll.mvfrm
[571/879    0s] Csc Library/Bee/artifacts/1900b0aE.dag/Unity.InputSystem.ForUI.Editor.dll (+2 others)
[           0s] Csc Library/Bee/artifacts/1900b0aE.dag/Unity.InputSystem.ForUI.Editor.dll (+2 others) [CacheWrite 00000000000000000000000000000005]
[572/879    0s] MovedFromExtractor Library/Bee/artifacts/mvdfrm/Unity.InputSystem.ForUI.Editor.ref.dll_40FECCA5C63FF041.mvfrm
[573/879    0s] Csc Library/Bee/artifacts/1900b0aE.dag/Unity.XR.CoreUtils.Editor.dll (+2 others)
[574/879    0s] Csc Library/Bee/artifacts/1900b0aE.dag/Unity.Mathematics.Editor.dll (+2 others)
[           0s] Csc Library/Bee/artifacts/1900b0aE.dag/Unity.XR.CoreUtils.Editor.dll (+2 others) [CacheWrite 00000000000000000000000000000005]
[           0s] Csc Library/Bee/artifacts/1900b0aE.dag/Unity.Mathematics.Editor.dll (+2 others) [CacheWrite 00000000000000000000000000000005]
[575/879    0s] MovedFromExtractor Library/Bee/artifacts/mvdfrm/Unity.XR.CoreUtils.Editor.ref.dll_ABFC049C4594FF75.mvfrm
[576/879    0s] MovedFromExtractor Library/Bee/artifacts/mvdfrm/Unity.Mathematics.Editor.ref.dll_9A20CFD48BC11F43.mvfrm
[577/879    0s] MovedFromExtractor-Combine Library/Bee/artifacts/1900b0aE.dag/Unity.XR.Interaction.Toolkit.Analytics.Editor.dll.mvfrm
[578/879    0s] MovedFromExtractor-Combine Library/Bee/artifacts/1900b0aE.dag/Unity.XR.Management.Editor.dll.mvfrm
[579/879    0s] Csc Library/Bee/artifacts/1900b0aE.dag/Unity.XR.Interaction.Toolkit.Analytics.Editor.dll (+2 others)
[           0s] Csc Library/Bee/artifacts/1900b0aE.dag/Unity.XR.Interaction.Toolkit.Analytics.Editor.dll (+2 others) [CacheWrite 00000000000000000000000000000005]
[580/879    0s] Csc Library/Bee/artifacts/1900b0aE.dag/Unity.XR.Management.Editor.dll (+2 others)
[           0s] Csc Library/Bee/artifacts/1900b0aE.dag/Unity.XR.Management.Editor.dll (+2 others) [CacheWrite 00000000000000000000000000000005]
[581/879    0s] MovedFromExtractor Library/Bee/artifacts/mvdfrm/Unity.XR.Interaction.Toolkit.Analytics.Editor.ref.dll_D46FAA2B5674A6CD.mvfrm
[582/879    0s] MovedFromExtractor Library/Bee/artifacts/mvdfrm/Unity.XR.Management.Editor.ref.dll_7BA8CC5454F13E52.mvfrm
[583/879    1s] Csc Library/Bee/artifacts/1900b0aE.dag/Unity.Collections.dll (+2 others)
[           0s] Csc Library/Bee/artifacts/1900b0aE.dag/Unity.Collections.dll (+2 others) [CacheWrite 00000000000000000000000000000005]
[584/879    2s] Csc Library/Bee/artifacts/1900b0aE.dag/Unity.Burst.Editor.dll (+2 others)
[           0s] Csc Library/Bee/artifacts/1900b0aE.dag/Unity.Burst.Editor.dll (+2 others) [CacheWrite 00000000000000000000000000000005]
[585/879    0s] MovedFromExtractor Library/Bee/artifacts/mvdfrm/Unity.Collections.ref.dll_656D7410E7809ECD.mvfrm
[586/879    0s] MovedFromExtractor Library/Bee/artifacts/mvdfrm/Unity.Burst.Editor.ref.dll_E2F92DAB6C167CC9.mvfrm
[587/879    0s] MovedFromExtractor-Combine Library/Bee/artifacts/1900b0aE.dag/Unity.UnifiedRayTracing.Runtime.dll.mvfrm
[588/879    0s] MovedFromExtractor-Combine Library/Bee/artifacts/1900b0aE.dag/Unity.Collections.Editor.dll.mvfrm
[589/879    0s] MovedFromExtractor-Combine Library/Bee/artifacts/1900b0aE.dag/Unity.RenderPipelines.Core.Runtime.dll.mvfrm
[590/879    0s] MovedFromExtractor-Combine Library/Bee/artifacts/1900b0aE.dag/Unity.Collections.CodeGen.dll.mvfrm
[591/879    0s] Csc Library/Bee/artifacts/1900b0aE.dag/Unity.Collections.Editor.dll (+2 others)
[           0s] Csc Library/Bee/artifacts/1900b0aE.dag/Unity.Collections.Editor.dll (+2 others) [CacheWrite 00000000000000000000000000000005]
[592/879    0s] Csc Library/Bee/artifacts/1900b0aE.dag/Unity.Collections.CodeGen.dll (+2 others)
[           0s] Csc Library/Bee/artifacts/1900b0aE.dag/Unity.Collections.CodeGen.dll (+2 others) [CacheWrite 00000000000000000000000000000005]
[593/879    0s] CopyFiles Library/ScriptAssemblies/Unity.Collections.CodeGen.pdb
[594/879    0s] CopyFiles Library/ScriptAssemblies/Unity.Collections.CodeGen.dll
[595/879    0s] Csc Library/Bee/artifacts/1900b0aE.dag/Unity.UnifiedRayTracing.Runtime.dll (+2 others)
[           0s] Csc Library/Bee/artifacts/1900b0aE.dag/Unity.UnifiedRayTracing.Runtime.dll (+2 others) [CacheWrite 00000000000000000000000000000005]
[596/879    0s] MovedFromExtractor Library/Bee/artifacts/mvdfrm/Unity.Collections.Editor.ref.dll_E4491E98C71DB4B4.mvfrm
[597/879    0s] MovedFromExtractor Library/Bee/artifacts/mvdfrm/Unity.UnifiedRayTracing.Runtime.ref.dll_1311DEF2651EFE0C.mvfrm
[598/879    0s] Csc Library/Bee/artifacts/1900b0aE.dag/Unity.RenderPipelines.Core.Runtime.dll (+2 others)
[           0s] Csc Library/Bee/artifacts/1900b0aE.dag/Unity.RenderPipelines.Core.Runtime.dll (+2 others) [CacheWrite 00000000000000000000000000000005]
[599/879    0s] ILPP-Configuration Library/ilpp-configuration.nevergeneratedoutput
[600/879    0s] MovedFromExtractor Library/Bee/artifacts/mvdfrm/Unity.RenderPipelines.Core.Runtime.ref.dll_CE6A42C97D96EB0A.mvfrm
[601/879    0s] MovedFromExtractor-Combine Library/Bee/artifacts/1900b0aE.dag/Unity.RenderPipelines.GPUDriven.Runtime.dll.mvfrm
[602/879    0s] ILPostProcess Library/Bee/artifacts/1900b0aE.dag/post-processed/Unity.XR.Interaction.Toolkit.Analytics.Editor.dll (+pdb)
Processing assembly Library/Bee/artifacts/1900b0aE.dag/Unity.XR.Interaction.Toolkit.Analytics.Editor.dll, with 137 defines and 274 references

processors: Unity.Jobs.CodeGen.JobsILPostProcessor, zzzUnity.Burst.CodeGen.BurstILPostProcessor

running Unity.Jobs.CodeGen.JobsILPostProcessor

running zzzUnity.Burst.CodeGen.BurstILPostProcessor
[603/879    0s] ILPostProcess Library/Bee/artifacts/1900b0aE.dag/post-processed/Unity.XR.Management.dll (+pdb)
Processing assembly Library/Bee/artifacts/1900b0aE.dag/Unity.XR.Management.dll, with 140 defines and 264 references

processors: Unity.Jobs.CodeGen.JobsILPostProcessor, zzzUnity.Burst.CodeGen.BurstILPostProcessor

running Unity.Jobs.CodeGen.JobsILPostProcessor

running zzzUnity.Burst.CodeGen.BurstILPostProcessor
[604/879    0s] ILPostProcess Library/Bee/artifacts/1900b0aE.dag/post-processed/Unity.Mathematics.dll (+pdb)
Processing assembly Library/Bee/artifacts/1900b0aE.dag/Unity.Mathematics.dll, with 139 defines and 264 references

processors: Unity.Jobs.CodeGen.JobsILPostProcessor, zzzUnity.Burst.CodeGen.BurstILPostProcessor

running Unity.Jobs.CodeGen.JobsILPostProcessor

running zzzUnity.Burst.CodeGen.BurstILPostProcessor
[605/879    0s] ILPostProcess Library/Bee/artifacts/1900b0aE.dag/post-processed/Unity.InternalAPIEngineBridge.004.dll (+pdb)
Processing assembly Library/Bee/artifacts/1900b0aE.dag/Unity.InternalAPIEngineBridge.004.dll, with 139 defines and 264 references

processors: Unity.Jobs.CodeGen.JobsILPostProcessor, zzzUnity.Burst.CodeGen.BurstILPostProcessor

running Unity.Jobs.CodeGen.JobsILPostProcessor

running zzzUnity.Burst.CodeGen.BurstILPostProcessor
[606/879    0s] ILPostProcess Library/Bee/artifacts/1900b0aE.dag/post-processed/Unity.InputSystem.TestFramework.dll (+pdb)
Processing assembly Library/Bee/artifacts/1900b0aE.dag/Unity.InputSystem.TestFramework.dll, with 140 defines and 261 references

processors: Unity.Jobs.CodeGen.JobsILPostProcessor, zzzUnity.Burst.CodeGen.BurstILPostProcessor

running Unity.Jobs.CodeGen.JobsILPostProcessor

running zzzUnity.Burst.CodeGen.BurstILPostProcessor
[607/879    0s] ILPostProcess Library/Bee/artifacts/1900b0aE.dag/post-processed/UnityEngine.SpatialTracking.dll (+pdb)
Processing assembly Library/Bee/artifacts/1900b0aE.dag/UnityEngine.SpatialTracking.dll, with 139 defines and 264 references

processors: Unity.Jobs.CodeGen.JobsILPostProcessor, zzzUnity.Burst.CodeGen.BurstILPostProcessor

running Unity.Jobs.CodeGen.JobsILPostProcessor

running zzzUnity.Burst.CodeGen.BurstILPostProcessor
[608/879    0s] ILPostProcess Library/Bee/artifacts/1900b0aE.dag/post-processed/UnityEngine.UI.dll (+pdb)
Processing assembly Library/Bee/artifacts/1900b0aE.dag/UnityEngine.UI.dll, with 145 defines and 262 references

processors: Unity.Jobs.CodeGen.JobsILPostProcessor, zzzUnity.Burst.CodeGen.BurstILPostProcessor

running Unity.Jobs.CodeGen.JobsILPostProcessor

running zzzUnity.Burst.CodeGen.BurstILPostProcessor
[609/879    0s] ILPostProcess Library/Bee/artifacts/1900b0aE.dag/post-processed/Unity.TextMeshPro.dll (+pdb)
Processing assembly Library/Bee/artifacts/1900b0aE.dag/Unity.TextMeshPro.dll, with 140 defines and 265 references

processors: Unity.Jobs.CodeGen.JobsILPostProcessor, zzzUnity.Burst.CodeGen.BurstILPostProcessor

running Unity.Jobs.CodeGen.JobsILPostProcessor

running zzzUnity.Burst.CodeGen.BurstILPostProcessor
[610/879    0s] ILPostProcess Library/Bee/artifacts/1900b0aE.dag/post-processed/Unity.InputSystem.dll (+pdb)
Processing assembly Library/Bee/artifacts/1900b0aE.dag/Unity.InputSystem.dll, with 150 defines and 264 references

processors: Unity.Jobs.CodeGen.JobsILPostProcessor, zzzUnity.Burst.CodeGen.BurstILPostProcessor

running Unity.Jobs.CodeGen.JobsILPostProcessor

running zzzUnity.Burst.CodeGen.BurstILPostProcessor
[611/879    0s] ILPostProcess Library/Bee/artifacts/1900b0aE.dag/post-processed/Unity.XR.Management.Editor.dll (+pdb)
Processing assembly Library/Bee/artifacts/1900b0aE.dag/Unity.XR.Management.Editor.dll, with 139 defines and 276 references

processors: Unity.Jobs.CodeGen.JobsILPostProcessor, zzzUnity.Burst.CodeGen.BurstILPostProcessor

running Unity.Jobs.CodeGen.JobsILPostProcessor

running zzzUnity.Burst.CodeGen.BurstILPostProcessor
[612/879    0s] ILPostProcess Library/Bee/artifacts/1900b0aE.dag/post-processed/Unity.RenderPipelines.Universal.Shaders.dll (+pdb)
Processing assembly Library/Bee/artifacts/1900b0aE.dag/Unity.RenderPipelines.Universal.Shaders.dll, with 139 defines and 264 references

processors: Unity.Jobs.CodeGen.JobsILPostProcessor, zzzUnity.Burst.CodeGen.BurstILPostProcessor

running Unity.Jobs.CodeGen.JobsILPostProcessor

running zzzUnity.Burst.CodeGen.BurstILPostProcessor
[613/879    0s] ILPostProcess Library/Bee/artifacts/1900b0aE.dag/post-processed/UnityEngine.XR.LegacyInputHelpers.dll (+pdb)
Processing assembly Library/Bee/artifacts/1900b0aE.dag/UnityEngine.XR.LegacyInputHelpers.dll, with 139 defines and 265 references

processors: Unity.Jobs.CodeGen.JobsILPostProcessor, zzzUnity.Burst.CodeGen.BurstILPostProcessor

running Unity.Jobs.CodeGen.JobsILPostProcessor

running zzzUnity.Burst.CodeGen.BurstILPostProcessor
[614/879    0s] ILPostProcess Library/Bee/artifacts/1900b0aE.dag/post-processed/Unity.Mathematics.Editor.dll (+pdb)
Processing assembly Library/Bee/artifacts/1900b0aE.dag/Unity.Mathematics.Editor.dll, with 137 defines and 274 references

processors: Unity.Jobs.CodeGen.JobsILPostProcessor, zzzUnity.Burst.CodeGen.BurstILPostProcessor

running Unity.Jobs.CodeGen.JobsILPostProcessor

running zzzUnity.Burst.CodeGen.BurstILPostProcessor
[615/879    0s] ILPostProcess Library/Bee/artifacts/1900b0aE.dag/post-processed/Unity.PerformanceTesting.Editor.dll (+pdb)
Processing assembly Library/Bee/artifacts/1900b0aE.dag/Unity.PerformanceTesting.Editor.dll, with 138 defines and 269 references

processors: Unity.Jobs.CodeGen.JobsILPostProcessor, zzzUnity.Burst.CodeGen.BurstILPostProcessor

running Unity.Jobs.CodeGen.JobsILPostProcessor

running zzzUnity.Burst.CodeGen.BurstILPostProcessor
[616/879    0s] ILPostProcess Library/Bee/artifacts/1900b0aE.dag/post-processed/Unity.InputSystem.ForUI.dll (+pdb)
Processing assembly Library/Bee/artifacts/1900b0aE.dag/Unity.InputSystem.ForUI.dll, with 139 defines and 265 references

processors: Unity.Jobs.CodeGen.JobsILPostProcessor, zzzUnity.Burst.CodeGen.BurstILPostProcessor

running Unity.Jobs.CodeGen.JobsILPostProcessor

running zzzUnity.Burst.CodeGen.BurstILPostProcessor
[617/879    0s] ILPostProcess Library/Bee/artifacts/1900b0aE.dag/post-processed/Unity.Rendering.LightTransport.Editor.dll (+pdb)
Processing assembly Library/Bee/artifacts/1900b0aE.dag/Unity.Rendering.LightTransport.Editor.dll, with 137 defines and 273 references

processors: Unity.Jobs.CodeGen.JobsILPostProcessor, zzzUnity.Burst.CodeGen.BurstILPostProcessor

running Unity.Jobs.CodeGen.JobsILPostProcessor

running zzzUnity.Burst.CodeGen.BurstILPostProcessor
[618/879    0s] CopyFiles Library/ScriptAssemblies/UnityEngine.XR.LegacyInputHelpers.dll
[619/879    0s] CopyFiles Library/ScriptAssemblies/Unity.Mathematics.dll
[620/879    0s] CopyFiles Library/ScriptAssemblies/Unity.XR.Management.dll
[621/879    0s] CopyFiles Library/ScriptAssemblies/UnityEngine.SpatialTracking.dll
[622/879    0s] CopyFiles Library/ScriptAssemblies/Unity.RenderPipelines.Universal.Shaders.dll
[623/879    0s] CopyFiles Library/ScriptAssemblies/Unity.InputSystem.TestFramework.dll
[624/879    0s] CopyFiles Library/ScriptAssemblies/Unity.TextMeshPro.dll
[625/879    0s] CopyFiles Library/ScriptAssemblies/Unity.InternalAPIEngineBridge.004.dll
[626/879    0s] CopyFiles Library/ScriptAssemblies/Unity.InputSystem.ForUI.dll
[627/879    0s] CopyFiles Library/ScriptAssemblies/UnityEngine.UI.dll
[628/879    0s] CopyFiles Library/ScriptAssemblies/Unity.InputSystem.ForUI.pdb
[629/879    0s] CopyFiles Library/ScriptAssemblies/UnityEngine.SpatialTracking.pdb
[630/879    0s] CopyFiles Library/ScriptAssemblies/Unity.PerformanceTesting.Editor.pdb
[631/879    0s] CopyFiles Library/ScriptAssemblies/Unity.Mathematics.pdb
[632/879    0s] CopyFiles Library/ScriptAssemblies/Unity.PerformanceTesting.Editor.dll
[633/879    0s] CopyFiles Library/ScriptAssemblies/UnityEngine.XR.LegacyInputHelpers.pdb
[634/879    0s] CopyFiles Library/ScriptAssemblies/Unity.Rendering.LightTransport.Editor.pdb
[635/879    0s] ILPostProcess Library/Bee/artifacts/1900b0aE.dag/post-processed/Unity.PerformanceTesting.dll (+pdb)
Processing assembly Library/Bee/artifacts/1900b0aE.dag/Unity.PerformanceTesting.dll, with 140 defines and 259 references

processors: Unity.Jobs.CodeGen.JobsILPostProcessor, zzzUnity.Burst.CodeGen.BurstILPostProcessor

running Unity.Jobs.CodeGen.JobsILPostProcessor

running zzzUnity.Burst.CodeGen.BurstILPostProcessor
[636/879    0s] CopyFiles Library/ScriptAssemblies/Unity.InputSystem.dll
[637/879    0s] CopyFiles Library/ScriptAssemblies/Unity.Mathematics.Editor.dll
[638/879    0s] CopyFiles Library/ScriptAssemblies/Unity.Rendering.LightTransport.Editor.dll
[639/879    0s] ILPostProcess Library/Bee/artifacts/1900b0aE.dag/post-processed/Unity.RenderPipelines.Core.ShaderLibrary.dll (+pdb)
Processing assembly Library/Bee/artifacts/1900b0aE.dag/Unity.RenderPipelines.Core.ShaderLibrary.dll, with 139 defines and 264 references

processors: Unity.Jobs.CodeGen.JobsILPostProcessor, zzzUnity.Burst.CodeGen.BurstILPostProcessor

running Unity.Jobs.CodeGen.JobsILPostProcessor

running zzzUnity.Burst.CodeGen.BurstILPostProcessor
[640/879    0s] CopyFiles Library/ScriptAssemblies/Unity.Mathematics.Editor.pdb
[641/879    0s] ILPostProcess Library/Bee/artifacts/1900b0aE.dag/post-processed/Unity.RenderPipelines.ShaderGraph.ShaderGraphLibrary.dll (+pdb)
Processing assembly Library/Bee/artifacts/1900b0aE.dag/Unity.RenderPipelines.ShaderGraph.ShaderGraphLibrary.dll, with 139 defines and 264 references

processors: Unity.Jobs.CodeGen.JobsILPostProcessor, zzzUnity.Burst.CodeGen.BurstILPostProcessor

running Unity.Jobs.CodeGen.JobsILPostProcessor

running zzzUnity.Burst.CodeGen.BurstILPostProcessor
[642/879    0s] ILPostProcess Library/Bee/artifacts/1900b0aE.dag/post-processed/Unity.XR.CoreUtils.dll (+pdb)
Processing assembly Library/Bee/artifacts/1900b0aE.dag/Unity.XR.CoreUtils.dll, with 145 defines and 266 references

processors: Unity.Jobs.CodeGen.JobsILPostProcessor, zzzUnity.Burst.CodeGen.BurstILPostProcessor

running Unity.Jobs.CodeGen.JobsILPostProcessor

running zzzUnity.Burst.CodeGen.BurstILPostProcessor
[643/879    0s] ILPostProcess Library/Bee/artifacts/1900b0aE.dag/post-processed/Unity.Searcher.Editor.dll (+pdb)
Processing assembly Library/Bee/artifacts/1900b0aE.dag/Unity.Searcher.Editor.dll, with 137 defines and 273 references

processors: Unity.Jobs.CodeGen.JobsILPostProcessor, zzzUnity.Burst.CodeGen.BurstILPostProcessor

running Unity.Jobs.CodeGen.JobsILPostProcessor

running zzzUnity.Burst.CodeGen.BurstILPostProcessor
[644/879    0s] CopyFiles Library/ScriptAssemblies/Unity.RenderPipelines.Universal.Shaders.pdb
[645/879    0s] CopyFiles Library/ScriptAssemblies/Unity.XR.Management.pdb
[646/879    0s] CopyFiles Library/ScriptAssemblies/Unity.XR.Management.Editor.pdb
[647/879    0s] CopyFiles Library/ScriptAssemblies/Unity.InputSystem.pdb
[648/879    0s] CopyFiles Library/ScriptAssemblies/Unity.TextMeshPro.pdb
[649/879    0s] CopyFiles Library/ScriptAssemblies/Unity.InternalAPIEngineBridge.004.pdb
[650/879    0s] CopyFiles Library/ScriptAssemblies/Unity.XR.Management.Editor.dll
[651/879    0s] CopyFiles Library/ScriptAssemblies/Unity.InputSystem.TestFramework.pdb
[652/879    0s] CopyFiles Library/ScriptAssemblies/Unity.XR.Interaction.Toolkit.Analytics.Editor.pdb
[653/879    0s] CopyFiles Library/ScriptAssemblies/Unity.XR.Interaction.Toolkit.Analytics.Editor.dll
[654/879    0s] CopyFiles Library/ScriptAssemblies/UnityEngine.UI.pdb
[655/879    0s] CopyFiles Library/ScriptAssemblies/Unity.RenderPipelines.ShaderGraph.ShaderGraphLibrary.pdb
[656/879    0s] CopyFiles Library/ScriptAssemblies/Unity.RenderPipelines.ShaderGraph.ShaderGraphLibrary.dll
[657/879    0s] CopyFiles Library/ScriptAssemblies/Unity.XR.CoreUtils.dll
[658/879    0s] CopyFiles Library/ScriptAssemblies/Unity.XR.CoreUtils.pdb
[659/879    0s] CopyFiles Library/ScriptAssemblies/Unity.RenderPipelines.Core.ShaderLibrary.pdb
[660/879    0s] CopyFiles Library/ScriptAssemblies/Unity.RenderPipelines.Core.ShaderLibrary.dll
[661/879    0s] CopyFiles Library/ScriptAssemblies/Unity.Searcher.Editor.dll
[662/879    0s] CopyFiles Library/ScriptAssemblies/Unity.Searcher.Editor.pdb
[663/879    0s] CopyFiles Library/ScriptAssemblies/Unity.PerformanceTesting.pdb
[664/879    0s] CopyFiles Library/ScriptAssemblies/Unity.PerformanceTesting.dll
[665/879    0s] Csc Library/Bee/artifacts/1900b0aE.dag/Unity.RenderPipelines.GPUDriven.Runtime.dll (+2 others)
[666/879    0s] MovedFromExtractor-Combine Library/Bee/artifacts/1900b0aE.dag/Unity.TextMeshPro.Editor.dll.mvfrm
[667/879    0s] MovedFromExtractor-Combine Library/Bee/artifacts/1900b0aE.dag/Unity.RenderPipelines.Core.Runtime.Shared.dll.mvfrm
[668/879    0s] MovedFromExtractor-Combine Library/Bee/artifacts/1900b0aE.dag/Unity.RenderPipeline.Universal.ShaderLibrary.dll.mvfrm
[669/879    0s] MovedFromExtractor-Combine Library/Bee/artifacts/1900b0aE.dag/Unity.RenderPipelines.Universal.Config.Runtime.dll.mvfrm
[670/879    0s] ILPostProcess Library/Bee/artifacts/1900b0aE.dag/post-processed/UnityEditor.UI.dll (+pdb)
Processing assembly Library/Bee/artifacts/1900b0aE.dag/UnityEditor.UI.dll, with 140 defines and 272 references

processors: Unity.Jobs.CodeGen.JobsILPostProcessor, zzzUnity.Burst.CodeGen.BurstILPostProcessor

running Unity.Jobs.CodeGen.JobsILPostProcessor

running zzzUnity.Burst.CodeGen.BurstILPostProcessor
[671/879    0s] ILPostProcess Library/Bee/artifacts/1900b0aE.dag/post-processed/Unity.InputSystem.DocCodeSamples.dll (+pdb)
Processing assembly Library/Bee/artifacts/1900b0aE.dag/Unity.InputSystem.DocCodeSamples.dll, with 137 defines and 269 references

processors: Unity.Jobs.CodeGen.JobsILPostProcessor, zzzUnity.Burst.CodeGen.BurstILPostProcessor

running Unity.Jobs.CodeGen.JobsILPostProcessor

running zzzUnity.Burst.CodeGen.BurstILPostProcessor
[672/879    0s] ILPostProcess Library/Bee/artifacts/1900b0aE.dag/post-processed/Unity.InputSystem.ForUI.Editor.dll (+pdb)
Processing assembly Library/Bee/artifacts/1900b0aE.dag/Unity.InputSystem.ForUI.Editor.dll, with 137 defines and 275 references

processors: Unity.Jobs.CodeGen.JobsILPostProcessor, zzzUnity.Burst.CodeGen.BurstILPostProcessor

running Unity.Jobs.CodeGen.JobsILPostProcessor

running zzzUnity.Burst.CodeGen.BurstILPostProcessor
[673/879    0s] ILPostProcess Library/Bee/artifacts/1900b0aE.dag/post-processed/UnityEditor.UI.Analytics.dll (+pdb)
Processing assembly Library/Bee/artifacts/1900b0aE.dag/UnityEditor.UI.Analytics.dll, with 137 defines and 274 references

processors: Unity.Jobs.CodeGen.JobsILPostProcessor, zzzUnity.Burst.CodeGen.BurstILPostProcessor

running Unity.Jobs.CodeGen.JobsILPostProcessor

running zzzUnity.Burst.CodeGen.BurstILPostProcessor
[674/879    0s] ILPostProcess Library/Bee/artifacts/1900b0aE.dag/post-processed/Unity.XR.CoreUtils.Editor.dll (+pdb)
Processing assembly Library/Bee/artifacts/1900b0aE.dag/Unity.XR.CoreUtils.Editor.dll, with 139 defines and 275 references

processors: Unity.Jobs.CodeGen.JobsILPostProcessor, zzzUnity.Burst.CodeGen.BurstILPostProcessor

running Unity.Jobs.CodeGen.JobsILPostProcessor

running zzzUnity.Burst.CodeGen.BurstILPostProcessor
[675/879    0s] ILPostProcess Library/Bee/artifacts/1900b0aE.dag/post-processed/UnityEditor.SpatialTracking.dll (+pdb)
Processing assembly Library/Bee/artifacts/1900b0aE.dag/UnityEditor.SpatialTracking.dll, with 138 defines and 274 references

processors: Unity.Jobs.CodeGen.JobsILPostProcessor, zzzUnity.Burst.CodeGen.BurstILPostProcessor

running Unity.Jobs.CodeGen.JobsILPostProcessor

running zzzUnity.Burst.CodeGen.BurstILPostProcessor
[676/879    0s] CopyFiles Library/ScriptAssemblies/UnityEditor.UI.pdb
[677/879    0s] CopyFiles Library/ScriptAssemblies/UnityEditor.UI.dll
[678/879    0s] CopyFiles Library/ScriptAssemblies/Unity.InputSystem.ForUI.Editor.pdb
[679/879    0s] CopyFiles Library/ScriptAssemblies/Unity.InputSystem.ForUI.Editor.dll
[680/879    0s] CopyFiles Library/ScriptAssemblies/Unity.InputSystem.DocCodeSamples.dll
[681/879    0s] CopyFiles Library/ScriptAssemblies/UnityEditor.UI.Analytics.pdb
[682/879    0s] CopyFiles Library/ScriptAssemblies/Unity.InputSystem.DocCodeSamples.pdb
[683/879    0s] CopyFiles Library/ScriptAssemblies/UnityEditor.UI.Analytics.dll
[684/879    0s] CopyFiles Library/ScriptAssemblies/Unity.XR.CoreUtils.Editor.dll
[685/879    0s] CopyFiles Library/ScriptAssemblies/Unity.XR.CoreUtils.Editor.pdb
[686/879    0s] CopyFiles Library/ScriptAssemblies/UnityEditor.SpatialTracking.dll
[687/879    0s] CopyFiles Library/ScriptAssemblies/UnityEditor.SpatialTracking.pdb
[           0s] Csc Library/Bee/artifacts/1900b0aE.dag/Unity.RenderPipelines.GPUDriven.Runtime.dll (+2 others) [CacheWrite 00000000000000000000000000000005]
[688/879    0s] MovedFromExtractor Library/Bee/artifacts/mvdfrm/Unity.RenderPipelines.GPUDriven.Runtime.ref.dll_94F5458D7254E99F.mvfrm
[689/879    0s] Csc Library/Bee/artifacts/1900b0aE.dag/Unity.RenderPipelines.Universal.Config.Runtime.dll (+2 others)
[690/879    0s] Csc Library/Bee/artifacts/1900b0aE.dag/Unity.RenderPipeline.Universal.ShaderLibrary.dll (+2 others)
[691/879    0s] Csc Library/Bee/artifacts/1900b0aE.dag/Unity.RenderPipelines.Core.Runtime.Shared.dll (+2 others)
[692/879    0s] ILPostProcess Library/Bee/artifacts/1900b0aE.dag/post-processed/Unity.ShaderGraph.Utilities.dll (+pdb)
Processing assembly Library/Bee/artifacts/1900b0aE.dag/Unity.ShaderGraph.Utilities.dll, with 137 defines and 273 references

processors: Unity.Jobs.CodeGen.JobsILPostProcessor, zzzUnity.Burst.CodeGen.BurstILPostProcessor

running Unity.Jobs.CodeGen.JobsILPostProcessor

running zzzUnity.Burst.CodeGen.BurstILPostProcessor
[           0s] Csc Library/Bee/artifacts/1900b0aE.dag/Unity.RenderPipelines.Universal.Config.Runtime.dll (+2 others) [CacheWrite 00000000000000000000000000000005]
[693/879    0s] CopyFiles Library/ScriptAssemblies/Unity.ShaderGraph.Utilities.dll
[694/879    0s] CopyFiles Library/ScriptAssemblies/Unity.ShaderGraph.Utilities.pdb
[           0s] Csc Library/Bee/artifacts/1900b0aE.dag/Unity.RenderPipeline.Universal.ShaderLibrary.dll (+2 others) [CacheWrite 00000000000000000000000000000005]
[           0s] Csc Library/Bee/artifacts/1900b0aE.dag/Unity.RenderPipelines.Core.Runtime.Shared.dll (+2 others) [CacheWrite 00000000000000000000000000000005]
[695/879    0s] MovedFromExtractor-Combine Library/Bee/artifacts/1900b0aE.dag/Unity.RenderPipelines.Core.Editor.dll.mvfrm
[696/879    0s] ILPostProcess Library/Bee/artifacts/1900b0aE.dag/post-processed/Unity.RenderPipelines.Universal.Config.Runtime.dll (+pdb)
Processing assembly Library/Bee/artifacts/1900b0aE.dag/Unity.RenderPipelines.Universal.Config.Runtime.dll, with 139 defines and 265 references

processors: Unity.Jobs.CodeGen.JobsILPostProcessor, zzzUnity.Burst.CodeGen.BurstILPostProcessor

running Unity.Jobs.CodeGen.JobsILPostProcessor

running zzzUnity.Burst.CodeGen.BurstILPostProcessor
[697/879    1s] ILPostProcess Library/Bee/artifacts/1900b0aE.dag/post-processed/Unity.Burst.Editor.dll (+pdb)
Processing assembly Library/Bee/artifacts/1900b0aE.dag/Unity.Burst.Editor.dll, with 137 defines and 274 references

processors: Unity.Jobs.CodeGen.JobsILPostProcessor, zzzUnity.Burst.CodeGen.BurstILPostProcessor

running Unity.Jobs.CodeGen.JobsILPostProcessor

running zzzUnity.Burst.CodeGen.BurstILPostProcessor
[698/879    0s] CopyFiles Library/ScriptAssemblies/Unity.RenderPipelines.Universal.Config.Runtime.dll
[699/879    0s] CopyFiles Library/ScriptAssemblies/Unity.RenderPipelines.Universal.Config.Runtime.pdb
[700/879    0s] CopyFiles Library/ScriptAssemblies/Unity.Burst.Editor.pdb
[701/879    0s] CopyFiles Library/ScriptAssemblies/Unity.Burst.Editor.dll
[702/879    0s] ILPostProcess Library/Bee/artifacts/1900b0aE.dag/post-processed/Unity.RenderPipeline.Universal.ShaderLibrary.dll (+pdb)
Processing assembly Library/Bee/artifacts/1900b0aE.dag/Unity.RenderPipeline.Universal.ShaderLibrary.dll, with 139 defines and 265 references

processors: Unity.Jobs.CodeGen.JobsILPostProcessor, zzzUnity.Burst.CodeGen.BurstILPostProcessor

running Unity.Jobs.CodeGen.JobsILPostProcessor

running zzzUnity.Burst.CodeGen.BurstILPostProcessor
[703/879    0s] MovedFromExtractor Library/Bee/artifacts/mvdfrm/Unity.RenderPipelines.Universal.Config.Runtime.ref.dll_5D92000A132D4840.mvfrm
[704/879    0s] MovedFromExtractor Library/Bee/artifacts/mvdfrm/Unity.RenderPipeline.Universal.ShaderLibrary.ref.dll_5436F99F8BDCED8B.mvfrm
[705/879    0s] ILPostProcess Library/Bee/artifacts/1900b0aE.dag/post-processed/Unity.RenderPipelines.Core.Runtime.Shared.dll (+pdb)
Processing assembly Library/Bee/artifacts/1900b0aE.dag/Unity.RenderPipelines.Core.Runtime.Shared.dll, with 139 defines and 265 references

processors: Unity.Jobs.CodeGen.JobsILPostProcessor, zzzUnity.Burst.CodeGen.BurstILPostProcessor

running Unity.Jobs.CodeGen.JobsILPostProcessor

running zzzUnity.Burst.CodeGen.BurstILPostProcessor
[706/879    0s] CopyFiles Library/ScriptAssemblies/Unity.RenderPipeline.Universal.ShaderLibrary.pdb
[707/879    0s] CopyFiles Library/ScriptAssemblies/Unity.RenderPipeline.Universal.ShaderLibrary.dll
[708/879    0s] MovedFromExtractor Library/Bee/artifacts/mvdfrm/Unity.RenderPipelines.Core.Runtime.Shared.ref.dll_547B576A1A56EABF.mvfrm
[709/879    0s] CopyFiles Library/ScriptAssemblies/Unity.RenderPipelines.Core.Runtime.Shared.dll
[710/879    0s] CopyFiles Library/ScriptAssemblies/Unity.RenderPipelines.Core.Runtime.Shared.pdb
[711/879    0s] Csc Library/Bee/artifacts/1900b0aE.dag/Unity.TextMeshPro.Editor.dll (+2 others)
[           0s] Csc Library/Bee/artifacts/1900b0aE.dag/Unity.TextMeshPro.Editor.dll (+2 others) [CacheWrite 00000000000000000000000000000005]
[712/879    0s] MovedFromExtractor-Combine Library/Bee/artifacts/1900b0aE.dag/Unity.RenderPipelines.Universal.Runtime.dll.mvfrm
[713/879    0s] ILPostProcess Library/Bee/artifacts/1900b0aE.dag/post-processed/Unity.TextMeshPro.Editor.dll (+pdb)
Processing assembly Library/Bee/artifacts/1900b0aE.dag/Unity.TextMeshPro.Editor.dll, with 137 defines and 275 references

processors: Unity.Jobs.CodeGen.JobsILPostProcessor, zzzUnity.Burst.CodeGen.BurstILPostProcessor

running Unity.Jobs.CodeGen.JobsILPostProcessor

running zzzUnity.Burst.CodeGen.BurstILPostProcessor
[714/879    1s] ILPostProcess Library/Bee/artifacts/1900b0aE.dag/post-processed/Unity.Burst.dll (+pdb)
Processing assembly Library/Bee/artifacts/1900b0aE.dag/Unity.Burst.dll, with 139 defines and 260 references

processors: Unity.Jobs.CodeGen.JobsILPostProcessor, zzzUnity.Burst.CodeGen.BurstILPostProcessor

running Unity.Jobs.CodeGen.JobsILPostProcessor

running zzzUnity.Burst.CodeGen.BurstILPostProcessor
[715/879    0s] CopyFiles Library/ScriptAssemblies/Unity.TextMeshPro.Editor.pdb
[716/879    0s] CopyFiles Library/ScriptAssemblies/Unity.TextMeshPro.Editor.dll
[717/879    0s] CopyFiles Library/ScriptAssemblies/Unity.Burst.pdb
[718/879    0s] CopyFiles Library/ScriptAssemblies/Unity.Burst.dll
[719/879    0s] MovedFromExtractor Library/Bee/artifacts/mvdfrm/Unity.TextMeshPro.Editor.ref.dll_159E061D77A10B86.mvfrm
[720/879    0s] Csc Library/Bee/artifacts/1900b0aE.dag/Unity.RenderPipelines.Core.Editor.dll (+2 others)
[           0s] Csc Library/Bee/artifacts/1900b0aE.dag/Unity.RenderPipelines.Core.Editor.dll (+2 others) [CacheWrite 00000000000000000000000000000005]
[721/879    0s] Csc Library/Bee/artifacts/1900b0aE.dag/Unity.RenderPipelines.Universal.Runtime.dll (+2 others)
[722/879    0s] MovedFromExtractor Library/Bee/artifacts/mvdfrm/Unity.RenderPipelines.Core.Editor.ref.dll_46EB9B6930B27991.mvfrm
[           0s] Csc Library/Bee/artifacts/1900b0aE.dag/Unity.RenderPipelines.Universal.Runtime.dll (+2 others) [CacheWrite 00000000000000000000000000000005]
[723/879    0s] MovedFromExtractor-Combine Library/Bee/artifacts/1900b0aE.dag/Unity.ShaderGraph.Editor.dll.mvfrm
[724/879    0s] MovedFromExtractor-Combine Library/Bee/artifacts/1900b0aE.dag/Unity.RenderPipelines.Core.Editor.Shared.dll.mvfrm
[725/879    0s] MovedFromExtractor Library/Bee/artifacts/mvdfrm/Unity.RenderPipelines.Universal.Runtime.ref.dll_5400A10AF7CC6BEA.mvfrm
[726/879    0s] MovedFromExtractor-Combine Library/Bee/artifacts/1900b0aE.dag/Unity.XR.OpenXR.dll.mvfrm
[727/879    0s] MovedFromExtractor-Combine Library/Bee/artifacts/1900b0aE.dag/Unity.RenderPipelines.Universal.2D.Runtime.dll.mvfrm
[728/879    0s] MovedFromExtractor-Combine Library/Bee/artifacts/1900b0aE.dag/UnityEditor.XR.LegacyInputHelpers.dll.mvfrm
[729/879    0s] Csc Library/Bee/artifacts/1900b0aE.dag/Unity.RenderPipelines.Core.Editor.Shared.dll (+2 others)
[730/879    0s] ILPostProcess Library/Bee/artifacts/1900b0aE.dag/post-processed/Unity.RenderPipelines.Universal.Runtime.dll (+pdb)
Processing assembly Library/Bee/artifacts/1900b0aE.dag/Unity.RenderPipelines.Universal.Runtime.dll, with 146 defines and 272 references

processors: Unity.Jobs.CodeGen.JobsILPostProcessor, zzzUnity.Burst.CodeGen.BurstILPostProcessor

running Unity.Jobs.CodeGen.JobsILPostProcessor

running zzzUnity.Burst.CodeGen.BurstILPostProcessor
[           0s] Csc Library/Bee/artifacts/1900b0aE.dag/Unity.RenderPipelines.Core.Editor.Shared.dll (+2 others) [CacheWrite 00000000000000000000000000000005]
[731/879    0s] CopyFiles Library/ScriptAssemblies/Unity.RenderPipelines.Universal.Runtime.pdb
[732/879    0s] CopyFiles Library/ScriptAssemblies/Unity.RenderPipelines.Universal.Runtime.dll
[733/879    0s] MovedFromExtractor Library/Bee/artifacts/mvdfrm/Unity.RenderPipelines.Core.Editor.Shared.ref.dll_FAA396FB17B8C1A8.mvfrm
[734/879    0s] Csc Library/Bee/artifacts/1900b0aE.dag/UnityEditor.XR.LegacyInputHelpers.dll (+2 others)
[           0s] Csc Library/Bee/artifacts/1900b0aE.dag/UnityEditor.XR.LegacyInputHelpers.dll (+2 others) [CacheWrite 00000000000000000000000000000005]
[735/879    0s] Csc Library/Bee/artifacts/1900b0aE.dag/Unity.RenderPipelines.Universal.2D.Runtime.dll (+2 others)
[736/879    0s] MovedFromExtractor Library/Bee/artifacts/mvdfrm/UnityEditor.XR.LegacyInputHelpers.ref.dll_3F12D550ED6E7C7D.mvfrm
[           0s] Csc Library/Bee/artifacts/1900b0aE.dag/Unity.RenderPipelines.Universal.2D.Runtime.dll (+2 others) [CacheWrite 00000000000000000000000000000005]
[737/879    0s] ILPostProcess Library/Bee/artifacts/1900b0aE.dag/post-processed/UnityEditor.XR.LegacyInputHelpers.dll (+pdb)
Processing assembly Library/Bee/artifacts/1900b0aE.dag/UnityEditor.XR.LegacyInputHelpers.dll, with 141 defines and 277 references

processors: Unity.Jobs.CodeGen.JobsILPostProcessor, zzzUnity.Burst.CodeGen.BurstILPostProcessor

running Unity.Jobs.CodeGen.JobsILPostProcessor

running zzzUnity.Burst.CodeGen.BurstILPostProcessor
[738/879    0s] ILPostProcess Library/Bee/artifacts/1900b0aE.dag/post-processed/Unity.RenderPipelines.Core.Editor.Shared.dll (+pdb)
Processing assembly Library/Bee/artifacts/1900b0aE.dag/Unity.RenderPipelines.Core.Editor.Shared.dll, with 137 defines and 274 references

processors: Unity.Jobs.CodeGen.JobsILPostProcessor, zzzUnity.Burst.CodeGen.BurstILPostProcessor

running Unity.Jobs.CodeGen.JobsILPostProcessor

running zzzUnity.Burst.CodeGen.BurstILPostProcessor
[739/879    0s] CopyFiles Library/ScriptAssemblies/UnityEditor.XR.LegacyInputHelpers.pdb
[740/879    0s] CopyFiles Library/ScriptAssemblies/UnityEditor.XR.LegacyInputHelpers.dll
[741/879    0s] CopyFiles Library/ScriptAssemblies/Unity.RenderPipelines.Core.Editor.Shared.pdb
[742/879    0s] CopyFiles Library/ScriptAssemblies/Unity.RenderPipelines.Core.Editor.Shared.dll
[743/879    0s] Csc Library/Bee/artifacts/1900b0aE.dag/Unity.XR.OpenXR.dll (+2 others)
[744/879    0s] MovedFromExtractor Library/Bee/artifacts/mvdfrm/Unity.RenderPipelines.Universal.2D.Runtime.ref.dll_D60199621A6AEC70.mvfrm
[745/879    0s] ILPostProcess Library/Bee/artifacts/1900b0aE.dag/post-processed/Unity.RenderPipelines.Universal.2D.Runtime.dll (+pdb)
Processing assembly Library/Bee/artifacts/1900b0aE.dag/Unity.RenderPipelines.Universal.2D.Runtime.dll, with 142 defines and 269 references

processors: Unity.Jobs.CodeGen.JobsILPostProcessor, zzzUnity.Burst.CodeGen.BurstILPostProcessor

running Unity.Jobs.CodeGen.JobsILPostProcessor

running zzzUnity.Burst.CodeGen.BurstILPostProcessor
[           0s] Csc Library/Bee/artifacts/1900b0aE.dag/Unity.XR.OpenXR.dll (+2 others) [CacheWrite 00000000000000000000000000000005]
[746/879    0s] CopyFiles Library/ScriptAssemblies/Unity.RenderPipelines.Universal.2D.Runtime.pdb
[747/879    0s] CopyFiles Library/ScriptAssemblies/Unity.RenderPipelines.Universal.2D.Runtime.dll
[748/879    0s] ILPostProcess Library/Bee/artifacts/1900b0aE.dag/post-processed/Unity.XR.OpenXR.dll (+pdb)
Processing assembly Library/Bee/artifacts/1900b0aE.dag/Unity.XR.OpenXR.dll, with 145 defines and 268 references

processors: Unity.Jobs.CodeGen.JobsILPostProcessor, zzzUnity.Burst.CodeGen.BurstILPostProcessor

running Unity.Jobs.CodeGen.JobsILPostProcessor

running zzzUnity.Burst.CodeGen.BurstILPostProcessor
[749/879    0s] CopyFiles Library/ScriptAssemblies/Unity.XR.OpenXR.pdb
[750/879    0s] CopyFiles Library/ScriptAssemblies/Unity.XR.OpenXR.dll
[751/879    0s] MovedFromExtractor Library/Bee/artifacts/mvdfrm/Unity.XR.OpenXR.ref.dll_18763C29B6421920.mvfrm
[752/879    0s] MovedFromExtractor-Combine Library/Bee/artifacts/1900b0aE.dag/Unity.XR.OpenXR.Editor.dll.mvfrm
[753/879    0s] MovedFromExtractor-Combine Library/Bee/artifacts/1900b0aE.dag/Unity.XR.OpenXR.Features.ConformanceAutomation.dll.mvfrm
[754/879    0s] MovedFromExtractor-Combine Library/Bee/artifacts/1900b0aE.dag/Unity.XR.Interaction.Toolkit.dll.mvfrm
[755/879    0s] MovedFromExtractor-Combine Library/Bee/artifacts/1900b0aE.dag/Unity.XR.OpenXR.Features.MetaQuestSupport.dll.mvfrm
[756/879    1s] Csc Library/Bee/artifacts/1900b0aE.dag/Unity.ShaderGraph.Editor.dll (+2 others)
[           0s] Csc Library/Bee/artifacts/1900b0aE.dag/Unity.ShaderGraph.Editor.dll (+2 others) [CacheWrite 00000000000000000000000000000005]
[757/879    0s] Csc Library/Bee/artifacts/1900b0aE.dag/Unity.XR.OpenXR.Features.ConformanceAutomation.dll (+2 others)
[758/879    0s] ILPostProcess Library/Bee/artifacts/1900b0aE.dag/post-processed/Unity.ShaderGraph.Editor.dll (+pdb)
Processing assembly Library/Bee/artifacts/1900b0aE.dag/Unity.ShaderGraph.Editor.dll, with 137 defines and 277 references

processors: Unity.Jobs.CodeGen.JobsILPostProcessor, zzzUnity.Burst.CodeGen.BurstILPostProcessor

running Unity.Jobs.CodeGen.JobsILPostProcessor

running zzzUnity.Burst.CodeGen.BurstILPostProcessor
[759/879    0s] CopyFiles Library/ScriptAssemblies/Unity.ShaderGraph.Editor.pdb
[           0s] Csc Library/Bee/artifacts/1900b0aE.dag/Unity.XR.OpenXR.Features.ConformanceAutomation.dll (+2 others) [CacheWrite 00000000000000000000000000000005]
[760/879    0s] CopyFiles Library/ScriptAssemblies/Unity.ShaderGraph.Editor.dll
[761/879    0s] Csc Library/Bee/artifacts/1900b0aE.dag/Unity.XR.OpenXR.Features.MetaQuestSupport.dll (+2 others)
[762/879    0s] MovedFromExtractor Library/Bee/artifacts/mvdfrm/Unity.ShaderGraph.Editor.ref.dll_0F50152946DB09D0.mvfrm
[763/879    0s] Csc Library/Bee/artifacts/1900b0aE.dag/Unity.XR.OpenXR.Editor.dll (+2 others)
[           0s] Csc Library/Bee/artifacts/1900b0aE.dag/Unity.XR.OpenXR.Features.MetaQuestSupport.dll (+2 others) [CacheWrite 00000000000000000000000000000005]
[           0s] Csc Library/Bee/artifacts/1900b0aE.dag/Unity.XR.OpenXR.Editor.dll (+2 others) [CacheWrite 00000000000000000000000000000005]
[764/879    0s] ILPostProcess Library/Bee/artifacts/1900b0aE.dag/post-processed/Unity.XR.OpenXR.Features.ConformanceAutomation.dll (+pdb)
Processing assembly Library/Bee/artifacts/1900b0aE.dag/Unity.XR.OpenXR.Features.ConformanceAutomation.dll, with 139 defines and 265 references

processors: Unity.Jobs.CodeGen.JobsILPostProcessor, zzzUnity.Burst.CodeGen.BurstILPostProcessor

running Unity.Jobs.CodeGen.JobsILPostProcessor

running zzzUnity.Burst.CodeGen.BurstILPostProcessor
[765/879    0s] MovedFromExtractor-Combine Library/Bee/artifacts/1900b0aE.dag/Unity.RenderPipelines.Universal.2D.Editor.Overrides.dll.mvfrm
[766/879    0s] MovedFromExtractor-Combine Library/Bee/artifacts/1900b0aE.dag/Unity.RenderPipelines.Universal.Editor.dll.mvfrm
[767/879    0s] MovedFromExtractor Library/Bee/artifacts/mvdfrm/Unity.XR.OpenXR.Features.ConformanceAutomation.ref.dll_01FEA043C7470D3F.mvfrm
[768/879    0s] CopyFiles Library/ScriptAssemblies/Unity.XR.OpenXR.Features.ConformanceAutomation.dll
[769/879    0s] CopyFiles Library/ScriptAssemblies/Unity.XR.OpenXR.Features.ConformanceAutomation.pdb
[770/879    0s] ILPostProcess Library/Bee/artifacts/1900b0aE.dag/post-processed/Unity.XR.OpenXR.Features.MetaQuestSupport.dll (+pdb)
Processing assembly Library/Bee/artifacts/1900b0aE.dag/Unity.XR.OpenXR.Features.MetaQuestSupport.dll, with 140 defines and 266 references

processors: Unity.Jobs.CodeGen.JobsILPostProcessor, zzzUnity.Burst.CodeGen.BurstILPostProcessor

running Unity.Jobs.CodeGen.JobsILPostProcessor

running zzzUnity.Burst.CodeGen.BurstILPostProcessor
[771/879    0s] MovedFromExtractor Library/Bee/artifacts/mvdfrm/Unity.XR.OpenXR.Features.MetaQuestSupport.ref.dll_D1907459A4C188F5.mvfrm
[772/879    0s] CopyFiles Library/ScriptAssemblies/Unity.XR.OpenXR.Features.MetaQuestSupport.pdb
[773/879    0s] CopyFiles Library/ScriptAssemblies/Unity.XR.OpenXR.Features.MetaQuestSupport.dll
[774/879    0s] ILPostProcess Library/Bee/artifacts/1900b0aE.dag/post-processed/Unity.XR.OpenXR.Editor.dll (+pdb)
Processing assembly Library/Bee/artifacts/1900b0aE.dag/Unity.XR.OpenXR.Editor.dll, with 139 defines and 273 references

processors: Unity.Jobs.CodeGen.JobsILPostProcessor, zzzUnity.Burst.CodeGen.BurstILPostProcessor

running Unity.Jobs.CodeGen.JobsILPostProcessor

running zzzUnity.Burst.CodeGen.BurstILPostProcessor
[775/879    0s] MovedFromExtractor Library/Bee/artifacts/mvdfrm/Unity.XR.OpenXR.Editor.ref.dll_A75B1C5B45FBE091.mvfrm
[776/879    0s] CopyFiles Library/ScriptAssemblies/Unity.XR.OpenXR.Editor.pdb
[777/879    0s] CopyFiles Library/ScriptAssemblies/Unity.XR.OpenXR.Editor.dll
[778/879    0s] MovedFromExtractor-Combine Library/Bee/artifacts/1900b0aE.dag/Unity.XR.OpenXR.Features.OculusQuestSupport.dll.mvfrm
[779/879    0s] MovedFromExtractor-Combine Library/Bee/artifacts/1900b0aE.dag/Unity.XR.OpenXR.Features.MetaQuestSupport.Editor.dll.mvfrm
[780/879    0s] MovedFromExtractor-Combine Library/Bee/artifacts/1900b0aE.dag/Unity.XR.OpenXR.Features.MockRuntime.dll.mvfrm
[781/879    0s] MovedFromExtractor-Combine Library/Bee/artifacts/1900b0aE.dag/Unity.XR.OpenXR.Features.RuntimeDebugger.dll.mvfrm
[782/879    0s] Csc Library/Bee/artifacts/1900b0aE.dag/Unity.RenderPipelines.Universal.2D.Editor.Overrides.dll (+2 others)
[           0s] Csc Library/Bee/artifacts/1900b0aE.dag/Unity.RenderPipelines.Universal.2D.Editor.Overrides.dll (+2 others) [CacheWrite 00000000000000000000000000000005]
[783/879    0s] Csc Library/Bee/artifacts/1900b0aE.dag/Unity.XR.OpenXR.Features.OculusQuestSupport.dll (+2 others)
[784/879    0s] Csc Library/Bee/artifacts/1900b0aE.dag/Unity.XR.Interaction.Toolkit.dll (+2 others)
[785/879    0s] MovedFromExtractor Library/Bee/artifacts/mvdfrm/Unity.RenderPipelines.Universal.2D.Editor.Overrides.ref.dll_FE6C8CE3BFF0C484.mvfrm
[           0s] Csc Library/Bee/artifacts/1900b0aE.dag/Unity.XR.OpenXR.Features.OculusQuestSupport.dll (+2 others) [CacheWrite 00000000000000000000000000000005]
[           0s] Csc Library/Bee/artifacts/1900b0aE.dag/Unity.XR.Interaction.Toolkit.dll (+2 others) [CacheWrite 00000000000000000000000000000005]
[786/879    0s] ILPostProcess Library/Bee/artifacts/1900b0aE.dag/post-processed/Unity.RenderPipelines.Universal.2D.Editor.Overrides.dll (+pdb)
Processing assembly Library/Bee/artifacts/1900b0aE.dag/Unity.RenderPipelines.Universal.2D.Editor.Overrides.dll, with 139 defines and 285 references

processors: Unity.Jobs.CodeGen.JobsILPostProcessor, zzzUnity.Burst.CodeGen.BurstILPostProcessor

running Unity.Jobs.CodeGen.JobsILPostProcessor

running zzzUnity.Burst.CodeGen.BurstILPostProcessor
[787/879    0s] CopyFiles Library/ScriptAssemblies/Unity.RenderPipelines.Universal.2D.Editor.Overrides.dll
[788/879    0s] CopyFiles Library/ScriptAssemblies/Unity.RenderPipelines.Universal.2D.Editor.Overrides.pdb
[789/879    0s] Csc Library/Bee/artifacts/1900b0aE.dag/Unity.XR.OpenXR.Features.MetaQuestSupport.Editor.dll (+2 others)
[790/879    0s] Csc Library/Bee/artifacts/1900b0aE.dag/Unity.XR.OpenXR.Features.RuntimeDebugger.dll (+2 others)
[           0s] Csc Library/Bee/artifacts/1900b0aE.dag/Unity.XR.OpenXR.Features.MetaQuestSupport.Editor.dll (+2 others) [CacheWrite 00000000000000000000000000000005]
[           0s] Csc Library/Bee/artifacts/1900b0aE.dag/Unity.XR.OpenXR.Features.RuntimeDebugger.dll (+2 others) [CacheWrite 00000000000000000000000000000005]
[791/879    0s] Csc Library/Bee/artifacts/1900b0aE.dag/Unity.XR.OpenXR.Features.MockRuntime.dll (+2 others)
[792/879    0s] MovedFromExtractor Library/Bee/artifacts/mvdfrm/Unity.XR.OpenXR.Features.OculusQuestSupport.ref.dll_9101E0597D5BC8D9.mvfrm
[           0s] Csc Library/Bee/artifacts/1900b0aE.dag/Unity.XR.OpenXR.Features.MockRuntime.dll (+2 others) [CacheWrite 00000000000000000000000000000005]
[793/879    0s] Csc Library/Bee/artifacts/1900b0aE.dag/Unity.RenderPipelines.Universal.Editor.dll (+2 others)
[794/879    0s] MovedFromExtractor Library/Bee/artifacts/mvdfrm/Unity.XR.Interaction.Toolkit.ref.dll_96C656129EF9A05C.mvfrm
[           0s] Csc Library/Bee/artifacts/1900b0aE.dag/Unity.RenderPipelines.Universal.Editor.dll (+2 others) [CacheWrite 00000000000000000000000000000005]
[795/879    0s] MovedFromExtractor Library/Bee/artifacts/mvdfrm/Unity.XR.OpenXR.Features.MetaQuestSupport.Editor.ref.dll_9D3FA5F897E3A50C.mvfrm
[796/879    0s] MovedFromExtractor Library/Bee/artifacts/mvdfrm/Unity.XR.OpenXR.Features.RuntimeDebugger.ref.dll_355FB68661407DAC.mvfrm
[797/879    0s] MovedFromExtractor-Combine Library/Bee/artifacts/1900b0aE.dag/Unity.XR.OpenXR.Features.OculusQuestSupport.Editor.dll.mvfrm
[798/879    0s] MovedFromExtractor-Combine Library/Bee/artifacts/1900b0aE.dag/Unity.XR.Interaction.Toolkit.Editor.dll.mvfrm
[799/879    0s] MovedFromExtractor-Combine Library/Bee/artifacts/1900b0aE.dag/Unity.XR.Interaction.Toolkit.CodeSamples.Tests.dll.mvfrm
[800/879    0s] MovedFromExtractor Library/Bee/artifacts/mvdfrm/Unity.XR.OpenXR.Features.MockRuntime.ref.dll_65E19FD1E50296C1.mvfrm
[801/879    0s] ILPostProcess Library/Bee/artifacts/1900b0aE.dag/post-processed/Unity.XR.OpenXR.Features.MetaQuestSupport.Editor.dll (+pdb)
Processing assembly Library/Bee/artifacts/1900b0aE.dag/Unity.XR.OpenXR.Features.MetaQuestSupport.Editor.dll, with 138 defines and 277 references

processors: Unity.Jobs.CodeGen.JobsILPostProcessor, zzzUnity.Burst.CodeGen.BurstILPostProcessor

running Unity.Jobs.CodeGen.JobsILPostProcessor

running zzzUnity.Burst.CodeGen.BurstILPostProcessor
[802/879    5s] ILPostProcess Library/Bee/artifacts/1900b0aE.dag/post-processed/Unity.Collections.Editor.dll (+pdb)
Processing assembly Library/Bee/artifacts/1900b0aE.dag/Unity.Collections.Editor.dll, with 138 defines and 274 references

processors: Unity.Jobs.CodeGen.JobsILPostProcessor, zzzUnity.Burst.CodeGen.BurstILPostProcessor

running Unity.Jobs.CodeGen.JobsILPostProcessor

running zzzUnity.Burst.CodeGen.BurstILPostProcessor
[803/879    0s] ILPostProcess Library/Bee/artifacts/1900b0aE.dag/post-processed/Unity.RenderPipelines.Universal.Editor.dll (+pdb)
Processing assembly Library/Bee/artifacts/1900b0aE.dag/Unity.RenderPipelines.Universal.Editor.dll, with 140 defines and 285 references

processors: Unity.Jobs.CodeGen.JobsILPostProcessor, zzzUnity.Burst.CodeGen.BurstILPostProcessor

running Unity.Jobs.CodeGen.JobsILPostProcessor

running zzzUnity.Burst.CodeGen.BurstILPostProcessor
[804/879    0s] ILPostProcess Library/Bee/artifacts/1900b0aE.dag/post-processed/Unity.XR.OpenXR.Features.OculusQuestSupport.dll (+pdb)
Processing assembly Library/Bee/artifacts/1900b0aE.dag/Unity.XR.OpenXR.Features.OculusQuestSupport.dll, with 139 defines and 266 references

processors: Unity.Jobs.CodeGen.JobsILPostProcessor, zzzUnity.Burst.CodeGen.BurstILPostProcessor

running Unity.Jobs.CodeGen.JobsILPostProcessor

running zzzUnity.Burst.CodeGen.BurstILPostProcessor
[805/879    0s] MovedFromExtractor-Combine Library/Bee/artifacts/1900b0aE.dag/Unity.XR.OpenXR.Features.RuntimeDebugger.Editor.dll.mvfrm
[806/879    0s] ILPostProcess Library/Bee/artifacts/1900b0aE.dag/post-processed/Unity.XR.OpenXR.Features.RuntimeDebugger.dll (+pdb)
Processing assembly Library/Bee/artifacts/1900b0aE.dag/Unity.XR.OpenXR.Features.RuntimeDebugger.dll, with 139 defines and 261 references

processors: Unity.Jobs.CodeGen.JobsILPostProcessor, zzzUnity.Burst.CodeGen.BurstILPostProcessor

running Unity.Jobs.CodeGen.JobsILPostProcessor

running zzzUnity.Burst.CodeGen.BurstILPostProcessor
[807/879    0s] ILPostProcess Library/Bee/artifacts/1900b0aE.dag/post-processed/Unity.XR.OpenXR.Features.MockRuntime.dll (+pdb)
Processing assembly Library/Bee/artifacts/1900b0aE.dag/Unity.XR.OpenXR.Features.MockRuntime.dll, with 139 defines and 262 references

processors: Unity.Jobs.CodeGen.JobsILPostProcessor, zzzUnity.Burst.CodeGen.BurstILPostProcessor

running Unity.Jobs.CodeGen.JobsILPostProcessor

running zzzUnity.Burst.CodeGen.BurstILPostProcessor
[808/879    0s] CopyFiles Library/ScriptAssemblies/Unity.XR.OpenXR.Features.MetaQuestSupport.Editor.dll
[809/879    0s] CopyFiles Library/ScriptAssemblies/Unity.XR.OpenXR.Features.MetaQuestSupport.Editor.pdb
[810/879    0s] CopyFiles Library/ScriptAssemblies/Unity.RenderPipelines.Universal.Editor.pdb
[811/879    0s] CopyFiles Library/ScriptAssemblies/Unity.RenderPipelines.Universal.Editor.dll
[812/879    0s] MovedFromExtractor Library/Bee/artifacts/mvdfrm/Unity.RenderPipelines.Universal.Editor.ref.dll_0FF7AC68384616B1.mvfrm
[813/879    0s] CopyFiles Library/ScriptAssemblies/Unity.Collections.Editor.dll
[814/879    0s] CopyFiles Library/ScriptAssemblies/Unity.Collections.Editor.pdb
[815/879    0s] CopyFiles Library/ScriptAssemblies/Unity.XR.OpenXR.Features.OculusQuestSupport.dll
[816/879    0s] CopyFiles Library/ScriptAssemblies/Unity.XR.OpenXR.Features.OculusQuestSupport.pdb
[817/879    0s] CopyFiles Library/ScriptAssemblies/Unity.XR.OpenXR.Features.RuntimeDebugger.pdb
[818/879    0s] CopyFiles Library/ScriptAssemblies/Unity.XR.OpenXR.Features.RuntimeDebugger.dll
[819/879    0s] CopyFiles Library/ScriptAssemblies/Unity.XR.OpenXR.Features.MockRuntime.dll
[820/879    0s] CopyFiles Library/ScriptAssemblies/Unity.XR.OpenXR.Features.MockRuntime.pdb
[821/879    0s] MovedFromExtractor-Combine Library/Bee/artifacts/1900b0aE.dag/Unity.XR.OpenXR.TestTooling.dll.mvfrm
[822/879    0s] Csc Library/Bee/artifacts/1900b0aE.dag/Unity.XR.OpenXR.Features.OculusQuestSupport.Editor.dll (+2 others)
[823/879    3s] ILPostProcess Library/Bee/artifacts/1900b0aE.dag/post-processed/Unity.RenderPipelines.Core.Editor.dll (+pdb)
Processing assembly Library/Bee/artifacts/1900b0aE.dag/Unity.RenderPipelines.Core.Editor.dll, with 138 defines and 279 references

processors: Unity.Jobs.CodeGen.JobsILPostProcessor, zzzUnity.Burst.CodeGen.BurstILPostProcessor

running Unity.Jobs.CodeGen.JobsILPostProcessor

running zzzUnity.Burst.CodeGen.BurstILPostProcessor
[824/879    0s] CopyFiles Library/ScriptAssemblies/Unity.RenderPipelines.Core.Editor.pdb
[825/879    0s] CopyFiles Library/ScriptAssemblies/Unity.RenderPipelines.Core.Editor.dll
[826/879    5s] ILPostProcess Library/Bee/artifacts/1900b0aE.dag/post-processed/Unity.RenderPipelines.Core.Runtime.dll (+pdb)
Processing assembly Library/Bee/artifacts/1900b0aE.dag/Unity.RenderPipelines.Core.Runtime.dll, with 142 defines and 268 references

processors: Unity.Jobs.CodeGen.JobsILPostProcessor, zzzUnity.Burst.CodeGen.BurstILPostProcessor

running Unity.Jobs.CodeGen.JobsILPostProcessor

running zzzUnity.Burst.CodeGen.BurstILPostProcessor
[827/879    0s] ILPostProcess Library/Bee/artifacts/1900b0aE.dag/post-processed/Unity.XR.Interaction.Toolkit.dll (+pdb)
Processing assembly Library/Bee/artifacts/1900b0aE.dag/Unity.XR.Interaction.Toolkit.dll, with 152 defines and 274 references

processors: Unity.Jobs.CodeGen.JobsILPostProcessor, zzzUnity.Burst.CodeGen.BurstILPostProcessor

running Unity.Jobs.CodeGen.JobsILPostProcessor

running zzzUnity.Burst.CodeGen.BurstILPostProcessor
[828/879    0s] CopyFiles Library/ScriptAssemblies/Unity.RenderPipelines.Core.Runtime.pdb
[829/879    0s] CopyFiles Library/ScriptAssemblies/Unity.RenderPipelines.Core.Runtime.dll
[830/879    0s] CopyFiles Library/ScriptAssemblies/Unity.XR.Interaction.Toolkit.pdb
[831/879    0s] CopyFiles Library/ScriptAssemblies/Unity.XR.Interaction.Toolkit.dll
[832/879    5s] ILPostProcess Library/Bee/artifacts/1900b0aE.dag/post-processed/Unity.UnifiedRayTracing.Runtime.dll (+pdb)
Processing assembly Library/Bee/artifacts/1900b0aE.dag/Unity.UnifiedRayTracing.Runtime.dll, with 140 defines and 267 references

processors: Unity.Jobs.CodeGen.JobsILPostProcessor, zzzUnity.Burst.CodeGen.BurstILPostProcessor

running Unity.Jobs.CodeGen.JobsILPostProcessor

running zzzUnity.Burst.CodeGen.BurstILPostProcessor
[833/879    0s] CopyFiles Library/ScriptAssemblies/Unity.UnifiedRayTracing.Runtime.pdb
[834/879    0s] CopyFiles Library/ScriptAssemblies/Unity.UnifiedRayTracing.Runtime.dll
[835/879    4s] ILPostProcess Library/Bee/artifacts/1900b0aE.dag/post-processed/Unity.RenderPipelines.GPUDriven.Runtime.dll (+pdb)
Processing assembly Library/Bee/artifacts/1900b0aE.dag/Unity.RenderPipelines.GPUDriven.Runtime.dll, with 139 defines and 268 references

processors: Unity.Jobs.CodeGen.JobsILPostProcessor, zzzUnity.Burst.CodeGen.BurstILPostProcessor

running Unity.Jobs.CodeGen.JobsILPostProcessor

running zzzUnity.Burst.CodeGen.BurstILPostProcessor
[836/879    0s] CopyFiles Library/ScriptAssemblies/Unity.RenderPipelines.GPUDriven.Runtime.pdb
[837/879    0s] CopyFiles Library/ScriptAssemblies/Unity.RenderPipelines.GPUDriven.Runtime.dll
[838/879    6s] ILPostProcess Library/Bee/artifacts/1900b0aE.dag/post-processed/Unity.Collections.dll (+pdb)
Processing assembly Library/Bee/artifacts/1900b0aE.dag/Unity.Collections.dll, with 141 defines and 266 references

processors: Unity.Jobs.CodeGen.JobsILPostProcessor, zzzUnity.Burst.CodeGen.BurstILPostProcessor

running Unity.Jobs.CodeGen.JobsILPostProcessor

running zzzUnity.Burst.CodeGen.BurstILPostProcessor
[839/879    0s] CopyFiles Library/ScriptAssemblies/Unity.Collections.pdb
[840/879    0s] CopyFiles Library/ScriptAssemblies/Unity.Collections.dll
[           1s] Csc Library/Bee/artifacts/1900b0aE.dag/Unity.XR.OpenXR.Features.OculusQuestSupport.Editor.dll (+2 others) [CacheWrite 00000000000000000000000000000005]
[841/879    1s] MovedFromExtractor-Combine Library/Bee/artifacts/1900b0aE.dag/PPv2URPConverters.dll.mvfrm
[842/879    0s] ILPostProcess Library/Bee/artifacts/1900b0aE.dag/post-processed/Unity.XR.OpenXR.Features.OculusQuestSupport.Editor.dll (+pdb)
Processing assembly Library/Bee/artifacts/1900b0aE.dag/Unity.XR.OpenXR.Features.OculusQuestSupport.Editor.dll, with 137 defines and 276 references

processors: Unity.Jobs.CodeGen.JobsILPostProcessor, zzzUnity.Burst.CodeGen.BurstILPostProcessor

running Unity.Jobs.CodeGen.JobsILPostProcessor

running zzzUnity.Burst.CodeGen.BurstILPostProcessor
[843/879    0s] CopyFiles Library/ScriptAssemblies/Unity.XR.OpenXR.Features.OculusQuestSupport.Editor.pdb
[844/879    0s] CopyFiles Library/ScriptAssemblies/Unity.XR.OpenXR.Features.OculusQuestSupport.Editor.dll
[845/879    0s] MovedFromExtractor Library/Bee/artifacts/mvdfrm/Unity.XR.OpenXR.Features.OculusQuestSupport.Editor.ref.dll_FEFB5585E8396F68.mvfrm
[846/879    1s] Csc Library/Bee/artifacts/1900b0aE.dag/Unity.XR.Interaction.Toolkit.CodeSamples.Tests.dll (+2 others)
[847/879    1s] Csc Library/Bee/artifacts/1900b0aE.dag/Unity.XR.OpenXR.Features.RuntimeDebugger.Editor.dll (+2 others)
[848/879    0s] Csc Library/Bee/artifacts/1900b0aE.dag/Unity.XR.OpenXR.TestTooling.dll (+2 others)
[           0s] Csc Library/Bee/artifacts/1900b0aE.dag/Unity.XR.Interaction.Toolkit.CodeSamples.Tests.dll (+2 others) [CacheWrite 00000000000000000000000000000005]
[           0s] Csc Library/Bee/artifacts/1900b0aE.dag/Unity.XR.OpenXR.Features.RuntimeDebugger.Editor.dll (+2 others) [CacheWrite 00000000000000000000000000000005]
[           0s] Csc Library/Bee/artifacts/1900b0aE.dag/Unity.XR.OpenXR.TestTooling.dll (+2 others) [CacheWrite 00000000000000000000000000000005]
[849/879    0s] ILPostProcess Library/Bee/artifacts/1900b0aE.dag/post-processed/Unity.XR.OpenXR.TestTooling.dll (+pdb)
Processing assembly Library/Bee/artifacts/1900b0aE.dag/Unity.XR.OpenXR.TestTooling.dll, with 139 defines and 264 references

processors: Unity.Jobs.CodeGen.JobsILPostProcessor, zzzUnity.Burst.CodeGen.BurstILPostProcessor

running Unity.Jobs.CodeGen.JobsILPostProcessor

running zzzUnity.Burst.CodeGen.BurstILPostProcessor
[850/879    0s] ILPostProcess Library/Bee/artifacts/1900b0aE.dag/post-processed/Unity.XR.Interaction.Toolkit.CodeSamples.Tests.dll (+pdb)
Processing assembly Library/Bee/artifacts/1900b0aE.dag/Unity.XR.Interaction.Toolkit.CodeSamples.Tests.dll, with 137 defines and 269 references

processors: Unity.Jobs.CodeGen.JobsILPostProcessor, zzzUnity.Burst.CodeGen.BurstILPostProcessor

running Unity.Jobs.CodeGen.JobsILPostProcessor

running zzzUnity.Burst.CodeGen.BurstILPostProcessor
[851/879    0s] ILPostProcess Library/Bee/artifacts/1900b0aE.dag/post-processed/Unity.XR.OpenXR.Features.RuntimeDebugger.Editor.dll (+pdb)
Processing assembly Library/Bee/artifacts/1900b0aE.dag/Unity.XR.OpenXR.Features.RuntimeDebugger.Editor.dll, with 137 defines and 276 references

processors: Unity.Jobs.CodeGen.JobsILPostProcessor, zzzUnity.Burst.CodeGen.BurstILPostProcessor

running Unity.Jobs.CodeGen.JobsILPostProcessor

running zzzUnity.Burst.CodeGen.BurstILPostProcessor
[852/879    0s] CopyFiles Library/ScriptAssemblies/Unity.XR.OpenXR.TestTooling.pdb
[853/879    0s] CopyFiles Library/ScriptAssemblies/Unity.XR.OpenXR.TestTooling.dll
[854/879    0s] CopyFiles Library/ScriptAssemblies/Unity.XR.Interaction.Toolkit.CodeSamples.Tests.dll
[855/879    0s] CopyFiles Library/ScriptAssemblies/Unity.XR.Interaction.Toolkit.CodeSamples.Tests.pdb
[856/879    0s] CopyFiles Library/ScriptAssemblies/Unity.XR.OpenXR.Features.RuntimeDebugger.Editor.pdb
[857/879    0s] CopyFiles Library/ScriptAssemblies/Unity.XR.OpenXR.Features.RuntimeDebugger.Editor.dll
[858/879    0s] MovedFromExtractor Library/Bee/artifacts/mvdfrm/Unity.XR.OpenXR.Features.RuntimeDebugger.Editor.ref.dll_C24E087EF9B388C5.mvfrm
[859/879    2s] Csc Library/Bee/artifacts/1900b0aE.dag/Unity.XR.Interaction.Toolkit.Editor.dll (+2 others)
[           0s] Csc Library/Bee/artifacts/1900b0aE.dag/Unity.XR.Interaction.Toolkit.Editor.dll (+2 others) [CacheWrite 00000000000000000000000000000005]
[860/879    0s] ILPostProcess Library/Bee/artifacts/1900b0aE.dag/post-processed/Unity.XR.Interaction.Toolkit.Editor.dll (+pdb)
Processing assembly Library/Bee/artifacts/1900b0aE.dag/Unity.XR.Interaction.Toolkit.Editor.dll, with 139 defines and 278 references

processors: Unity.Jobs.CodeGen.JobsILPostProcessor, zzzUnity.Burst.CodeGen.BurstILPostProcessor

running Unity.Jobs.CodeGen.JobsILPostProcessor

running zzzUnity.Burst.CodeGen.BurstILPostProcessor
[861/879    0s] CopyFiles Library/ScriptAssemblies/Unity.XR.Interaction.Toolkit.Editor.pdb
[862/879    0s] CopyFiles Library/ScriptAssemblies/Unity.XR.Interaction.Toolkit.Editor.dll
[863/879    0s] MovedFromExtractor Library/Bee/artifacts/mvdfrm/Unity.XR.Interaction.Toolkit.Editor.ref.dll_13D11C44DBE92115.mvfrm
[864/879    0s] MovedFromExtractor-Combine Library/Bee/artifacts/1900b0aE.dag/Unity.XR.Interaction.Toolkit.Analytics.Hooks.Editor.dll.mvfrm
[865/879    1s] Csc Library/Bee/artifacts/1900b0aE.dag/PPv2URPConverters.dll (+2 others)
[866/879    0s] Csc Library/Bee/artifacts/1900b0aE.dag/Unity.XR.Interaction.Toolkit.Analytics.Hooks.Editor.dll (+2 others)
[           0s] Csc Library/Bee/artifacts/1900b0aE.dag/PPv2URPConverters.dll (+2 others) [CacheWrite 00000000000000000000000000000005]
[           0s] Csc Library/Bee/artifacts/1900b0aE.dag/Unity.XR.Interaction.Toolkit.Analytics.Hooks.Editor.dll (+2 others) [CacheWrite 00000000000000000000000000000005]
[867/879    0s] ILPostProcess Library/Bee/artifacts/1900b0aE.dag/post-processed/PPv2URPConverters.dll (+pdb)
Processing assembly Library/Bee/artifacts/1900b0aE.dag/PPv2URPConverters.dll, with 137 defines and 277 references

processors: Unity.Jobs.CodeGen.JobsILPostProcessor, zzzUnity.Burst.CodeGen.BurstILPostProcessor

running Unity.Jobs.CodeGen.JobsILPostProcessor

running zzzUnity.Burst.CodeGen.BurstILPostProcessor
[868/879    0s] CopyFiles Library/ScriptAssemblies/PPv2URPConverters.dll
[869/879    0s] CopyFiles Library/ScriptAssemblies/PPv2URPConverters.pdb
[870/879    0s] ILPostProcess Library/Bee/artifacts/1900b0aE.dag/post-processed/Unity.XR.Interaction.Toolkit.Analytics.Hooks.Editor.dll (+pdb)
Processing assembly Library/Bee/artifacts/1900b0aE.dag/Unity.XR.Interaction.Toolkit.Analytics.Hooks.Editor.dll, with 140 defines and 281 references

processors: Unity.Jobs.CodeGen.JobsILPostProcessor, zzzUnity.Burst.CodeGen.BurstILPostProcessor

running Unity.Jobs.CodeGen.JobsILPostProcessor

running zzzUnity.Burst.CodeGen.BurstILPostProcessor
[871/879    0s] MovedFromExtractor Library/Bee/artifacts/mvdfrm/Unity.XR.Interaction.Toolkit.Analytics.Hooks.Editor.ref.dll_9F5ADB73A267702B.mvfrm
[872/879    0s] CopyFiles Library/ScriptAssemblies/Unity.XR.Interaction.Toolkit.Analytics.Hooks.Editor.pdb
[873/879    0s] CopyFiles Library/ScriptAssemblies/Unity.XR.Interaction.Toolkit.Analytics.Hooks.Editor.dll
[874/879    0s] MovedFromExtractor-Combine Library/Bee/artifacts/1900b0aE.dag/Assembly-CSharp-Editor.dll.mvfrm
[875/879    0s] Csc Library/Bee/artifacts/1900b0aE.dag/Assembly-CSharp-Editor.dll (+2 others)
##### CommandLine
"C:\Program Files\Unity\Hub\Editor\6000.3.20f1\Editor\Data\NetCoreRuntime\dotnet.exe" exec "C:/Program Files/Unity/Hub/Editor/6000.3.20f1/Editor/Data/DotNetSdkRoslyn/csc.dll" /nostdlib /noconfig /shared "@Library/Bee/artifacts/1900b0aE.dag/Assembly-CSharp-Editor.rsp" "@Library/Bee/artifacts/1900b0aE.dag/Assembly-CSharp-Editor.rsp2"
##### Contents of Library\Bee\artifacts\1900b0aE.dag\Assembly-CSharp-Editor.rsp
-target:library
-out:"Library/Bee/artifacts/1900b0aE.dag/Assembly-CSharp-Editor.dll"
-refout:"Library/Bee/artifacts/1900b0aE.dag/Assembly-CSharp-Editor.ref.dll"
-define:UNITY_6000_3_20
-define:UNITY_6000_3
-define:UNITY_6000
-define:UNITY_5_3_OR_NEWER
-define:UNITY_5_4_OR_NEWER
-define:UNITY_5_5_OR_NEWER
-define:UNITY_5_6_OR_NEWER
-define:UNITY_2017_1_OR_NEWER
-define:UNITY_2017_2_OR_NEWER
-define:UNITY_2017_3_OR_NEWER
-define:UNITY_2017_4_OR_NEWER
-define:UNITY_2018_1_OR_NEWER
-define:UNITY_2018_2_OR_NEWER
-define:UNITY_2018_3_OR_NEWER
-define:UNITY_2018_4_OR_NEWER
-define:UNITY_2019_1_OR_NEWER
-define:UNITY_2019_2_OR_NEWER
-define:UNITY_2019_3_OR_NEWER
-define:UNITY_2019_4_OR_NEWER
-define:UNITY_2020_1_OR_NEWER
-define:UNITY_2020_2_OR_NEWER
-define:UNITY_2020_3_OR_NEWER
-define:UNITY_2021_1_OR_NEWER
-define:UNITY_2021_2_OR_NEWER
-define:UNITY_2021_3_OR_NEWER
-define:UNITY_2022_1_OR_NEWER
-define:UNITY_2022_2_OR_NEWER
-define:UNITY_2022_3_OR_NEWER
-define:UNITY_2023_1_OR_NEWER
-define:UNITY_2023_2_OR_NEWER
-define:UNITY_2023_3_OR_NEWER
-define:UNITY_6000_0_OR_NEWER
-define:UNITY_6000_1_OR_NEWER
-define:UNITY_6000_2_OR_NEWER
-define:UNITY_6000_3_OR_NEWER
-define:PLATFORM_ARCH_64
-define:UNITY_64
-define:UNITY_INCLUDE_TESTS
-define:ENABLE_AR
-define:ENABLE_AUDIO
-define:ENABLE_AUDIO_SCRIPTABLE_PIPELINE
-define:ENABLE_CACHING
-define:ENABLE_CLOTH
-define:ENABLE_EVENT_QUEUE
-define:ENABLE_MICROPHONE
-define:ENABLE_MULTIPLE_DISPLAYS
-define:ENABLE_PHYSICS
-define:ENABLE_TEXTURE_STREAMING
-define:ENABLE_VIRTUALTEXTURING
-define:ENABLE_LZMA
-define:ENABLE_UNITYEVENTS
-define:ENABLE_VR
-define:ENABLE_WEBCAM
-define:ENABLE_UNITYWEBREQUEST
-define:ENABLE_WWW
-define:ENABLE_CLOUD_SERVICES
-define:ENABLE_CLOUD_SERVICES_ADS
-define:ENABLE_CLOUD_SERVICES_USE_WEBREQUEST
-define:ENABLE_UNITY_CONSENT
-define:ENABLE_UNITY_CLOUD_IDENTIFIERS
-define:ENABLE_CLOUD_SERVICES_CRASH_REPORTING
-define:ENABLE_CLOUD_SERVICES_NATIVE_CRASH_REPORTING
-define:ENABLE_CLOUD_SERVICES_PURCHASING
-define:ENABLE_CLOUD_SERVICES_ANALYTICS
-define:ENABLE_CLOUD_SERVICES_BUILD
-define:ENABLE_EDITOR_GAME_SERVICES
-define:ENABLE_UNITY_GAME_SERVICES_ANALYTICS_SUPPORT
-define:ENABLE_CLOUD_LICENSE
-define:ENABLE_EDITOR_HUB_LICENSE
-define:ENABLE_WEBSOCKET_CLIENT
-define:ENABLE_GENERATE_NATIVE_PLUGINS_FOR_ASSEMBLIES_API
-define:ENABLE_DIRECTOR_AUDIO
-define:ENABLE_DIRECTOR_TEXTURE
-define:ENABLE_MANAGED_JOBS
-define:ENABLE_MANAGED_TRANSFORM_JOBS
-define:ENABLE_MANAGED_ANIMATION_JOBS
-define:ENABLE_MANAGED_AUDIO_JOBS
-define:ENABLE_MANAGED_UNITYTLS
-define:INCLUDE_DYNAMIC_GI
-define:ENABLE_SCRIPTING_GC_WBARRIERS
-define:PLATFORM_SUPPORTS_MONO
-define:RENDER_SOFTWARE_CURSOR
-define:ENABLE_MARSHALLING_TESTS
-define:ENABLE_VIDEO
-define:ENABLE_NAVIGATION_OFFMESHLINK_TO_NAVMESHLINK
-define:ENABLE_ACCELERATOR_CLIENT_DEBUGGING
-define:ENABLE_ACCESSIBILITY_SCREEN_READER
-define:TEXTCORE_1_0_OR_NEWER
-define:EDITOR_ONLY_NAVMESH_BUILDER_DEPRECATED
-define:PLATFORM_STANDALONE_WIN
-define:PLATFORM_STANDALONE
-define:UNITY_STANDALONE_WIN
-define:UNITY_STANDALONE
-define:ENABLE_RUNTIME_GI
-define:ENABLE_MOVIES
-define:ENABLE_NETWORK
-define:ENABLE_NVIDIA
-define:ENABLE_AMD
-define:ENABLE_CRUNCH_TEXTURE_COMPRESSION
-define:ENABLE_CLOUD_SERVICES_ENGINE_DIAGNOSTICS
-define:ENABLE_OUT_OF_PROCESS_CRASH_HANDLER
-define:ENABLE_CLUSTER_SYNC
-define:ENABLE_CLUSTERINPUT
-define:PLATFORM_UPDATES_TIME_OUTSIDE_OF_PLAYER_LOOP
-define:GFXDEVICE_WAITFOREVENT_MESSAGEPUMP
-define:PLATFORM_USES_EXPLICIT_MEMORY_MANAGER_INITIALIZER
-define:PLATFORM_SUPPORTS_WAIT_FOR_PRESENTATION
-define:PLATFORM_SUPPORTS_SPLIT_GRAPHICS_JOBS
-define:PLATFORM_USES_VULKAN_OLD_SWAPCHAIN
-define:ENABLE_MONO
-define:NET_4_6
-define:NET_UNITY_4_8
-define:ENABLE_PROFILER
-define:ENABLE_PROFILER_ASSISTANT_INTEGRATION
-define:DEBUG
-define:TRACE
-define:UNITY_ASSERTIONS
-define:UNITY_EDITOR
-define:UNITY_EDITOR_64
-define:UNITY_EDITOR_WIN
-define:ENABLE_UNITY_COLLECTIONS_CHECKS
-define:ENABLE_BURST_AOT
-define:UNITY_TEAM_LICENSE
-define:ENABLE_CUSTOM_RENDER_TEXTURE
-define:ENABLE_DIRECTOR
-define:ENABLE_LOCALIZATION
-define:ENABLE_SPRITES
-define:ENABLE_TERRAIN
-define:ENABLE_TILEMAP
-define:ENABLE_TIMELINE
-define:ENABLE_LEGACY_INPUT_MANAGER
-define:TEXTCORE_FONT_ENGINE_1_5_OR_NEWER
-define:TEXTCORE_TEXT_ENGINE_1_5_OR_NEWER
-define:TEXTCORE_FONT_ENGINE_1_6_OR_NEWER
-define:CSHARP_7_OR_LATER
-define:CSHARP_7_3_OR_NEWER
-define:UNITY_EDITOR_ONLY_COMPILATION
-r:"C:/Program Files/Unity/Hub/Editor/6000.3.20f1/Editor/Data/Managed/UnityEditor.Graphs.dll"
-r:"C:/Program Files/Unity/Hub/Editor/6000.3.20f1/Editor/Data/Managed/UnityEngine/UnityEditor.AccessibilityModule.dll"
-r:"C:/Program Files/Unity/Hub/Editor/6000.3.20f1/Editor/Data/Managed/UnityEngine/UnityEditor.AdaptivePerformanceModule.dll"
-r:"C:/Program Files/Unity/Hub/Editor/6000.3.20f1/Editor/Data/Managed/UnityEngine/UnityEditor.AssetComplianceModule.dll"
-r:"C:/Program Files/Unity/Hub/Editor/6000.3.20f1/Editor/Data/Managed/UnityEngine/UnityEditor.BuildProfileModule.dll"
-r:"C:/Program Files/Unity/Hub/Editor/6000.3.20f1/Editor/Data/Managed/UnityEngine/UnityEditor.ClothModule.dll"
-r:"C:/Program Files/Unity/Hub/Editor/6000.3.20f1/Editor/Data/Managed/UnityEngine/UnityEditor.CoreBusinessMetricsModule.dll"
-r:"C:/Program Files/Unity/Hub/Editor/6000.3.20f1/Editor/Data/Managed/UnityEngine/UnityEditor.CoreModule.dll"
-r:"C:/Program Files/Unity/Hub/Editor/6000.3.20f1/Editor/Data/Managed/UnityEngine/UnityEditor.DeviceSimulatorModule.dll"
-r:"C:/Program Files/Unity/Hub/Editor/6000.3.20f1/Editor/Data/Managed/UnityEngine/UnityEditor.DiagnosticsModule.dll"
-r:"C:/Program Files/Unity/Hub/Editor/6000.3.20f1/Editor/Data/Managed/UnityEngine/UnityEditor.EditorToolbarModule.dll"
-r:"C:/Program Files/Unity/Hub/Editor/6000.3.20f1/Editor/Data/Managed/UnityEngine/UnityEditor.EmbreeModule.dll"
-r:"C:/Program Files/Unity/Hub/Editor/6000.3.20f1/Editor/Data/Managed/UnityEngine/UnityEditor.GIModule.dll"
-r:"C:/Program Files/Unity/Hub/Editor/6000.3.20f1/Editor/Data/Managed/UnityEngine/UnityEditor.GraphViewModule.dll"
-r:"C:/Program Files/Unity/Hub/Editor/6000.3.20f1/Editor/Data/Managed/UnityEngine/UnityEditor.GraphicsStateCollectionSerializerModule.dll"
-r:"C:/Program Files/Unity/Hub/Editor/6000.3.20f1/Editor/Data/Managed/UnityEngine/UnityEditor.GridAndSnapModule.dll"
-r:"C:/Program Files/Unity/Hub/Editor/6000.3.20f1/Editor/Data/Managed/UnityEngine/UnityEditor.GridModule.dll"
-r:"C:/Program Files/Unity/Hub/Editor/6000.3.20f1/Editor/Data/Managed/UnityEngine/UnityEditor.HierarchyModule.dll"
-r:"C:/Program Files/Unity/Hub/Editor/6000.3.20f1/Editor/Data/Managed/UnityEngine/UnityEditor.MediaModule.dll"
-r:"C:/Program Files/Unity/Hub/Editor/6000.3.20f1/Editor/Data/Managed/UnityEngine/UnityEditor.MultiplayerModule.dll"
-r:"C:/Program Files/Unity/Hub/Editor/6000.3.20f1/Editor/Data/Managed/UnityEngine/UnityEditor.Physics2DModule.dll"
-r:"C:/Program Files/Unity/Hub/Editor/6000.3.20f1/Editor/Data/Managed/UnityEngine/UnityEditor.PhysicsModule.dll"
-r:"C:/Program Files/Unity/Hub/Editor/6000.3.20f1/Editor/Data/Managed/UnityEngine/UnityEditor.PlayModeModule.dll"
-r:"C:/Program Files/Unity/Hub/Editor/6000.3.20f1/Editor/Data/Managed/UnityEngine/UnityEditor.PresetsUIModule.dll"
-r:"C:/Program Files/Unity/Hub/Editor/6000.3.20f1/Editor/Data/Managed/UnityEngine/UnityEditor.PropertiesModule.dll"
-r:"C:/Program Files/Unity/Hub/Editor/6000.3.20f1/Editor/Data/Managed/UnityEngine/UnityEditor.QuickInstallModule.dll"
-r:"C:/Program Files/Unity/Hub/Editor/6000.3.20f1/Editor/Data/Managed/UnityEngine/UnityEditor.QuickSearchModule.dll"
-r:"C:/Program Files/Unity/Hub/Editor/6000.3.20f1/Editor/Data/Managed/UnityEngine/UnityEditor.SafeModeModule.dll"
-r:"C:/Program Files/Unity/Hub/Editor/6000.3.20f1/Editor/Data/Managed/UnityEngine/UnityEditor.SceneTemplateModule.dll"
-r:"C:/Program Files/Unity/Hub/Editor/6000.3.20f1/Editor/Data/Managed/UnityEngine/UnityEditor.SceneViewModule.dll"
-r:"C:/Program Files/Unity/Hub/Editor/6000.3.20f1/Editor/Data/Managed/UnityEngine/UnityEditor.ShaderBuildSettingsModule.dll"
-r:"C:/Program Files/Unity/Hub/Editor/6000.3.20f1/Editor/Data/Managed/UnityEngine/UnityEditor.ShaderCompilationModule.dll"
-r:"C:/Program Files/Unity/Hub/Editor/6000.3.20f1/Editor/Data/Managed/UnityEngine/UnityEditor.ShaderFoundryModule.dll"
-r:"C:/Program Files/Unity/Hub/Editor/6000.3.20f1/Editor/Data/Managed/UnityEngine/UnityEditor.SketchUpModule.dll"
-r:"C:/Program Files/Unity/Hub/Editor/6000.3.20f1/Editor/Data/Managed/UnityEngine/UnityEditor.SpriteMaskModule.dll"
-r:"C:/Program Files/Unity/Hub/Editor/6000.3.20f1/Editor/Data/Managed/UnityEngine/UnityEditor.SpriteShapeModule.dll"
-r:"C:/Program Files/Unity/Hub/Editor/6000.3.20f1/Editor/Data/Managed/UnityEngine/UnityEditor.SubstanceModule.dll"
-r:"C:/Program Files/Unity/Hub/Editor/6000.3.20f1/Editor/Data/Managed/UnityEngine/UnityEditor.TerrainModule.dll"
-r:"C:/Program Files/Unity/Hub/Editor/6000.3.20f1/Editor/Data/Managed/UnityEngine/UnityEditor.TextCoreFontEngineModule.dll"
-r:"C:/Program Files/Unity/Hub/Editor/6000.3.20f1/Editor/Data/Managed/UnityEngine/UnityEditor.TextCoreTextEngineModule.dll"
-r:"C:/Program Files/Unity/Hub/Editor/6000.3.20f1/Editor/Data/Managed/UnityEngine/UnityEditor.TextRenderingModule.dll"
-r:"C:/Program Files/Unity/Hub/Editor/6000.3.20f1/Editor/Data/Managed/UnityEngine/UnityEditor.TilemapModule.dll"
-r:"C:/Program Files/Unity/Hub/Editor/6000.3.20f1/Editor/Data/Managed/UnityEngine/UnityEditor.TreeModule.dll"
-r:"C:/Program Files/Unity/Hub/Editor/6000.3.20f1/Editor/Data/Managed/UnityEngine/UnityEditor.UIAutomationModule.dll"
-r:"C:/Program Files/Unity/Hub/Editor/6000.3.20f1/Editor/Data/Managed/UnityEngine/UnityEditor.UIBuilderModule.dll"
-r:"C:/Program Files/Unity/Hub/Editor/6000.3.20f1/Editor/Data/Managed/UnityEngine/UnityEditor.UIElementsModule.dll"
-r:"C:/Program Files/Unity/Hub/Editor/6000.3.20f1/Editor/Data/Managed/UnityEngine/UnityEditor.UIElementsSamplesModule.dll"
-r:"C:/Program Files/Unity/Hub/Editor/6000.3.20f1/Editor/Data/Managed/UnityEngine/UnityEditor.UIToolkitAuthoringModule.dll"
-r:"C:/Program Files/Unity/Hub/Editor/6000.3.20f1/Editor/Data/Managed/UnityEngine/UnityEditor.UmbraModule.dll"
-r:"C:/Program Files/Unity/Hub/Editor/6000.3.20f1/Editor/Data/Managed/UnityEngine/UnityEditor.UnityConnectModule.dll"
-r:"C:/Program Files/Unity/Hub/Editor/6000.3.20f1/Editor/Data/Managed/UnityEngine/UnityEditor.VFXModule.dll"
-r:"C:/Program Files/Unity/Hub/Editor/6000.3.20f1/Editor/Data/Managed/UnityEngine/UnityEditor.VectorGraphicsModule.dll"
-r:"C:/Program Files/Unity/Hub/Editor/6000.3.20f1/Editor/Data/Managed/UnityEngine/UnityEditor.VideoModule.dll"
-r:"C:/Program Files/Unity/Hub/Editor/6000.3.20f1/Editor/Data/Managed/UnityEngine/UnityEditor.XRModule.dll"
-r:"C:/Program Files/Unity/Hub/Editor/6000.3.20f1/Editor/Data/Managed/UnityEngine/UnityEditor.dll"
-r:"C:/Program Files/Unity/Hub/Editor/6000.3.20f1/Editor/Data/Managed/UnityEngine/UnityEngine.AIModule.dll"
-r:"C:/Program Files/Unity/Hub/Editor/6000.3.20f1/Editor/Data/Managed/UnityEngine/UnityEngine.AMDModule.dll"
-r:"C:/Program Files/Unity/Hub/Editor/6000.3.20f1/Editor/Data/Managed/UnityEngine/UnityEngine.ARModule.dll"
-r:"C:/Program Files/Unity/Hub/Editor/6000.3.20f1/Editor/Data/Managed/UnityEngine/UnityEngine.AccessibilityModule.dll"
-r:"C:/Program Files/Unity/Hub/Editor/6000.3.20f1/Editor/Data/Managed/UnityEngine/UnityEngine.AdaptivePerformanceModule.dll"
-r:"C:/Program Files/Unity/Hub/Editor/6000.3.20f1/Editor/Data/Managed/UnityEngine/UnityEngine.AndroidJNIModule.dll"
-r:"C:/Program Files/Unity/Hub/Editor/6000.3.20f1/Editor/Data/Managed/UnityEngine/UnityEngine.AnimationModule.dll"
-r:"C:/Program Files/Unity/Hub/Editor/6000.3.20f1/Editor/Data/Managed/UnityEngine/UnityEngine.AssetBundleModule.dll"
-r:"C:/Program Files/Unity/Hub/Editor/6000.3.20f1/Editor/Data/Managed/UnityEngine/UnityEngine.AudioModule.dll"
-r:"C:/Program Files/Unity/Hub/Editor/6000.3.20f1/Editor/Data/Managed/UnityEngine/UnityEngine.ClothModule.dll"
-r:"C:/Program Files/Unity/Hub/Editor/6000.3.20f1/Editor/Data/Managed/UnityEngine/UnityEngine.ClusterInputModule.dll"
-r:"C:/Program Files/Unity/Hub/Editor/6000.3.20f1/Editor/Data/Managed/UnityEngine/UnityEngine.ClusterRendererModule.dll"
-r:"C:/Program Files/Unity/Hub/Editor/6000.3.20f1/Editor/Data/Managed/UnityEngine/UnityEngine.ContentLoadModule.dll"
-r:"C:/Program Files/Unity/Hub/Editor/6000.3.20f1/Editor/Data/Managed/UnityEngine/UnityEngine.CoreModule.dll"
-r:"C:/Program Files/Unity/Hub/Editor/6000.3.20f1/Editor/Data/Managed/UnityEngine/UnityEngine.CrashReportingModule.dll"
-r:"C:/Program Files/Unity/Hub/Editor/6000.3.20f1/Editor/Data/Managed/UnityEngine/UnityEngine.DSPGraphModule.dll"
-r:"C:/Program Files/Unity/Hub/Editor/6000.3.20f1/Editor/Data/Managed/UnityEngine/UnityEngine.DirectorModule.dll"
-r:"C:/Program Files/Unity/Hub/Editor/6000.3.20f1/Editor/Data/Managed/UnityEngine/UnityEngine.GIModule.dll"
-r:"C:/Program Files/Unity/Hub/Editor/6000.3.20f1/Editor/Data/Managed/UnityEngine/UnityEngine.GameCenterModule.dll"
-r:"C:/Program Files/Unity/Hub/Editor/6000.3.20f1/Editor/Data/Managed/UnityEngine/UnityEngine.GraphicsStateCollectionSerializerModule.dll"
-r:"C:/Program Files/Unity/Hub/Editor/6000.3.20f1/Editor/Data/Managed/UnityEngine/UnityEngine.GridModule.dll"
-r:"C:/Program Files/Unity/Hub/Editor/6000.3.20f1/Editor/Data/Managed/UnityEngine/UnityEngine.HierarchyCoreModule.dll"
-r:"C:/Program Files/Unity/Hub/Editor/6000.3.20f1/Editor/Data/Managed/UnityEngine/UnityEngine.HierarchyModule.dll"
-r:"C:/Program Files/Unity/Hub/Editor/6000.3.20f1/Editor/Data/Managed/UnityEngine/UnityEngine.HotReloadModule.dll"
-r:"C:/Program Files/Unity/Hub/Editor/6000.3.20f1/Editor/Data/Managed/UnityEngine/UnityEngine.IMGUIModule.dll"
-r:"C:/Program Files/Unity/Hub/Editor/6000.3.20f1/Editor/Data/Managed/UnityEngine/UnityEngine.IdentifiersModule.dll"
-r:"C:/Program Files/Unity/Hub/Editor/6000.3.20f1/Editor/Data/Managed/UnityEngine/UnityEngine.ImageConversionModule.dll"
-r:"C:/Program Files/Unity/Hub/Editor/6000.3.20f1/Editor/Data/Managed/UnityEngine/UnityEngine.InputForUIModule.dll"
-r:"C:/Program Files/Unity/Hub/Editor/6000.3.20f1/Editor/Data/Managed/UnityEngine/UnityEngine.InputLegacyModule.dll"
-r:"C:/Program Files/Unity/Hub/Editor/6000.3.20f1/Editor/Data/Managed/UnityEngine/UnityEngine.InputModule.dll"
-r:"C:/Program Files/Unity/Hub/Editor/6000.3.20f1/Editor/Data/Managed/UnityEngine/UnityEngine.InsightsModule.dll"
-r:"C:/Program Files/Unity/Hub/Editor/6000.3.20f1/Editor/Data/Managed/UnityEngine/UnityEngine.JSONSerializeModule.dll"
-r:"C:/Program Files/Unity/Hub/Editor/6000.3.20f1/Editor/Data/Managed/UnityEngine/UnityEngine.LocalizationModule.dll"
-r:"C:/Program Files/Unity/Hub/Editor/6000.3.20f1/Editor/Data/Managed/UnityEngine/UnityEngine.MarshallingModule.dll"
-r:"C:/Program Files/Unity/Hub/Editor/6000.3.20f1/Editor/Data/Managed/UnityEngine/UnityEngine.MultiplayerModule.dll"
-r:"C:/Program Files/Unity/Hub/Editor/6000.3.20f1/Editor/Data/Managed/UnityEngine/UnityEngine.NVIDIAModule.dll"
-r:"C:/Program Files/Unity/Hub/Editor/6000.3.20f1/Editor/Data/Managed/UnityEngine/UnityEngine.ParticleSystemModule.dll"
-r:"C:/Program Files/Unity/Hub/Editor/6000.3.20f1/Editor/Data/Managed/UnityEngine/UnityEngine.PerformanceReportingModule.dll"
-r:"C:/Program Files/Unity/Hub/Editor/6000.3.20f1/Editor/Data/Managed/UnityEngine/UnityEngine.Physics2DModule.dll"
-r:"C:/Program Files/Unity/Hub/Editor/6000.3.20f1/Editor/Data/Managed/UnityEngine/UnityEngine.PhysicsBackendPhysXModule.dll"
-r:"C:/Program Files/Unity/Hub/Editor/6000.3.20f1/Editor/Data/Managed/UnityEngine/UnityEngine.PhysicsModule.dll"
-r:"C:/Program Files/Unity/Hub/Editor/6000.3.20f1/Editor/Data/Managed/UnityEngine/UnityEngine.PropertiesModule.dll"
-r:"C:/Program Files/Unity/Hub/Editor/6000.3.20f1/Editor/Data/Managed/UnityEngine/UnityEngine.RenderAs2DModule.dll"
-r:"C:/Program Files/Unity/Hub/Editor/6000.3.20f1/Editor/Data/Managed/UnityEngine/UnityEngine.RuntimeInitializeOnLoadManagerInitializerModule.dll"
-r:"C:/Program Files/Unity/Hub/Editor/6000.3.20f1/Editor/Data/Managed/UnityEngine/UnityEngine.ScreenCaptureModule.dll"
-r:"C:/Program Files/Unity/Hub/Editor/6000.3.20f1/Editor/Data/Managed/UnityEngine/UnityEngine.ShaderRuntimeModule.dll"
-r:"C:/Program Files/Unity/Hub/Editor/6000.3.20f1/Editor/Data/Managed/UnityEngine/UnityEngine.ShaderVariantAnalyticsModule.dll"
-r:"C:/Program Files/Unity/Hub/Editor/6000.3.20f1/Editor/Data/Managed/UnityEngine/UnityEngine.SharedInternalsModule.dll"
-r:"C:/Program Files/Unity/Hub/Editor/6000.3.20f1/Editor/Data/Managed/UnityEngine/UnityEngine.SpriteMaskModule.dll"
-r:"C:/Program Files/Unity/Hub/Editor/6000.3.20f1/Editor/Data/Managed/UnityEngine/UnityEngine.SpriteShapeModule.dll"
-r:"C:/Program Files/Unity/Hub/Editor/6000.3.20f1/Editor/Data/Managed/UnityEngine/UnityEngine.StreamingModule.dll"
-r:"C:/Program Files/Unity/Hub/Editor/6000.3.20f1/Editor/Data/Managed/UnityEngine/UnityEngine.SubstanceModule.dll"
-r:"C:/Program Files/Unity/Hub/Editor/6000.3.20f1/Editor/Data/Managed/UnityEngine/UnityEngine.SubsystemsModule.dll"
-r:"C:/Program Files/Unity/Hub/Editor/6000.3.20f1/Editor/Data/Managed/UnityEngine/UnityEngine.TLSModule.dll"
-r:"C:/Program Files/Unity/Hub/Editor/6000.3.20f1/Editor/Data/Managed/UnityEngine/UnityEngine.TerrainModule.dll"
-r:"C:/Program Files/Unity/Hub/Editor/6000.3.20f1/Editor/Data/Managed/UnityEngine/UnityEngine.TerrainPhysicsModule.dll"
-r:"C:/Program Files/Unity/Hub/Editor/6000.3.20f1/Editor/Data/Managed/UnityEngine/UnityEngine.TextCoreFontEngineModule.dll"
-r:"C:/Program Files/Unity/Hub/Editor/6000.3.20f1/Editor/Data/Managed/UnityEngine/UnityEngine.TextCoreTextEngineModule.dll"
-r:"C:/Program Files/Unity/Hub/Editor/6000.3.20f1/Editor/Data/Managed/UnityEngine/UnityEngine.TextRenderingModule.dll"
-r:"C:/Program Files/Unity/Hub/Editor/6000.3.20f1/Editor/Data/Managed/UnityEngine/UnityEngine.TilemapModule.dll"
-r:"C:/Program Files/Unity/Hub/Editor/6000.3.20f1/Editor/Data/Managed/UnityEngine/UnityEngine.UIElementsModule.dll"
-r:"C:/Program Files/Unity/Hub/Editor/6000.3.20f1/Editor/Data/Managed/UnityEngine/UnityEngine.UIModule.dll"
-r:"C:/Program Files/Unity/Hub/Editor/6000.3.20f1/Editor/Data/Managed/UnityEngine/UnityEngine.UmbraModule.dll"
-r:"C:/Program Files/Unity/Hub/Editor/6000.3.20f1/Editor/Data/Managed/UnityEngine/UnityEngine.UnityAnalyticsCommonModule.dll"
-r:"C:/Program Files/Unity/Hub/Editor/6000.3.20f1/Editor/Data/Managed/UnityEngine/UnityEngine.UnityAnalyticsModule.dll"
-r:"C:/Program Files/Unity/Hub/Editor/6000.3.20f1/Editor/Data/Managed/UnityEngine/UnityEngine.UnityConnectModule.dll"
-r:"C:/Program Files/Unity/Hub/Editor/6000.3.20f1/Editor/Data/Managed/UnityEngine/UnityEngine.UnityConsentModule.dll"
-r:"C:/Program Files/Unity/Hub/Editor/6000.3.20f1/Editor/Data/Managed/UnityEngine/UnityEngine.UnityCurlModule.dll"
-r:"C:/Program Files/Unity/Hub/Editor/6000.3.20f1/Editor/Data/Managed/UnityEngine/UnityEngine.UnityWebRequestAssetBundleModule.dll"
-r:"C:/Program Files/Unity/Hub/Editor/6000.3.20f1/Editor/Data/Managed/UnityEngine/UnityEngine.UnityWebRequestAudioModule.dll"
-r:"C:/Program Files/Unity/Hub/Editor/6000.3.20f1/Editor/Data/Managed/UnityEngine/UnityEngine.UnityWebRequestModule.dll"
-r:"C:/Program Files/Unity/Hub/Editor/6000.3.20f1/Editor/Data/Managed/UnityEngine/UnityEngine.UnityWebRequestTextureModule.dll"
-r:"C:/Program Files/Unity/Hub/Editor/6000.3.20f1/Editor/Data/Managed/UnityEngine/UnityEngine.UnityWebRequestWWWModule.dll"
-r:"C:/Program Files/Unity/Hub/Editor/6000.3.20f1/Editor/Data/Managed/UnityEngine/UnityEngine.VFXModule.dll"
-r:"C:/Program Files/Unity/Hub/Editor/6000.3.20f1/Editor/Data/Managed/UnityEngine/UnityEngine.VRModule.dll"
-r:"C:/Program Files/Unity/Hub/Editor/6000.3.20f1/Editor/Data/Managed/UnityEngine/UnityEngine.VectorGraphicsModule.dll"
-r:"C:/Program Files/Unity/Hub/Editor/6000.3.20f1/Editor/Data/Managed/UnityEngine/UnityEngine.VehiclesModule.dll"
-r:"C:/Program Files/Unity/Hub/Editor/6000.3.20f1/Editor/Data/Managed/UnityEngine/UnityEngine.VideoModule.dll"
-r:"C:/Program Files/Unity/Hub/Editor/6000.3.20f1/Editor/Data/Managed/UnityEngine/UnityEngine.VirtualTexturingModule.dll"
-r:"C:/Program Files/Unity/Hub/Editor/6000.3.20f1/Editor/Data/Managed/UnityEngine/UnityEngine.WindModule.dll"
-r:"C:/Program Files/Unity/Hub/Editor/6000.3.20f1/Editor/Data/Managed/UnityEngine/UnityEngine.XRModule.dll"
-r:"C:/Program Files/Unity/Hub/Editor/6000.3.20f1/Editor/Data/Managed/UnityEngine/UnityEngine.dll"
-r:"C:/Program Files/Unity/Hub/Editor/6000.3.20f1/Editor/Data/PlaybackEngines/WindowsStandaloneSupport/UnityEditor.WindowsStandalone.Extensions.dll"
-r:"C:/Program Files/Unity/Hub/Editor/6000.3.20f1/Editor/Data/UnityReferenceAssemblies/unity-4.8-api/Facades/Microsoft.Win32.Primitives.dll"
-r:"C:/Program Files/Unity/Hub/Editor/6000.3.20f1/Editor/Data/UnityReferenceAssemblies/unity-4.8-api/Facades/System.AppContext.dll"
-r:"C:/Program Files/Unity/Hub/Editor/6000.3.20f1/Editor/Data/UnityReferenceAssemblies/unity-4.8-api/Facades/System.Buffers.dll"
-r:"C:/Program Files/Unity/Hub/Editor/6000.3.20f1/Editor/Data/UnityReferenceAssemblies/unity-4.8-api/Facades/System.Collections.Concurrent.dll"
-r:"C:/Program Files/Unity/Hub/Editor/6000.3.20f1/Editor/Data/UnityReferenceAssemblies/unity-4.8-api/Facades/System.Collections.NonGeneric.dll"
-r:"C:/Program Files/Unity/Hub/Editor/6000.3.20f1/Editor/Data/UnityReferenceAssemblies/unity-4.8-api/Facades/System.Collections.Specialized.dll"
-r:"C:/Program Files/Unity/Hub/Editor/6000.3.20f1/Editor/Data/UnityReferenceAssemblies/unity-4.8-api/Facades/System.Collections.dll"
-r:"C:/Program Files/Unity/Hub/Editor/6000.3.20f1/Editor/Data/UnityReferenceAssemblies/unity-4.8-api/Facades/System.ComponentModel.Annotations.dll"
-r:"C:/Program Files/Unity/Hub/Editor/6000.3.20f1/Editor/Data/UnityReferenceAssemblies/unity-4.8-api/Facades/System.ComponentModel.EventBasedAsync.dll"
-r:"C:/Program Files/Unity/Hub/Editor/6000.3.20f1/Editor/Data/UnityReferenceAssemblies/unity-4.8-api/Facades/System.ComponentModel.Primitives.dll"
-r:"C:/Program Files/Unity/Hub/Editor/6000.3.20f1/Editor/Data/UnityReferenceAssemblies/unity-4.8-api/Facades/System.ComponentModel.TypeConverter.dll"
-r:"C:/Program Files/Unity/Hub/Editor/6000.3.20f1/Editor/Data/UnityReferenceAssemblies/unity-4.8-api/Facades/System.ComponentModel.dll"
-r:"C:/Program Files/Unity/Hub/Editor/6000.3.20f1/Editor/Data/UnityReferenceAssemblies/unity-4.8-api/Facades/System.Console.dll"
-r:"C:/Program Files/Unity/Hub/Editor/6000.3.20f1/Editor/Data/UnityReferenceAssemblies/unity-4.8-api/Facades/System.Data.Common.dll"
-r:"C:/Program Files/Unity/Hub/Editor/6000.3.20f1/Editor/Data/UnityReferenceAssemblies/unity-4.8-api/Facades/System.Diagnostics.Contracts.dll"
-r:"C:/Program Files/Unity/Hub/Editor/6000.3.20f1/Editor/Data/UnityReferenceAssemblies/unity-4.8-api/Facades/System.Diagnostics.Debug.dll"
-r:"C:/Program Files/Unity/Hub/Editor/6000.3.20f1/Editor/Data/UnityReferenceAssemblies/unity-4.8-api/Facades/System.Diagnostics.FileVersionInfo.dll"
-r:"C:/Program Files/Unity/Hub/Editor/6000.3.20f1/Editor/Data/UnityReferenceAssemblies/unity-4.8-api/Facades/System.Diagnostics.Process.dll"
-r:"C:/Program Files/Unity/Hub/Editor/6000.3.20f1/Editor/Data/UnityReferenceAssemblies/unity-4.8-api/Facades/System.Diagnostics.StackTrace.dll"
-r:"C:/Program Files/Unity/Hub/Editor/6000.3.20f1/Editor/Data/UnityReferenceAssemblies/unity-4.8-api/Facades/System.Diagnostics.TextWriterTraceListener.dll"
-r:"C:/Program Files/Unity/Hub/Editor/6000.3.20f1/Editor/Data/UnityReferenceAssemblies/unity-4.8-api/Facades/System.Diagnostics.Tools.dll"
-r:"C:/Program Files/Unity/Hub/Editor/6000.3.20f1/Editor/Data/UnityReferenceAssemblies/unity-4.8-api/Facades/System.Diagnostics.TraceSource.dll"
-r:"C:/Program Files/Unity/Hub/Editor/6000.3.20f1/Editor/Data/UnityReferenceAssemblies/unity-4.8-api/Facades/System.Drawing.Primitives.dll"
-r:"C:/Program Files/Unity/Hub/Editor/6000.3.20f1/Editor/Data/UnityReferenceAssemblies/unity-4.8-api/Facades/System.Dynamic.Runtime.dll"
-r:"C:/Program Files/Unity/Hub/Editor/6000.3.20f1/Editor/Data/UnityReferenceAssemblies/unity-4.8-api/Facades/System.Globalization.Calendars.dll"
-r:"C:/Program Files/Unity/Hub/Editor/6000.3.20f1/Editor/Data/UnityReferenceAssemblies/unity-4.8-api/Facades/System.Globalization.Extensions.dll"
-r:"C:/Program Files/Unity/Hub/Editor/6000.3.20f1/Editor/Data/UnityReferenceAssemblies/unity-4.8-api/Facades/System.Globalization.dll"
-r:"C:/Program Files/Unity/Hub/Editor/6000.3.20f1/Editor/Data/UnityReferenceAssemblies/unity-4.8-api/Facades/System.IO.Compression.ZipFile.dll"
-r:"C:/Program Files/Unity/Hub/Editor/6000.3.20f1/Editor/Data/UnityReferenceAssemblies/unity-4.8-api/Facades/System.IO.FileSystem.DriveInfo.dll"
-r:"C:/Program Files/Unity/Hub/Editor/6000.3.20f1/Editor/Data/UnityReferenceAssemblies/unity-4.8-api/Facades/System.IO.FileSystem.Primitives.dll"
-r:"C:/Program Files/Unity/Hub/Editor/6000.3.20f1/Editor/Data/UnityReferenceAssemblies/unity-4.8-api/Facades/System.IO.FileSystem.Watcher.dll"
-r:"C:/Program Files/Unity/Hub/Editor/6000.3.20f1/Editor/Data/UnityReferenceAssemblies/unity-4.8-api/Facades/System.IO.FileSystem.dll"
-r:"C:/Program Files/Unity/Hub/Editor/6000.3.20f1/Editor/Data/UnityReferenceAssemblies/unity-4.8-api/Facades/System.IO.IsolatedStorage.dll"
-r:"C:/Program Files/Unity/Hub/Editor/6000.3.20f1/Editor/Data/UnityReferenceAssemblies/unity-4.8-api/Facades/System.IO.MemoryMappedFiles.dll"
-r:"C:/Program Files/Unity/Hub/Editor/6000.3.20f1/Editor/Data/UnityReferenceAssemblies/unity-4.8-api/Facades/System.IO.Pipes.dll"
-r:"C:/Program Files/Unity/Hub/Editor/6000.3.20f1/Editor/Data/UnityReferenceAssemblies/unity-4.8-api/Facades/System.IO.UnmanagedMemoryStream.dll"
-r:"C:/Program Files/Unity/Hub/Editor/6000.3.20f1/Editor/Data/UnityReferenceAssemblies/unity-4.8-api/Facades/System.IO.dll"
-r:"C:/Program Files/Unity/Hub/Editor/6000.3.20f1/Editor/Data/UnityReferenceAssemblies/unity-4.8-api/Facades/System.Linq.Expressions.dll"
-r:"C:/Program Files/Unity/Hub/Editor/6000.3.20f1/Editor/Data/UnityReferenceAssemblies/unity-4.8-api/Facades/System.Linq.Parallel.dll"
-r:"C:/Program Files/Unity/Hub/Editor/6000.3.20f1/Editor/Data/UnityReferenceAssemblies/unity-4.8-api/Facades/System.Linq.Queryable.dll"
-r:"C:/Program Files/Unity/Hub/Editor/6000.3.20f1/Editor/Data/UnityReferenceAssemblies/unity-4.8-api/Facades/System.Linq.dll"
-r:"C:/Program Files/Unity/Hub/Editor/6000.3.20f1/Editor/Data/UnityReferenceAssemblies/unity-4.8-api/Facades/System.Memory.dll"
-r:"C:/Program Files/Unity/Hub/Editor/6000.3.20f1/Editor/Data/UnityReferenceAssemblies/unity-4.8-api/Facades/System.Net.Http.Rtc.dll"
-r:"C:/Program Files/Unity/Hub/Editor/6000.3.20f1/Editor/Data/UnityReferenceAssemblies/unity-4.8-api/Facades/System.Net.NameResolution.dll"
-r:"C:/Program Files/Unity/Hub/Editor/6000.3.20f1/Editor/Data/UnityReferenceAssemblies/unity-4.8-api/Facades/System.Net.NetworkInformation.dll"
-r:"C:/Program Files/Unity/Hub/Editor/6000.3.20f1/Editor/Data/UnityReferenceAssemblies/unity-4.8-api/Facades/System.Net.Ping.dll"
-r:"C:/Program Files/Unity/Hub/Editor/6000.3.20f1/Editor/Data/UnityReferenceAssemblies/unity-4.8-api/Facades/System.Net.Primitives.dll"
-r:"C:/Program Files/Unity/Hub/Editor/6000.3.20f1/Editor/Data/UnityReferenceAssemblies/unity-4.8-api/Facades/System.Net.Requests.dll"
-r:"C:/Program Files/Unity/Hub/Editor/6000.3.20f1/Editor/Data/UnityReferenceAssemblies/unity-4.8-api/Facades/System.Net.Security.dll"
-r:"C:/Program Files/Unity/Hub/Editor/6000.3.20f1/Editor/Data/UnityReferenceAssemblies/unity-4.8-api/Facades/System.Net.Sockets.dll"
-r:"C:/Program Files/Unity/Hub/Editor/6000.3.20f1/Editor/Data/UnityReferenceAssemblies/unity-4.8-api/Facades/System.Net.WebHeaderCollection.dll"
-r:"C:/Program Files/Unity/Hub/Editor/6000.3.20f1/Editor/Data/UnityReferenceAssemblies/unity-4.8-api/Facades/System.Net.WebSockets.Client.dll"
-r:"C:/Program Files/Unity/Hub/Editor/6000.3.20f1/Editor/Data/UnityReferenceAssemblies/unity-4.8-api/Facades/System.Net.WebSockets.dll"
-r:"C:/Program Files/Unity/Hub/Editor/6000.3.20f1/Editor/Data/UnityReferenceAssemblies/unity-4.8-api/Facades/System.ObjectModel.dll"
-r:"C:/Program Files/Unity/Hub/Editor/6000.3.20f1/Editor/Data/UnityReferenceAssemblies/unity-4.8-api/Facades/System.Reflection.DispatchProxy.dll"
-r:"C:/Program Files/Unity/Hub/Editor/6000.3.20f1/Editor/Data/UnityReferenceAssemblies/unity-4.8-api/Facades/System.Reflection.Emit.ILGeneration.dll"
-r:"C:/Program Files/Unity/Hub/Editor/6000.3.20f1/Editor/Data/UnityReferenceAssemblies/unity-4.8-api/Facades/System.Reflection.Emit.Lightweight.dll"
-r:"C:/Program Files/Unity/Hub/Editor/6000.3.20f1/Editor/Data/UnityReferenceAssemblies/unity-4.8-api/Facades/System.Reflection.Emit.dll"
-r:"C:/Program Files/Unity/Hub/Editor/6000.3.20f1/Editor/Data/UnityReferenceAssemblies/unity-4.8-api/Facades/System.Reflection.Extensions.dll"
-r:"C:/Program Files/Unity/Hub/Editor/6000.3.20f1/Editor/Data/UnityReferenceAssemblies/unity-4.8-api/Facades/System.Reflection.Primitives.dll"
-r:"C:/Program Files/Unity/Hub/Editor/6000.3.20f1/Editor/Data/UnityReferenceAssemblies/unity-4.8-api/Facades/System.Reflection.dll"
-r:"C:/Program Files/Unity/Hub/Editor/6000.3.20f1/Editor/Data/UnityReferenceAssemblies/unity-4.8-api/Facades/System.Resources.Reader.dll"
-r:"C:/Program Files/Unity/Hub/Editor/6000.3.20f1/Editor/Data/UnityReferenceAssemblies/unity-4.8-api/Facades/System.Resources.ResourceManager.dll"
-r:"C:/Program Files/Unity/Hub/Editor/6000.3.20f1/Editor/Data/UnityReferenceAssemblies/unity-4.8-api/Facades/System.Resources.Writer.dll"
-r:"C:/Program Files/Unity/Hub/Editor/6000.3.20f1/Editor/Data/UnityReferenceAssemblies/unity-4.8-api/Facades/System.Runtime.CompilerServices.VisualC.dll"
-r:"C:/Program Files/Unity/Hub/Editor/6000.3.20f1/Editor/Data/UnityReferenceAssemblies/unity-4.8-api/Facades/System.Runtime.Extensions.dll"
-r:"C:/Program Files/Unity/Hub/Editor/6000.3.20f1/Editor/Data/UnityReferenceAssemblies/unity-4.8-api/Facades/System.Runtime.Handles.dll"
-r:"C:/Program Files/Unity/Hub/Editor/6000.3.20f1/Editor/Data/UnityReferenceAssemblies/unity-4.8-api/Facades/System.Runtime.InteropServices.RuntimeInformation.dll"
-r:"C:/Program Files/Unity/Hub/Editor/6000.3.20f1/Editor/Data/UnityReferenceAssemblies/unity-4.8-api/Facades/System.Runtime.InteropServices.WindowsRuntime.dll"
-r:"C:/Program Files/Unity/Hub/Editor/6000.3.20f1/Editor/Data/UnityReferenceAssemblies/unity-4.8-api/Facades/System.Runtime.InteropServices.dll"
-r:"C:/Program Files/Unity/Hub/Editor/6000.3.20f1/Editor/Data/UnityReferenceAssemblies/unity-4.8-api/Facades/System.Runtime.Numerics.dll"
-r:"C:/Program Files/Unity/Hub/Editor/6000.3.20f1/Editor/Data/UnityReferenceAssemblies/unity-4.8-api/Facades/System.Runtime.Serialization.Formatters.dll"
-r:"C:/Program Files/Unity/Hub/Editor/6000.3.20f1/Editor/Data/UnityReferenceAssemblies/unity-4.8-api/Facades/System.Runtime.Serialization.Json.dll"
-r:"C:/Program Files/Unity/Hub/Editor/6000.3.20f1/Editor/Data/UnityReferenceAssemblies/unity-4.8-api/Facades/System.Runtime.Serialization.Primitives.dll"
-r:"C:/Program Files/Unity/Hub/Editor/6000.3.20f1/Editor/Data/UnityReferenceAssemblies/unity-4.8-api/Facades/System.Runtime.Serialization.Xml.dll"
-r:"C:/Program Files/Unity/Hub/Editor/6000.3.20f1/Editor/Data/UnityReferenceAssemblies/unity-4.8-api/Facades/System.Runtime.dll"
-r:"C:/Program Files/Unity/Hub/Editor/6000.3.20f1/Editor/Data/UnityReferenceAssemblies/unity-4.8-api/Facades/System.Security.Claims.dll"
-r:"C:/Program Files/Unity/Hub/Editor/6000.3.20f1/Editor/Data/UnityReferenceAssemblies/unity-4.8-api/Facades/System.Security.Cryptography.Algorithms.dll"
-r:"C:/Program Files/Unity/Hub/Editor/6000.3.20f1/Editor/Data/UnityReferenceAssemblies/unity-4.8-api/Facades/System.Security.Cryptography.Csp.dll"
-r:"C:/Program Files/Unity/Hub/Editor/6000.3.20f1/Editor/Data/UnityReferenceAssemblies/unity-4.8-api/Facades/System.Security.Cryptography.Encoding.dll"
-r:"C:/Program Files/Unity/Hub/Editor/6000.3.20f1/Editor/Data/UnityReferenceAssemblies/unity-4.8-api/Facades/System.Security.Cryptography.Primitives.dll"
-r:"C:/Program Files/Unity/Hub/Editor/6000.3.20f1/Editor/Data/UnityReferenceAssemblies/unity-4.8-api/Facades/System.Security.Cryptography.X509Certificates.dll"
-r:"C:/Program Files/Unity/Hub/Editor/6000.3.20f1/Editor/Data/UnityReferenceAssemblies/unity-4.8-api/Facades/System.Security.Principal.dll"
-r:"C:/Program Files/Unity/Hub/Editor/6000.3.20f1/Editor/Data/UnityReferenceAssemblies/unity-4.8-api/Facades/System.Security.SecureString.dll"
-r:"C:/Program Files/Unity/Hub/Editor/6000.3.20f1/Editor/Data/UnityReferenceAssemblies/unity-4.8-api/Facades/System.ServiceModel.Duplex.dll"
-r:"C:/Program Files/Unity/Hub/Editor/6000.3.20f1/Editor/Data/UnityReferenceAssemblies/unity-4.8-api/Facades/System.ServiceModel.Http.dll"
-r:"C:/Program Files/Unity/Hub/Editor/6000.3.20f1/Editor/Data/UnityReferenceAssemblies/unity-4.8-api/Facades/System.ServiceModel.NetTcp.dll"
-r:"C:/Program Files/Unity/Hub/Editor/6000.3.20f1/Editor/Data/UnityReferenceAssemblies/unity-4.8-api/Facades/System.ServiceModel.Primitives.dll"
-r:"C:/Program Files/Unity/Hub/Editor/6000.3.20f1/Editor/Data/UnityReferenceAssemblies/unity-4.8-api/Facades/System.ServiceModel.Security.dll"
-r:"C:/Program Files/Unity/Hub/Editor/6000.3.20f1/Editor/Data/UnityReferenceAssemblies/unity-4.8-api/Facades/System.Text.Encoding.Extensions.dll"
-r:"C:/Program Files/Unity/Hub/Editor/6000.3.20f1/Editor/Data/UnityReferenceAssemblies/unity-4.8-api/Facades/System.Text.Encoding.dll"
-r:"C:/Program Files/Unity/Hub/Editor/6000.3.20f1/Editor/Data/UnityReferenceAssemblies/unity-4.8-api/Facades/System.Text.RegularExpressions.dll"
-r:"C:/Program Files/Unity/Hub/Editor/6000.3.20f1/Editor/Data/UnityReferenceAssemblies/unity-4.8-api/Facades/System.Threading.Overlapped.dll"
-r:"C:/Program Files/Unity/Hub/Editor/6000.3.20f1/Editor/Data/UnityReferenceAssemblies/unity-4.8-api/Facades/System.Threading.Tasks.Extensions.dll"
-r:"C:/Program Files/Unity/Hub/Editor/6000.3.20f1/Editor/Data/UnityReferenceAssemblies/unity-4.8-api/Facades/System.Threading.Tasks.Parallel.dll"
-r:"C:/Program Files/Unity/Hub/Editor/6000.3.20f1/Editor/Data/UnityReferenceAssemblies/unity-4.8-api/Facades/System.Threading.Tasks.dll"
-r:"C:/Program Files/Unity/Hub/Editor/6000.3.20f1/Editor/Data/UnityReferenceAssemblies/unity-4.8-api/Facades/System.Threading.Thread.dll"
-r:"C:/Program Files/Unity/Hub/Editor/6000.3.20f1/Editor/Data/UnityReferenceAssemblies/unity-4.8-api/Facades/System.Threading.ThreadPool.dll"
-r:"C:/Program Files/Unity/Hub/Editor/6000.3.20f1/Editor/Data/UnityReferenceAssemblies/unity-4.8-api/Facades/System.Threading.Timer.dll"
-r:"C:/Program Files/Unity/Hub/Editor/6000.3.20f1/Editor/Data/UnityReferenceAssemblies/unity-4.8-api/Facades/System.Threading.dll"
-r:"C:/Program Files/Unity/Hub/Editor/6000.3.20f1/Editor/Data/UnityReferenceAssemblies/unity-4.8-api/Facades/System.ValueTuple.dll"
-r:"C:/Program Files/Unity/Hub/Editor/6000.3.20f1/Editor/Data/UnityReferenceAssemblies/unity-4.8-api/Facades/System.Xml.ReaderWriter.dll"
-r:"C:/Program Files/Unity/Hub/Editor/6000.3.20f1/Editor/Data/UnityReferenceAssemblies/unity-4.8-api/Facades/System.Xml.XDocument.dll"
-r:"C:/Program Files/Unity/Hub/Editor/6000.3.20f1/Editor/Data/UnityReferenceAssemblies/unity-4.8-api/Facades/System.Xml.XPath.XDocument.dll"
-r:"C:/Program Files/Unity/Hub/Editor/6000.3.20f1/Editor/Data/UnityReferenceAssemblies/unity-4.8-api/Facades/System.Xml.XPath.dll"
-r:"C:/Program Files/Unity/Hub/Editor/6000.3.20f1/Editor/Data/UnityReferenceAssemblies/unity-4.8-api/Facades/System.Xml.XmlDocument.dll"
-r:"C:/Program Files/Unity/Hub/Editor/6000.3.20f1/Editor/Data/UnityReferenceAssemblies/unity-4.8-api/Facades/System.Xml.XmlSerializer.dll"
-r:"C:/Program Files/Unity/Hub/Editor/6000.3.20f1/Editor/Data/UnityReferenceAssemblies/unity-4.8-api/Facades/netstandard.dll"
-r:"C:/Program Files/Unity/Hub/Editor/6000.3.20f1/Editor/Data/UnityReferenceAssemblies/unity-4.8-api/Microsoft.CSharp.dll"
-r:"C:/Program Files/Unity/Hub/Editor/6000.3.20f1/Editor/Data/UnityReferenceAssemblies/unity-4.8-api/System.ComponentModel.Composition.dll"
-r:"C:/Program Files/Unity/Hub/Editor/6000.3.20f1/Editor/Data/UnityReferenceAssemblies/unity-4.8-api/System.Core.dll"
-r:"C:/Program Files/Unity/Hub/Editor/6000.3.20f1/Editor/Data/UnityReferenceAssemblies/unity-4.8-api/System.Data.DataSetExtensions.dll"
-r:"C:/Program Files/Unity/Hub/Editor/6000.3.20f1/Editor/Data/UnityReferenceAssemblies/unity-4.8-api/System.Data.dll"
-r:"C:/Program Files/Unity/Hub/Editor/6000.3.20f1/Editor/Data/UnityReferenceAssemblies/unity-4.8-api/System.Drawing.dll"
-r:"C:/Program Files/Unity/Hub/Editor/6000.3.20f1/Editor/Data/UnityReferenceAssemblies/unity-4.8-api/System.IO.Compression.FileSystem.dll"
-r:"C:/Program Files/Unity/Hub/Editor/6000.3.20f1/Editor/Data/UnityReferenceAssemblies/unity-4.8-api/System.IO.Compression.dll"
-r:"C:/Program Files/Unity/Hub/Editor/6000.3.20f1/Editor/Data/UnityReferenceAssemblies/unity-4.8-api/System.Net.Http.dll"
-r:"C:/Program Files/Unity/Hub/Editor/6000.3.20f1/Editor/Data/UnityReferenceAssemblies/unity-4.8-api/System.Numerics.Vectors.dll"
-r:"C:/Program Files/Unity/Hub/Editor/6000.3.20f1/Editor/Data/UnityReferenceAssemblies/unity-4.8-api/System.Numerics.dll"
-r:"C:/Program Files/Unity/Hub/Editor/6000.3.20f1/Editor/Data/UnityReferenceAssemblies/unity-4.8-api/System.Runtime.Serialization.dll"
-r:"C:/Program Files/Unity/Hub/Editor/6000.3.20f1/Editor/Data/UnityReferenceAssemblies/unity-4.8-api/System.Transactions.dll"
-r:"C:/Program Files/Unity/Hub/Editor/6000.3.20f1/Editor/Data/UnityReferenceAssemblies/unity-4.8-api/System.Xml.Linq.dll"
-r:"C:/Program Files/Unity/Hub/Editor/6000.3.20f1/Editor/Data/UnityReferenceAssemblies/unity-4.8-api/System.Xml.dll"
-r:"C:/Program Files/Unity/Hub/Editor/6000.3.20f1/Editor/Data/UnityReferenceAssemblies/unity-4.8-api/System.dll"
-r:"C:/Program Files/Unity/Hub/Editor/6000.3.20f1/Editor/Data/UnityReferenceAssemblies/unity-4.8-api/mscorlib.dll"
-r:"Library/PackageCache/com.unity.collections@9796e5ee0d9e/Unity.Collections.LowLevel.ILSupport/Unity.Collections.LowLevel.ILSupport.dll"
-r:"Library/PackageCache/com.unity.collections@9796e5ee0d9e/Unity.Collections.Tests/System.IO.Hashing/System.IO.Hashing.dll"
-r:"Library/PackageCache/com.unity.collections@9796e5ee0d9e/Unity.Collections.Tests/System.Runtime.CompilerServices.Unsafe/System.Runtime.CompilerServices.Unsafe.dll"
-r:"Library/PackageCache/com.unity.ext.nunit@d8c07649098d/net40/unity-custom/nunit.framework.dll"
-r:"Library/PackageCache/com.unity.ext.nunit@d8c07649098d/net40/unity-custom/nunit.framework.dll"
-r:"Library/PackageCache/com.unity.nuget.mono-cecil@ecb9724e46ff/Mono.Cecil.dll"
-r:"Library/Bee/artifacts/1900b0aE.dag/PPv2URPConverters.ref.dll"
-r:"Library/Bee/artifacts/1900b0aE.dag/Unity.Burst.Editor.ref.dll"
-r:"Library/Bee/artifacts/1900b0aE.dag/Unity.Burst.ref.dll"
-r:"Library/Bee/artifacts/1900b0aE.dag/Unity.Collections.Editor.ref.dll"
-r:"Library/Bee/artifacts/1900b0aE.dag/Unity.Collections.ref.dll"
-r:"Library/Bee/artifacts/1900b0aE.dag/Unity.InputSystem.ForUI.Editor.ref.dll"
-r:"Library/Bee/artifacts/1900b0aE.dag/Unity.InputSystem.ForUI.ref.dll"
-r:"Library/Bee/artifacts/1900b0aE.dag/Unity.InputSystem.ref.dll"
-r:"Library/Bee/artifacts/1900b0aE.dag/Unity.InternalAPIEngineBridge.004.ref.dll"
-r:"Library/Bee/artifacts/1900b0aE.dag/Unity.Mathematics.Editor.ref.dll"
-r:"Library/Bee/artifacts/1900b0aE.dag/Unity.Mathematics.ref.dll"
-r:"Library/Bee/artifacts/1900b0aE.dag/Unity.Rendering.LightTransport.Editor.ref.dll"
-r:"Library/Bee/artifacts/1900b0aE.dag/Unity.RenderPipeline.Universal.ShaderLibrary.ref.dll"
-r:"Library/Bee/artifacts/1900b0aE.dag/Unity.RenderPipelines.Core.Editor.ref.dll"
-r:"Library/Bee/artifacts/1900b0aE.dag/Unity.RenderPipelines.Core.Editor.Shared.ref.dll"
-r:"Library/Bee/artifacts/1900b0aE.dag/Unity.RenderPipelines.Core.Runtime.ref.dll"
-r:"Library/Bee/artifacts/1900b0aE.dag/Unity.RenderPipelines.Core.Runtime.Shared.ref.dll"
-r:"Library/Bee/artifacts/1900b0aE.dag/Unity.RenderPipelines.Core.ShaderLibrary.ref.dll"
-r:"Library/Bee/artifacts/1900b0aE.dag/Unity.RenderPipelines.GPUDriven.Runtime.ref.dll"
-r:"Library/Bee/artifacts/1900b0aE.dag/Unity.RenderPipelines.ShaderGraph.ShaderGraphLibrary.ref.dll"
-r:"Library/Bee/artifacts/1900b0aE.dag/Unity.RenderPipelines.Universal.2D.Editor.Overrides.ref.dll"
-r:"Library/Bee/artifacts/1900b0aE.dag/Unity.RenderPipelines.Universal.2D.Runtime.ref.dll"
-r:"Library/Bee/artifacts/1900b0aE.dag/Unity.RenderPipelines.Universal.Config.Runtime.ref.dll"
-r:"Library/Bee/artifacts/1900b0aE.dag/Unity.RenderPipelines.Universal.Editor.ref.dll"
-r:"Library/Bee/artifacts/1900b0aE.dag/Unity.RenderPipelines.Universal.Runtime.ref.dll"
-r:"Library/Bee/artifacts/1900b0aE.dag/Unity.RenderPipelines.Universal.Shaders.ref.dll"
-r:"Library/Bee/artifacts/1900b0aE.dag/Unity.Searcher.Editor.ref.dll"
-r:"Library/Bee/artifacts/1900b0aE.dag/Unity.ShaderGraph.Editor.ref.dll"
-r:"Library/Bee/artifacts/1900b0aE.dag/Unity.TextMeshPro.Editor.ref.dll"
-r:"Library/Bee/artifacts/1900b0aE.dag/Unity.TextMeshPro.ref.dll"
-r:"Library/Bee/artifacts/1900b0aE.dag/Unity.UnifiedRayTracing.Runtime.ref.dll"
-r:"Library/Bee/artifacts/1900b0aE.dag/Unity.XR.CoreUtils.Editor.ref.dll"
-r:"Library/Bee/artifacts/1900b0aE.dag/Unity.XR.CoreUtils.ref.dll"
-r:"Library/Bee/artifacts/1900b0aE.dag/Unity.XR.Interaction.Toolkit.Analytics.Editor.ref.dll"
-r:"Library/Bee/artifacts/1900b0aE.dag/Unity.XR.Interaction.Toolkit.Analytics.Hooks.Editor.ref.dll"
-r:"Library/Bee/artifacts/1900b0aE.dag/Unity.XR.Interaction.Toolkit.Editor.ref.dll"
-r:"Library/Bee/artifacts/1900b0aE.dag/Unity.XR.Interaction.Toolkit.ref.dll"
-r:"Library/Bee/artifacts/1900b0aE.dag/Unity.XR.Management.Editor.ref.dll"
-r:"Library/Bee/artifacts/1900b0aE.dag/Unity.XR.Management.ref.dll"
-r:"Library/Bee/artifacts/1900b0aE.dag/Unity.XR.OpenXR.Editor.ref.dll"
-r:"Library/Bee/artifacts/1900b0aE.dag/Unity.XR.OpenXR.Features.ConformanceAutomation.ref.dll"
-r:"Library/Bee/artifacts/1900b0aE.dag/Unity.XR.OpenXR.Features.MetaQuestSupport.Editor.ref.dll"
-r:"Library/Bee/artifacts/1900b0aE.dag/Unity.XR.OpenXR.Features.MetaQuestSupport.ref.dll"
-r:"Library/Bee/artifacts/1900b0aE.dag/Unity.XR.OpenXR.Features.OculusQuestSupport.Editor.ref.dll"
-r:"Library/Bee/artifacts/1900b0aE.dag/Unity.XR.OpenXR.Features.OculusQuestSupport.ref.dll"
-r:"Library/Bee/artifacts/1900b0aE.dag/Unity.XR.OpenXR.Features.RuntimeDebugger.Editor.ref.dll"
-r:"Library/Bee/artifacts/1900b0aE.dag/Unity.XR.OpenXR.ref.dll"
-r:"Library/Bee/artifacts/1900b0aE.dag/UnityEditor.SpatialTracking.ref.dll"
-r:"Library/Bee/artifacts/1900b0aE.dag/UnityEditor.TestRunner.ref.dll"
-r:"Library/Bee/artifacts/1900b0aE.dag/UnityEditor.UI.Analytics.ref.dll"
-r:"Library/Bee/artifacts/1900b0aE.dag/UnityEditor.UI.ref.dll"
-r:"Library/Bee/artifacts/1900b0aE.dag/UnityEditor.XR.LegacyInputHelpers.ref.dll"
-r:"Library/Bee/artifacts/1900b0aE.dag/UnityEngine.SpatialTracking.ref.dll"
-r:"Library/Bee/artifacts/1900b0aE.dag/UnityEngine.TestRunner.ref.dll"
-r:"Library/Bee/artifacts/1900b0aE.dag/UnityEngine.UI.ref.dll"
-r:"Library/Bee/artifacts/1900b0aE.dag/UnityEngine.XR.LegacyInputHelpers.ref.dll"
-analyzer:"C:/Program Files/Unity/Hub/Editor/6000.3.20f1/Editor/Data/Tools/BuildPipeline/Unity.SourceGenerators/Unity.Properties.SourceGenerator.dll"
-analyzer:"C:/Program Files/Unity/Hub/Editor/6000.3.20f1/Editor/Data/Tools/BuildPipeline/Unity.SourceGenerators/Unity.SourceGenerators.dll"
-analyzer:"C:/Program Files/Unity/Hub/Editor/6000.3.20f1/Editor/Data/Tools/BuildPipeline/Unity.SourceGenerators/Unity.UIToolkit.SourceGenerator.dll"
"Assets/Hospital/Editor/HospitalStage05ImportPolicy.cs"
"Assets/Hospital/Editor/HospitalStage05R41Builder.cs"
-langversion:9.0
/deterministic
/optimize+
/debug:portable
/nologo
/RuntimeMetadataVersion:v4.0.30319
/nowarn:0169
/nowarn:0649
/nowarn:0282
/nowarn:1701
/nowarn:1702
/utf8output
/preferreduilang:en-US
/additionalfile:"Library/Bee/artifacts/1900b0aE.dag/Assembly-CSharp-Editor.UnityAdditionalFile.txt"
##### Custom Environment Variables
DOTNET_MULTILEVEL_LOOKUP=0
##### ExitCode
1
##### Output
Assets\Hospital\Editor\HospitalStage05R41Builder.cs(120,13): warning CS0618: 'PlayerSettings.SetApplicationIdentifier(BuildTargetGroup, string)' is obsolete: 'Use SetApplicationIdentifier(NamedBuildTarget buildTarget, string identifier) instead'

Assets\Hospital\Editor\HospitalStage05R41Builder.cs(625,49): error CS0104: 'PackageInfo' is an ambiguous reference between 'UnityEditor.PackageManager.PackageInfo' and 'UnityEditor.PackageInfo'

Assets\Hospital\Editor\HospitalStage05R41Builder.cs(642,28): error CS0104: 'PackageInfo' is an ambiguous reference between 'UnityEditor.PackageManager.PackageInfo' and 'UnityEditor.PackageInfo'
*** Tundra build failed (27.42 seconds), 875 items updated, 879 evaluated
## Script Compilation Error for: Csc Library/Bee/artifacts/1900b0aE.dag/Assembly-CSharp-Editor.dll (+2 others)
## CmdLine: "C:\Program Files\Unity\Hub\Editor\6000.3.20f1\Editor\Data\NetCoreRuntime\dotnet.exe" exec "C:/Program Files/Unity/Hub/Editor/6000.3.20f1/Editor/Data/DotNetSdkRoslyn/csc.dll" /nostdlib /noconfig /shared "@Library/Bee/artifacts/1900b0aE.dag/Assembly-CSharp-Editor.rsp" "@Library/Bee/artifacts/1900b0aE.dag/Assembly-CSharp-Editor.rsp2"
## Output:
Assets\Hospital\Editor\HospitalStage05R41Builder.cs(120,13): warning CS0618: 'PlayerSettings.SetApplicationIdentifier(BuildTargetGroup, string)' is obsolete: 'Use SetApplicationIdentifier(NamedBuildTarget buildTarget, string identifier) instead'
Assets\Hospital\Editor\HospitalStage05R41Builder.cs(625,49): error CS0104: 'PackageInfo' is an ambiguous reference between 'UnityEditor.PackageManager.PackageInfo' and 'UnityEditor.PackageInfo'
Assets\Hospital\Editor\HospitalStage05R41Builder.cs(642,28): error CS0104: 'PackageInfo' is an ambiguous reference between 'UnityEditor.PackageManager.PackageInfo' and 'UnityEditor.PackageInfo'

Assets\Hospital\Editor\HospitalStage05R41Builder.cs(120,13): warning CS0618: 'PlayerSettings.SetApplicationIdentifier(BuildTargetGroup, string)' is obsolete: 'Use SetApplicationIdentifier(NamedBuildTarget buildTarget, string identifier) instead'
Assets\Hospital\Editor\HospitalStage05R41Builder.cs(625,49): error CS0104: 'PackageInfo' is an ambiguous reference between 'UnityEditor.PackageManager.PackageInfo' and 'UnityEditor.PackageInfo'
Assets\Hospital\Editor\HospitalStage05R41Builder.cs(642,28): error CS0104: 'PackageInfo' is an ambiguous reference between 'UnityEditor.PackageManager.PackageInfo' and 'UnityEditor.PackageInfo'
AssetDatabase: script compilation time: 45.195703s
Scripts have compiler errors.
Exiting without the bug reporter. Application will terminate with return code 1