[Licensing::Module] Trying to connect to existing licensing client channel...
Built from '6000.3/staging' branch; Version is '6000.3.20f1 (c9ba695d4f07) revision 13220457'; Using compiler version '194234433'; Build Type 'Release'
OS: 'Windows 11  (10.0.26200) CoreSingleLanguage' Language: 'en' Physical Memory: 32472 MB
[Licensing::IpcConnector] Successfully connected to: "LicenseClient-benli" at "2026-08-09T15:46:54.8622298Z"
BatchMode: 1, IsHumanControllingUs: 0, StartBugReporterOnCrash: 0, Is64bit: 1
System  architecture: x64
Process architecture: x64
Date: 2026-08-09T15:46:54Z

COMMAND LINE ARGUMENTS:
C:\Program Files\Unity\Hub\Editor\6000.3.20f1\Editor\Unity.exe
-batchmode
-quit
-projectPath
C:\CutMyBodyPlease\Unity\AnatomyXR
-executeMethod
CutMyBodyPlease.Hospital.Stage05.Editor.HospitalStage05R41Builder.BuildAndValidateR41
-logFile
C:\CutMyBodyPlease\Reviews\HospitalExterior\Stage05_R41\Unity_6000.3.20f1_R41BuildGate.log
Successfully changed project path to: C:\CutMyBodyPlease\Unity\AnatomyXR
C:/CutMyBodyPlease/Unity/AnatomyXR
[UnityMemory] Configuration Parameters - Can be set up in boot.config
    "memorysetup-temp-allocator-size-nav-mesh-worker=65536"
    "memorysetup-temp-allocator-size-audio-worker=65536"
    "memorysetup-temp-allocator-size-gfx=262144"
    "memorysetup-allocator-temp-initial-block-size-main=262144"
    "memorysetup-allocator-temp-initial-block-size-worker=262144"
    "memorysetup-temp-allocator-size-background-worker=32768"
    "memorysetup-temp-allocator-size-job-worker=262144"
    "memorysetup-temp-allocator-size-preload-manager=33554432"
    "memorysetup-temp-allocator-size-gi-baking-worker=262144"
    "memorysetup-temp-allocator-size-gi-baking-worker=262144"
    "memorysetup-temp-allocator-size-gi-baking-worker=262144"
    "memorysetup-temp-allocator-size-gi-baking-worker=262144"
    "memorysetup-temp-allocator-size-gi-baking-worker=262144"
    "memorysetup-bucket-allocator-granularity=16"
    "memorysetup-bucket-allocator-bucket-count=8"
    "memorysetup-bucket-allocator-block-size=33554432"
    "memorysetup-bucket-allocator-block-count=8"
    "memorysetup-main-allocator-block-size=16777216"
    "memorysetup-thread-allocator-block-size=16777216"
    "memorysetup-gfx-main-allocator-block-size=16777216"
    "memorysetup-gfx-thread-allocator-block-size=16777216"
    "memorysetup-cache-allocator-block-size=4194304"
    "memorysetup-typetree-allocator-block-size=2097152"
    "memorysetup-profiler-bucket-allocator-granularity=16"
    "memorysetup-profiler-bucket-allocator-bucket-count=8"
    "memorysetup-profiler-bucket-allocator-block-size=33554432"
    "memorysetup-profiler-bucket-allocator-block-count=8"
    "memorysetup-profiler-allocator-block-size=16777216"
    "memorysetup-profiler-editor-allocator-block-size=1048576"
    "memorysetup-temp-allocator-size-main=16777216"
    "memorysetup-job-temp-allocator-block-size=2097152"
    "memorysetup-job-temp-allocator-block-size-background=1048576"
    "memorysetup-job-temp-allocator-reduction-small-platforms=262144"
    "memorysetup-temp-allocator-size-cloud-worker=32768"
Player connection [70268]  Target information:

Player connection [70268]  * "[IP] 192.168.56.1 [Port] 55504 [Flags] 2 [Guid] 2233865692 [EditorId] 2233865692 [Version] 1048832 [Id] WindowsEditor(7,Ben0928) [Debug] 1 [PackageName] WindowsEditor [ProjectName] Editor" 

Player connection [70268]  * "[IP] 172.19.25.183 [Port] 55504 [Flags] 2 [Guid] 2233865692 [EditorId] 2233865692 [Version] 1048832 [Id] WindowsEditor(7,Ben0928) [Debug] 1 [PackageName] WindowsEditor [ProjectName] Editor" 

Player connection [70268] Host joined multi-casting on [225.0.0.222:54997]...
Player connection [70268] Host joined alternative multi-casting on [225.0.0.222:34997]...
Input System module state changed to: Initialized.
[Physics::Module] Initialized fallback backend.
[Physics::Module] Id: 0xdecafbad
[Package Manager] Connected to IPC stream "Upm-67976" after 0.2 seconds.
[Licensing::Module] Licensing is not yet initialized.
[Licensing::Client] Error: HandshakeResponse reported an error:
	ResponseCode: 505
	ResponseStatus: Unsupported protocol version '1.18.1'.
[Licensing::Module] Error: Failed to handshake to channel: "LicenseClient-benli"
[Licensing::IpcConnector] LicenseClient-benli channel disconnected successfully.
[Licensing::IpcConnector] Channel LicenseClient-benli-6000.3.20 doesn't exist
[Licensing::Module] Successfully launched the LicensingClient (PId: 66948)
[Licensing::IpcConnector] Successfully connected to: "LicenseClient-benli-6000.3.20" at "2026-08-09T15:46:56.7598774Z"
[Licensing::Client] Code 10 while verifying Licensing Client signature (process Id: 66948, path: "C:/Program Files/Unity/Hub/Editor/6000.3.20f1/Editor/Data/Resources/Licensing/Client/Unity.Licensing.Client.exe")
[Licensing::Module] LicensingClient has failed validation; ignoring
[Licensing::Client] Handshaking with LicensingClient:
  Version:                 1.18.1+9fbee8e
  Session Id:              e8c9cd2fc674447585e242a21721be6d
  Correlation Id:          b39e2a3cd8fe534e96c61196323ab338
  External correlation Id: 6798733579149708221
  Machine Id:              K/xaE00r9U15jR2vrRRSBHB/pCQ=
[Licensing::Module] Successfully connected to LicensingClient on channel: "LicenseClient-benli-6000.3.20" (connect: 0.25s, validation: 0.15s, handshake: 0.01s)
[Licensing::IpcConnector] Successfully connected to: "LicenseClient-benli-6000.3.20-notifications" at "2026-08-09T15:46:56.91482Z"
[Licensing::Module] Connected to LicensingClient (PId: 66948, launch time: 0.00, total connection time: 0.40s)
[Licensing::Module] Error: Access token is unavailable; failed to update
[Licensing::Client] Successfully resolved entitlement details
[Licensing::Module] License group:
  Id: 18968468702908-UnityPersXXXX
  Product: Unity Personal
  Type: Assigned
  Expiration: Unlimited
[Licensing::Client] Successfully updated license, isAsync: True, time: 0.01
[Licensing::Client] Successfully resolved entitlement details
[Licensing::Module] Licensing Background thread has ended after 2.08s
[Licensing::Module] Licensing is initialized (took 1.28s).
[Licensing::Client] Successfully resolved entitlement details
Library Redirect Path: Library/
[Physics::Module] Selected backend.
[Physics::Module] Name: PhysX
[Physics::Module] Id: 0xf2b8ea05
[Physics::Module] SDK Version: 4.1.2
[Physics::Module] Integration Version: 1.0.0
[Physics::Module] Threading Mode: Multi-Threaded
Refreshing native plugins compatible for Editor in 0.55 ms, found 0 plugins.
Preloading 0 native plugins for Editor in 0.00 ms.
Initialize engine version: 6000.3.20f1 (c9ba695d4f07)
[Subsystems] Discovering subsystems at path C:/Program Files/Unity/Hub/Editor/6000.3.20f1/Editor/Data/Resources/UnitySubsystems
[Subsystems] Discovering subsystems at path C:/CutMyBodyPlease/Unity/AnatomyXR/Assets
GfxDevice: creating device client; kGfxThreadingModeNonThreaded
d3d12: failed to query info queue interface (0x80004002).
Direct3D:
    Version:         Direct3D 12 [level 12.2]
    Renderer:        NVIDIA GeForce RTX 4050 Laptop GPU (ID=0x28e1)
    Vendor:          NVIDIA
    VRAM:            5920 MB
    App VRAM Budget: 5152 MB
    Driver:          32.0.15.9595
Initialize mono
Mono path[0] = 'C:/Program Files/Unity/Hub/Editor/6000.3.20f1/Editor/Data/Managed'
Mono path[1] = 'C:/Program Files/Unity/Hub/Editor/6000.3.20f1/Editor/Data/MonoBleedingEdge/lib/mono/unityjit-win32'
Mono config path = 'C:/Program Files/Unity/Hub/Editor/6000.3.20f1/Editor/Data/MonoBleedingEdge/etc'
Using monoOptions --debugger-agent=transport=dt_socket,embedding=1,server=y,suspend=n,address=127.0.0.1:56976
Using cacheserver namespaces - metadata:defaultmetadata, artifacts:defaultartifacts
Using cacheserver namespaces - metadata:defaultmetadata, artifacts:defaultartifacts
ImportWorker Server TCP listen port: 0
AcceleratorClientConnectionCallback - disconnected - :0
Begin MonoManager ReloadAssembly
Registering precompiled unity dll's ...
Register platform support module: C:/Program Files/Unity/Hub/Editor/6000.3.20f1/Editor/Data/PlaybackEngines/WindowsStandaloneSupport/UnityEditor.WindowsStandalone.Extensions.dll
Registered in 0.001408 seconds.
- Loaded All Assemblies, in  0.311 seconds
Native extension for WindowsStandalone target not found
Package Manager log level set to [2]
ScheduleIndexationOnStartup MainProcess:False IndexOnStartup:False
Mono: successfully reloaded assembly
- Finished resetting the current domain, in  0.301 seconds
Domain Reload Profiling: 612ms
	BeginReloadAssembly (106ms)
		ExecutionOrderSort (0ms)
		DisableScriptedObjects (0ms)
		BackupInstance (0ms)
		ReleaseScriptingObjects (0ms)
		CreateAndSetChildDomain (20ms)
	RebuildCommonClasses (29ms)
	RebuildNativeTypeToScriptingClass (9ms)
	initialDomainReloadingComplete (35ms)
	LoadAllAssembliesAndSetupDomain (131ms)
		LoadAssemblies (85ms)
		RebuildTransferFunctionScriptingTraits (0ms)
		AnalyzeDomain (129ms)
			TypeCache.Refresh (127ms)
				TypeCache.ScanAssembly (117ms)
			BuildScriptInfoCaches (0ms)
			ResolveRequiredComponents (0ms)
	FinalizeReload (302ms)
		ReleaseScriptCaches (0ms)
		RebuildScriptCaches (0ms)
		SetupLoadedEditorAssemblies (273ms)
			LogAssemblyErrors (0ms)
			InitializePlatformSupportModulesInManaged (38ms)
			SetLoadedEditorAssemblies (4ms)
			BeforeProcessingInitializeOnLoad (60ms)
			ProcessInitializeOnLoadAttributes (106ms)
			ProcessInitializeOnLoadMethodAttributes (64ms)
			AfterProcessingInitializeOnLoad (0ms)
			EditorAssembliesLoaded (0ms)
		ExecutionOrderSort2 (0ms)
		AwakeInstancesAfterBackupRestoration (0ms)
[Licensing::Client] Successfully resolved entitlement details
Application.AssetDatabase Initial Refresh Start
[Package Manager] Restoring resolved packages state from cache
[Licensing::Client] Successfully resolved entitlement details
[Package Manager] Registered 55 packages:
  Packages from [https://packages.unity.com]:
    com.unity.inputsystem@1.20.0 (location: C:\CutMyBodyPlease\Unity\AnatomyXR\Library\PackageCache\com.unity.inputsystem@7a4e1a2a8194)
    com.unity.xr.interaction.toolkit@3.5.1 (location: C:\CutMyBodyPlease\Unity\AnatomyXR\Library\PackageCache\com.unity.xr.interaction.toolkit@63ca3b7ce776)
    com.unity.xr.management@4.7.0 (location: C:\CutMyBodyPlease\Unity\AnatomyXR\Library\PackageCache\com.unity.xr.management@2ad85c7dd480)
    com.unity.xr.openxr@1.17.1 (location: C:\CutMyBodyPlease\Unity\AnatomyXR\Library\PackageCache\com.unity.xr.openxr@58837b2992e0)
    com.unity.xr.core-utils@2.6.0 (location: C:\CutMyBodyPlease\Unity\AnatomyXR\Library\PackageCache\com.unity.xr.core-utils@a8b900321199)
    com.unity.xr.legacyinputhelpers@2.1.13 (location: C:\CutMyBodyPlease\Unity\AnatomyXR\Library\PackageCache\com.unity.xr.legacyinputhelpers@9535ff2c27ac)
    com.unity.mathematics@1.3.3 (location: C:\CutMyBodyPlease\Unity\AnatomyXR\Library\PackageCache\com.unity.mathematics@19a9377c4ffa)
    com.unity.searcher@4.9.4 (location: C:\CutMyBodyPlease\Unity\AnatomyXR\Library\PackageCache\com.unity.searcher@d45a78918735)
    com.unity.burst@1.8.29 (location: C:\CutMyBodyPlease\Unity\AnatomyXR\Library\PackageCache\com.unity.burst@6bb9aca3ef38)
    com.unity.collections@2.6.6 (location: C:\CutMyBodyPlease\Unity\AnatomyXR\Library\PackageCache\com.unity.collections@9796e5ee0d9e)
    com.unity.nuget.mono-cecil@1.11.6 (location: C:\CutMyBodyPlease\Unity\AnatomyXR\Library\PackageCache\com.unity.nuget.mono-cecil@ecb9724e46ff)
    com.unity.test-framework.performance@3.5.0 (location: C:\CutMyBodyPlease\Unity\AnatomyXR\Library\PackageCache\com.unity.test-framework.performance@8b56083ec0f0)
  Built-in packages:
    com.unity.render-pipelines.universal@17.3.0 (location: C:\CutMyBodyPlease\Unity\AnatomyXR\Library\PackageCache\com.unity.render-pipelines.universal@37e06a5b08b3)
    com.unity.modules.accessibility@1.0.0 (location: C:\CutMyBodyPlease\Unity\AnatomyXR\Library\PackageCache\com.unity.modules.accessibility)
    com.unity.modules.adaptiveperformance@1.0.0 (location: C:\CutMyBodyPlease\Unity\AnatomyXR\Library\PackageCache\com.unity.modules.adaptiveperformance)
    com.unity.modules.ai@1.0.0 (location: C:\CutMyBodyPlease\Unity\AnatomyXR\Library\PackageCache\com.unity.modules.ai)
    com.unity.modules.androidjni@1.0.0 (location: C:\CutMyBodyPlease\Unity\AnatomyXR\Library\PackageCache\com.unity.modules.androidjni)
    com.unity.modules.animation@1.0.0 (location: C:\CutMyBodyPlease\Unity\AnatomyXR\Library\PackageCache\com.unity.modules.animation)
    com.unity.modules.assetbundle@1.0.0 (location: C:\CutMyBodyPlease\Unity\AnatomyXR\Library\PackageCache\com.unity.modules.assetbundle)
    com.unity.modules.audio@1.0.0 (location: C:\CutMyBodyPlease\Unity\AnatomyXR\Library\PackageCache\com.unity.modules.audio)
    com.unity.modules.cloth@1.0.0 (location: C:\CutMyBodyPlease\Unity\AnatomyXR\Library\PackageCache\com.unity.modules.cloth)
    com.unity.modules.director@1.0.0 (location: C:\CutMyBodyPlease\Unity\AnatomyXR\Library\PackageCache\com.unity.modules.director)
    com.unity.modules.imageconversion@1.0.0 (location: C:\CutMyBodyPlease\Unity\AnatomyXR\Library\PackageCache\com.unity.modules.imageconversion)
    com.unity.modules.imgui@1.0.0 (location: C:\CutMyBodyPlease\Unity\AnatomyXR\Library\PackageCache\com.unity.modules.imgui)
    com.unity.modules.jsonserialize@1.0.0 (location: C:\CutMyBodyPlease\Unity\AnatomyXR\Library\PackageCache\com.unity.modules.jsonserialize)
    com.unity.modules.particlesystem@1.0.0 (location: C:\CutMyBodyPlease\Unity\AnatomyXR\Library\PackageCache\com.unity.modules.particlesystem)
    com.unity.modules.physics@1.0.0 (location: C:\CutMyBodyPlease\Unity\AnatomyXR\Library\PackageCache\com.unity.modules.physics)
    com.unity.modules.physics2d@1.0.0 (location: C:\CutMyBodyPlease\Unity\AnatomyXR\Library\PackageCache\com.unity.modules.physics2d)
    com.unity.modules.screencapture@1.0.0 (location: C:\CutMyBodyPlease\Unity\AnatomyXR\Library\PackageCache\com.unity.modules.screencapture)
    com.unity.modules.terrain@1.0.0 (location: C:\CutMyBodyPlease\Unity\AnatomyXR\Library\PackageCache\com.unity.modules.terrain)
    com.unity.modules.terrainphysics@1.0.0 (location: C:\CutMyBodyPlease\Unity\AnatomyXR\Library\PackageCache\com.unity.modules.terrainphysics)
    com.unity.modules.tilemap@1.0.0 (location: C:\CutMyBodyPlease\Unity\AnatomyXR\Library\PackageCache\com.unity.modules.tilemap)
    com.unity.modules.ui@1.0.0 (location: C:\CutMyBodyPlease\Unity\AnatomyXR\Library\PackageCache\com.unity.modules.ui)
    com.unity.modules.uielements@1.0.0 (location: C:\CutMyBodyPlease\Unity\AnatomyXR\Library\PackageCache\com.unity.modules.uielements)
    com.unity.modules.umbra@1.0.0 (location: C:\CutMyBodyPlease\Unity\AnatomyXR\Library\PackageCache\com.unity.modules.umbra)
    com.unity.modules.unityanalytics@1.0.0 (location: C:\CutMyBodyPlease\Unity\AnatomyXR\Library\PackageCache\com.unity.modules.unityanalytics)
    com.unity.modules.unitywebrequest@1.0.0 (location: C:\CutMyBodyPlease\Unity\AnatomyXR\Library\PackageCache\com.unity.modules.unitywebrequest)
    com.unity.modules.unitywebrequestassetbundle@1.0.0 (location: C:\CutMyBodyPlease\Unity\AnatomyXR\Library\PackageCache\com.unity.modules.unitywebrequestassetbundle)
    com.unity.modules.unitywebrequestaudio@1.0.0 (location: C:\CutMyBodyPlease\Unity\AnatomyXR\Library\PackageCache\com.unity.modules.unitywebrequestaudio)
    com.unity.modules.unitywebrequesttexture@1.0.0 (location: C:\CutMyBodyPlease\Unity\AnatomyXR\Library\PackageCache\com.unity.modules.unitywebrequesttexture)
    com.unity.modules.unitywebrequestwww@1.0.0 (location: C:\CutMyBodyPlease\Unity\AnatomyXR\Library\PackageCache\com.unity.modules.unitywebrequestwww)
    com.unity.modules.vectorgraphics@1.0.0 (location: C:\CutMyBodyPlease\Unity\AnatomyXR\Library\PackageCache\com.unity.modules.vectorgraphics)
    com.unity.modules.vehicles@1.0.0 (location: C:\CutMyBodyPlease\Unity\AnatomyXR\Library\PackageCache\com.unity.modules.vehicles)
    com.unity.modules.video@1.0.0 (location: C:\CutMyBodyPlease\Unity\AnatomyXR\Library\PackageCache\com.unity.modules.video)
    com.unity.modules.vr@1.0.0 (location: C:\CutMyBodyPlease\Unity\AnatomyXR\Library\PackageCache\com.unity.modules.vr)
    com.unity.modules.wind@1.0.0 (location: C:\CutMyBodyPlease\Unity\AnatomyXR\Library\PackageCache\com.unity.modules.wind)
    com.unity.modules.xr@1.0.0 (location: C:\CutMyBodyPlease\Unity\AnatomyXR\Library\PackageCache\com.unity.modules.xr)
    com.unity.modules.subsystems@1.0.0 (location: C:\CutMyBodyPlease\Unity\AnatomyXR\Library\PackageCache\com.unity.modules.subsystems)
    com.unity.modules.hierarchycore@1.0.0 (location: C:\CutMyBodyPlease\Unity\AnatomyXR\Library\PackageCache\com.unity.modules.hierarchycore)
    com.unity.ugui@2.0.0 (location: C:\CutMyBodyPlease\Unity\AnatomyXR\Library\PackageCache\com.unity.ugui@e20f1880fa04)
    com.unity.render-pipelines.core@17.3.0 (location: C:\CutMyBodyPlease\Unity\AnatomyXR\Library\PackageCache\com.unity.render-pipelines.core@731b06833851)
    com.unity.shadergraph@17.3.0 (location: C:\CutMyBodyPlease\Unity\AnatomyXR\Library\PackageCache\com.unity.shadergraph@fe0f710ccc2d)
    com.unity.render-pipelines.universal-config@17.0.3 (location: C:\CutMyBodyPlease\Unity\AnatomyXR\Library\PackageCache\com.unity.render-pipelines.universal-config@8dc1aab4af1d)
    com.unity.test-framework@1.6.0 (location: C:\CutMyBodyPlease\Unity\AnatomyXR\Library\PackageCache\com.unity.test-framework@bd7f943e9647)
    com.unity.ext.nunit@2.0.5 (location: C:\CutMyBodyPlease\Unity\AnatomyXR\Library\PackageCache\com.unity.ext.nunit@d8c07649098d)
[Subsystems] Looking for new subsystems at path C:\CutMyBodyPlease\Unity\AnatomyXR\Library\PackageCache\com.unity.xr.openxr@58837b2992e0
[Subsystems] Novel subsystem found at Library/PackageCache/com.unity.xr.openxr@58837b2992e0/Runtime/UnitySubsystemsManifest.json
[Subsystems] Discovering subsystems at path C:/Program Files/Unity/Hub/Editor/6000.3.20f1/Editor/Data/Resources/UnitySubsystems
[Subsystems] Discovering subsystems at path C:/CutMyBodyPlease/Unity/AnatomyXR/Assets
[Subsystems] Discovering subsystems at path C:\CutMyBodyPlease\Unity\AnatomyXR\Library\PackageCache\com.unity.xr.openxr@58837b2992e0
[Subsystems] No descriptors matched for  examples in Library/PackageCache/com.unity.xr.openxr@58837b2992e0/Runtime/UnitySubsystemsManifest.json.
[Subsystems] 1 'inputs' descriptors matched in Library/PackageCache/com.unity.xr.openxr@58837b2992e0/Runtime/UnitySubsystemsManifest.json
[Subsystems] 1 'displays' descriptors matched in Library/PackageCache/com.unity.xr.openxr@58837b2992e0/Runtime/UnitySubsystemsManifest.json
[Subsystems] No descriptors matched for  meshings in Library/PackageCache/com.unity.xr.openxr@58837b2992e0/Runtime/UnitySubsystemsManifest.json.
[Package Manager] Done registering packages in 0.01 seconds
Starting: C:\Program Files\Unity\Hub\Editor\6000.3.20f1\Editor\Data\Tools\BuildPipeline\bee_backend.exe --ipc --defer-dag-verification --dagfile="Library/Bee/1900b0aE.dag" --continue-on-failure --profile="Library/Bee/backend1.traceevents" ScriptAssemblies
WorkingDir: C:/CutMyBodyPlease/Unity/AnatomyXR
DisplayProgressbar: Compiling Scripts
ExitCode: 0 Duration: 0s224ms
[686/879    0s] ILPP-Configuration Library/ilpp-configuration.nevergeneratedoutput
*** Tundra build success (0.19 seconds), 1 items updated, 879 evaluated
AssetDatabase: script compilation time: 0.617922s
Begin MonoManager ReloadAssembly
- Loaded All Assemblies, in  0.638 seconds
Refreshing native plugins compatible for Editor in 3.14 ms, found 6 plugins.
Native extension for WindowsStandalone target not found
ScheduleIndexationOnStartup MainProcess:True IndexOnStartup:True
Mono: successfully reloaded assembly
- Finished resetting the current domain, in  2.337 seconds
Domain Reload Profiling: 2972ms
	BeginReloadAssembly (274ms)
		ExecutionOrderSort (0ms)
		DisableScriptedObjects (20ms)
		BackupInstance (0ms)
		ReleaseScriptingObjects (0ms)
		CreateAndSetChildDomain (148ms)
	RebuildCommonClasses (30ms)
	RebuildNativeTypeToScriptingClass (11ms)
	initialDomainReloadingComplete (21ms)
	LoadAllAssembliesAndSetupDomain (298ms)
		LoadAssemblies (223ms)
		RebuildTransferFunctionScriptingTraits (0ms)
		AnalyzeDomain (153ms)
			TypeCache.Refresh (101ms)
				TypeCache.ScanAssembly (92ms)
			BuildScriptInfoCaches (41ms)
			ResolveRequiredComponents (9ms)
	FinalizeReload (2337ms)
		ReleaseScriptCaches (0ms)
		RebuildScriptCaches (0ms)
		SetupLoadedEditorAssemblies (2146ms)
			LogAssemblyErrors (0ms)
			InitializePlatformSupportModulesInManaged (19ms)
			SetLoadedEditorAssemblies (5ms)
			BeforeProcessingInitializeOnLoad (141ms)
			ProcessInitializeOnLoadAttributes (1782ms)
			ProcessInitializeOnLoadMethodAttributes (193ms)
			AfterProcessingInitializeOnLoad (6ms)
			EditorAssembliesLoaded (0ms)
		ExecutionOrderSort2 (0ms)
		AwakeInstancesAfterBackupRestoration (22ms)
Start importing Assets/XR/Settings/OpenXR Package Settings.asset using Guid(2269e0d3307f61742a4f8c45d914c72a) (NativeFormatImporter) -> (artifact id: 'e3d3980b1bb96531f36da38c8e4689d9') in 0.0140737 seconds
Start importing Packages/com.unity.render-pipelines.core/Tests/Editor/UnifiedRayTracing/TraceRays.urtshader using Guid(1142bbad8b9e8c44c83a9775ff120d37) (ScriptedImporter)Launched and connected shader compiler UnityShaderCompiler.exe after 0.02 seconds

Compiling Ray Tracing Shader "TraceRays.urtshader", keywords = <no keywords>
    finished in 0.00 seconds. Local cache hits 1, remote cache hits 0, compiled 0 platform variants
 -> (artifact id: '574b2a3440ed9f63948b03c02137d9eb') in 0.0480758 seconds
Start importing Packages/com.unity.render-pipelines.universal/Runtime/RendererFeatures/SurfaceCacheGI/SurfaceCacheCore/RisEstimation.urtshader using Guid(713f6141bd66a134383b787f2eaa7c11) (ScriptedImporter)
Compiling Ray Tracing Shader "RisEstimation.urtshader", keywords = <no keywords>
    finished in 0.00 seconds. Local cache hits 1, remote cache hits 0, compiled 0 platform variants
 -> (artifact id: '36b26084a16797c2096c7f18c4fa1ad1') in 0.0152325 seconds
Start importing Packages/com.unity.render-pipelines.core/Editor/Lighting/ProbeVolume/RenderingLayerMask/TraceRenderingLayerMask.urtshader using Guid(94a070d33e408384bafc1dea4a565df9) (ScriptedImporter)
Compiling Ray Tracing Shader "TraceRenderingLayerMask.urtshader", keywords = <no keywords>
    finished in 0.00 seconds. Local cache hits 1, remote cache hits 0, compiled 0 platform variants
 -> (artifact id: 'e5c893398d1ba7cf036c85fb8e99e535') in 0.0120713 seconds
Start importing Packages/com.unity.render-pipelines.universal/Runtime/RendererFeatures/SurfaceCacheGI/SurfaceCacheCore/UniformEstimation.urtshader using Guid(94a39d12848d8d64ca962a72b74e7c50) (ScriptedImporter)
Compiling Ray Tracing Shader "UniformEstimation.urtshader", keywords = <no keywords>
    finished in 0.00 seconds. Local cache hits 1, remote cache hits 0, compiled 0 platform variants
 -> (artifact id: 'f2fe5a23dd995f0db396db9e30926a22') in 0.0126862 seconds
Start importing Packages/com.unity.render-pipelines.core/Tests/Editor/UnifiedRayTracing/TraceTransparentRays.urtshader using Guid(6513c3b892e933c4f8d00c19d5c47532) (ScriptedImporter)
Compiling Ray Tracing Shader "TraceTransparentRays.urtshader", keywords = <no keywords>
    finished in 0.00 seconds. Local cache hits 1, remote cache hits 0, compiled 0 platform variants
 -> (artifact id: '1cb4857666a285198e0eaadd3c708668') in 0.006243 seconds
Start importing Packages/com.unity.render-pipelines.core/Editor/Lighting/ProbeVolume/DynamicGI/DynamicGISkyOcclusion.urtshader using Guid(5a2a534753fbdb44e96c3c78b5a6999d) (ScriptedImporter)
Compiling Ray Tracing Shader "DynamicGISkyOcclusion.urtshader", keywords = <no keywords>
    finished in 0.00 seconds. Local cache hits 1, remote cache hits 0, compiled 0 platform variants
 -> (artifact id: 'f238f754aecf42a3c750d49720a67c23') in 0.0094986 seconds
Start importing Packages/com.unity.render-pipelines.core/Tests/Editor/UnifiedRayTracing/TraceRaysAndFetchAttributes.urtshader using Guid(fbc59f55df2416344b008dc23753cae2) (ScriptedImporter)
Compiling Ray Tracing Shader "TraceRaysAndFetchAttributes.urtshader", keywords = <no keywords>
    finished in 0.00 seconds. Local cache hits 1, remote cache hits 0, compiled 0 platform variants
 -> (artifact id: 'a17c1ef9137528ddb34edb686d7f17ec') in 0.0082302 seconds
Start importing Packages/com.unity.render-pipelines.universal/Runtime/RendererFeatures/SurfaceCacheGI/SurfaceCacheCore/RestirCandidateTemporal.urtshader using Guid(ad3a9f9982f8c4f4a839a78955e78458) (ScriptedImporter)
Compiling Ray Tracing Shader "RestirCandidateTemporal.urtshader", keywords = <no keywords>
    finished in 0.00 seconds. Local cache hits 1, remote cache hits 0, compiled 0 platform variants
 -> (artifact id: '4d22360aa9c51e85ed5a72281721f9be') in 0.0153207 seconds
Start importing Packages/com.unity.render-pipelines.core/Editor/Lighting/ProbeVolume/VirtualOffset/TraceVirtualOffset.urtshader using Guid(ff2cbab5da58bf04d82c5f34037ed123) (ScriptedImporter)
Compiling Ray Tracing Shader "TraceVirtualOffset.urtshader", keywords = <no keywords>
    finished in 0.00 seconds. Local cache hits 1, remote cache hits 0, compiled 0 platform variants
 -> (artifact id: 'c1c1b4b438457e38907373356eb2316c') in 0.010846 seconds
Refreshing native plugins compatible for Editor in 5.52 ms, found 6 plugins.
Preloading 0 native plugins for Editor in 0.00 ms.
Asset Pipeline Refresh (id=929e9c3ec754f5a459b7bf509223851e): Total: 4.457 seconds - Initiated by InitialRefreshV2(ForceSynchronousImport)
	Summary:
		Imports: total=10 (actual=10, local cache=0, cache server=0)
		Asset DB Process Time: managed=4 ms, native=2831 ms
		Asset DB Callback time: managed=260 ms, native=70 ms
		Scripting: domain reloads=1, domain reload time=638 ms, compile time=619 ms, other=32 ms
		Project Asset Count: scripts=1132, non-scripts=1696
		Asset File Changes: new=0, changed=1, moved=0, deleted=0
		Scan Filter Count: 0
	InvokeCustomDependenciesCallbacks: 0.001ms
	InvokePackagesCallback: 16.056ms
	ApplyChangesToAssetFolders: 0.532ms
	Scan: 112.360ms
	OnSourceAssetsModified: 0.686ms
	CategorizeAssetsWithTransientArtifact: 22.679ms
	ProcessAssetsWithTransientArtifactChanges: 51.747ms
	CategorizeAssets: 38.268ms
	ImportOutOfDateAssets: 2505.758ms (1727.699ms without children)
		ImportManagerImport: 157.242ms (2.136ms without children)
			ImportInProcess: 154.672ms
			UpdateCategorizedAssets: 0.434ms
		CompileScripts: 619.486ms
		ReloadNativeAssets: 0.006ms
		UnloadImportedAssets: 0.222ms
		ReloadImportedAssets: 0.172ms
		EnsureUptoDateAssetsAreRegisteredWithGuidPM: 0.348ms
		InitializingProgressBar: 0.006ms
		PostProcessAllAssetNotificationsAddChangedAssets: 0.001ms
		OnDemandSchedulerStart: 0.577ms
	PostProcessAllAssets: 308.266ms
	Hotreload: 7.434ms
	GatherAllCurrentPrimaryArtifactRevisions: 0.003ms
	UnloadStreamsBegin: 1.049ms
	PersistCurrentRevisions: 0.214ms
	UnloadStreamsEnd: 0.001ms
	GenerateScriptTypeHashes: 2.191ms
	Untracked: 1391.549ms

Application.AssetDatabase Initial Refresh End
Scanning for USB devices : 2.847ms
Initializing Unity extensions:
[MODES] ModeService[none].Initialize
[MODES] ModeService[none].LoadModes
[MODES] Loading mode Default (0) for mode-current-id-AnatomyXR
Unloading 229 Unused Serialized files (Serialized files now loaded: 0)
Unloading 4767 unused Assets / (11.5 MB). Loaded Objects now: 5533.
Memory consumption went from 210.2 MB to 198.7 MB.
Total: 382.923100 ms (FindLiveObjects: 0.296900 ms CreateObjectMapping: 0.164200 ms MarkObjects: 378.241600 ms  DeleteObjects: 4.219300 ms)

Start importing Assets/Hospital/Settings using Guid(6143a79e66c104d4595e81475ce5c192) (DefaultImporter) -> (artifact id: 'ee01d07a1bd8e4bf0bfd71e600044763') in 0.0018164 seconds
Start importing Assets/Hospital/Materials using Guid(7175c804d2a17e3428bd79bf1be2a2bc) (DefaultImporter) -> (artifact id: '0289f6d5dd04722c165f8b1b20a8ac0c') in 0.0011407 seconds
Start importing Assets/Hospital/Prefabs using Guid(c2a416925044a6549961b6278cfa0cc8) (DefaultImporter) -> (artifact id: 'a8f14606bfa48caa7c8e2ac9c4617c8a') in 0.0011534 seconds
Start importing Assets/Hospital/SourceFBX using Guid(261eef5049a17b64fbfee7469553640f) (DefaultImporter) -> (artifact id: 'edbcc7f004323ad8dd97597ccad40604') in 0.0010011 seconds
Start importing Assets/Hospital/Scenes using Guid(cce564fcae32a7a47a38dd2a67088f7b) (DefaultImporter) -> (artifact id: 'd8b224d18b83dfc4263fd7985d33e481') in 0.0009739 seconds
Start importing Assets/Hospital/Scenes/IntegrationSandbox using Guid(e1ac1af613ad7b047a385757feae6821) (DefaultImporter) -> (artifact id: '8a56a19ff558dbe595f4bff78776ccbe') in 0.0010629 seconds
Start importing Assets/Hospital/Prefabs/Doors using Guid(d7c06d20593a4cf4caf4b2644eea9da3) (DefaultImporter) -> (artifact id: 'e6ed2a5128aa8faa921f828051c732da') in 0.0013988 seconds
Start importing Assets/Hospital/SourceFBX/R40 using Guid(f8c73c4d41583fc4db4162ffd25d11e7) (DefaultImporter) -> (artifact id: '3e0cee0b420ead28851b60d248e6344e') in 0.0011841 seconds
Start importing Assets/Hospital/Prefabs/Zones using Guid(5cbe2735875dbb543af2ae8dd1d7b07a) (DefaultImporter) -> (artifact id: 'dfed3252b5033b61f865b153714aa979') in 0.0010668 seconds
Start importing Assets/Hospital/Scenes/Additive using Guid(1f33cd5fbf783a24bb18c68b03d90ea6) (DefaultImporter) -> (artifact id: '69adf36e7ad297f6956b5f430796e443') in 0.0010512 seconds
Refreshing native plugins compatible for Editor in 2.80 ms, found 6 plugins.
Preloading 0 native plugins for Editor in 0.00 ms.
Asset Pipeline Refresh (id=c31df2fe5848dbb4e8d729038b88d65c): Total: 0.101 seconds - Initiated by RefreshV2(NoUpdateAssetOptions)
Start importing Assets/Hospital/Settings/XRGeneralSettingsPerBuildTarget.asset using Guid(d54efd4665ab34742b750f386ac16965) (NativeFormatImporter) -> (artifact id: 'f1573854ada3a7ff9a14b73e597c5775') in 0.0018442 seconds
Refreshing native plugins compatible for Editor in 2.64 ms, found 6 plugins.
Preloading 0 native plugins for Editor in 0.00 ms.
Asset Pipeline Refresh (id=9ddd3473eb32aad47bc6dba8a0e2054b): Total: 0.028 seconds - Initiated by StopAssetImportingV2(NoUpdateAssetOptions)
Start importing ProjectSettings/EditorBuildSettings.asset using Guid(0000000000000000b000000000000000) (LibraryAssetImporter) -> (artifact id: '7c4048b6723f52c8206a7b37dde2ca82') in 0.0017464 seconds
Refreshing native plugins compatible for Editor in 2.90 ms, found 6 plugins.
Preloading 0 native plugins for Editor in 0.00 ms.
Asset Pipeline Refresh (id=9939af87f077f054288b517874370a07): Total: 0.027 seconds - Initiated by StopAssetImportingV2(NoUpdateAssetOptions)
Start importing Assets/Hospital/Settings/XRGeneralSettingsPerBuildTarget.asset using Guid(d54efd4665ab34742b750f386ac16965) (NativeFormatImporter) -> (artifact id: '77c6b6a4c53a5e327569a6b2dd985949') in 0.0014696 seconds
Refreshing native plugins compatible for Editor in 2.61 ms, found 6 plugins.
Preloading 0 native plugins for Editor in 0.00 ms.
Asset Pipeline Refresh (id=914267a2f8f65fd48af20abb3c18af0f): Total: 0.026 seconds - Initiated by StopAssetImportingV2(NoUpdateAssetOptions)
Start importing Assets/Hospital/Settings/XRGeneralSettingsPerBuildTarget.asset using Guid(d54efd4665ab34742b750f386ac16965) (NativeFormatImporter) -> (artifact id: 'bb405d2792dbcd3e026991ea4e70acbc') in 0.0016801 seconds
Refreshing native plugins compatible for Editor in 2.85 ms, found 6 plugins.
Preloading 0 native plugins for Editor in 0.00 ms.
Asset Pipeline Refresh (id=a19e56e36cfd0354ea4913b4af2122c8): Total: 0.028 seconds - Initiated by StopAssetImportingV2(NoUpdateAssetOptions)
Start importing Assets/XR/Loaders using Guid(88292ad682c85e541b634c822db2b2a0) (DefaultImporter) -> (artifact id: '6a4831ce20adec47725dc8406e1f3470') in 0.0016026 seconds
Refreshing native plugins compatible for Editor in 2.59 ms, found 6 plugins.
Preloading 0 native plugins for Editor in 0.00 ms.
Asset Pipeline Refresh (id=3745a4845c7ed0e4a903d84b4eb59ac8): Total: 0.028 seconds - Initiated by StopAssetImportingV2(NoUpdateAssetOptions)
Start importing Assets/XR/Loaders/OpenXRLoader.asset using Guid(3b49650784ed3914ba0dac0487e6f997) (NativeFormatImporter) -> (artifact id: '192dada8c98037d6d100f25854020d94') in 0.0015351 seconds
Refreshing native plugins compatible for Editor in 2.75 ms, found 6 plugins.
Preloading 0 native plugins for Editor in 0.00 ms.
Asset Pipeline Refresh (id=f2f291166a6e76a44801f64e76bbcedc): Total: 0.027 seconds - Initiated by StopAssetImportingV2(NoUpdateAssetOptions)
Start importing Assets/Hospital/Settings/XRGeneralSettingsPerBuildTarget.asset using Guid(d54efd4665ab34742b750f386ac16965) (NativeFormatImporter) -> (artifact id: 'cb50dd9f6cda316764be3734467d8013') in 0.0015384 seconds
Refreshing native plugins compatible for Editor in 3.13 ms, found 6 plugins.
Preloading 0 native plugins for Editor in 0.00 ms.
Asset Pipeline Refresh (id=3534d48f09dc8864dab99ecde9802113): Total: 0.027 seconds - Initiated by StopAssetImportingV2(NoUpdateAssetOptions)
Start importing Assets/XR/Settings/OpenXR Package Settings.asset using Guid(2269e0d3307f61742a4f8c45d914c72a) (NativeFormatImporter) -> (artifact id: '884c1a24e0b42c0538e3cbb5161e9a65') in 0.0016928 seconds
Start importing Assets/Hospital/Settings/XRGeneralSettingsPerBuildTarget.asset using Guid(d54efd4665ab34742b750f386ac16965) (NativeFormatImporter) -> (artifact id: 'cb50dd9f6cda316764be3734467d8013') in 0.0012461 seconds
Refreshing native plugins compatible for Editor in 2.63 ms, found 6 plugins.
Preloading 0 native plugins for Editor in 0.00 ms.
Asset Pipeline Refresh (id=fe9c4b049bd92c44386bab111c6a59d8): Total: 0.029 seconds - Initiated by StopAssetImportingV2(NoUpdateAssetOptions)
STAGE05_WINDOWS_OPENXR=CONFIGURED openxr_loader=True; only_loader=True; quest2_profile=True; quest3_profile=True; single_pass_instanced=True; init_on_start=True
UnityEngine.Debug:ExtractStackTraceNoAlloc (byte*,int,string)
UnityEngine.StackTraceUtility:ExtractStackTrace ()
UnityEngine.DebugLogHandler:Internal_Log (UnityEngine.LogType,UnityEngine.LogOption,string,UnityEngine.Object)
UnityEngine.DebugLogHandler:LogFormat (UnityEngine.LogType,UnityEngine.Object,string,object[])
UnityEngine.Logger:Log (UnityEngine.LogType,object)
UnityEngine.Debug:Log (object)
CutMyBodyPlease.Hospital.Stage05.Editor.HospitalStage05XRSetup:Configure () (at Assets/Hospital/Editor/HospitalStage05XRSetup.cs:63)
CutMyBodyPlease.Hospital.Stage05.Editor.HospitalStage05R41Builder:BuildAndValidateR41 () (at Assets/Hospital/Editor/HospitalStage05R41Builder.cs:74)

(Filename: Assets/Hospital/Editor/HospitalStage05XRSetup.cs Line: 63)

Start importing Packages/com.unity.inputsystem/InputSystem/Editor/Icons/ChevronUp@3x.png using Guid(006305b616daf47409935f3dc8a172e2) (TextureImporter) -> (artifact id: 'f854794276c258849c2d6e0e0b95e4ac') in 0.0064276 seconds
Start importing Packages/com.unity.render-pipelines.core/Editor/PostProcessing/LensFlareResource/PolygonFlareThumbnail@2x.png using Guid(0047263fa58f91d49a61936e94358829) (TextureImporter) -> (artifact id: '6fe0ab37cae89ae151daeb4326568e72') in 0.0025022 seconds
Start importing Packages/com.unity.render-pipelines.core/Editor/Icons/MipLevels/RenderGraphViewer/d_Resources@32.png using Guid(00a734322b2ba1249b58c24b688b3108) (TextureImporter) -> (artifact id: 'cdecbd849ee9180582d1b6228adcf367') in 0.0020842 seconds
Start importing Packages/com.unity.inputsystem/InputSystem/Editor/Icons/d_ChevronDown@2x.png using Guid(0068f400a72d84c92a1b8f5889a574b2) (TextureImporter) -> (artifact id: '12f31b9cec503286c63f0e8230896d6f') in 0.0015385 seconds
Start importing Packages/com.unity.render-pipelines.universal/Textures/BlueNoise16/L/LDR_LLL1_23.png using Guid(10b6c6d22e73dea46a8ab36b6eebd629) (TextureImporter) -> (artifact id: '5b3d338d05f2b8f502218717989ecee5') in 0.0015641 seconds
Start importing Packages/com.unity.render-pipelines.universal/Textures/FilmGrain/Medium01.png using Guid(1097e90e1306e26439701489f391a6c0) (TextureImporter) -> (artifact id: 'be6fab0f381c172c739dcdcd2a31e5f6') in 0.0065115 seconds
Start importing Packages/com.unity.render-pipelines.universal/Editor/2D/Resources/LightCapBottomRight.png using Guid(108e201829ab4214383a5467adbc0086) (TextureImporter) -> (artifact id: 'c22d1b56d1f2f8a3e34fe569a225eab1') in 0.0016787 seconds
Start importing Packages/com.unity.inputsystem/InputSystem/Editor/Icons/Interactive Binding@2x.png using Guid(2027b97fd12d842d7a3169c784502a54) (TextureImporter) -> (artifact id: '8cd7b5aa645e239ef0bfddf872f02d91') in 0.0019656 seconds
Start importing Packages/com.unity.render-pipelines.core/Editor/LookDev/Icons/CenterLight.png using Guid(3092b2985cafe0b43b1f02ce1d6829d5) (TextureImporter) -> (artifact id: '47a1073b350b61aee59e75ef8c75cc2a') in 0.0031075 seconds
Start importing Packages/com.unity.inputsystem/InputSystem/Editor/Icons/InputSystemUIInputModule@64.png using Guid(3028dc075ba8c584d9bc7d1e0255e038) (TextureImporter) -> (artifact id: 'f886c2c14f2efacbf089d2e385be0890') in 0.0023134 seconds
Start importing Packages/com.unity.render-pipelines.universal/Editor/2D/Resources/SceneViewIcons/ParametricLight.png using Guid(302e68dd45b9b2d4194ff0f7f454436f) (TextureImporter) -> (artifact id: '32c5c747a1faa956bf32b6b2b3613f28') in 0.0039615 seconds
Start importing Packages/com.unity.render-pipelines.core/Editor/Lighting/Icons/d_LightPlacement_Icon On@64.png using Guid(304e9d79c27b32144a95e43dc6da80a2) (TextureImporter) -> (artifact id: '57b9b254662b5c6ff4dcd735ca1b1a0b') in 0.0018346 seconds
Start importing Packages/com.unity.inputsystem/InputSystem/Editor/Icons/InputAction.png using Guid(40265a896a0f341bb956e90c59025a29) (TextureImporter) -> (artifact id: '00e9711c58346600f8d6c49ff84c1be4') in 0.0029913 seconds
Start importing Packages/com.unity.render-pipelines.core/Editor/LookDev/Icons/d_Layout2@2x.png using Guid(50f7a3e9878119a4da02f38cf05d75ba) (TextureImporter) -> (artifact id: 'd846af9da2bbac7649d4aa683f059a81') in 0.0022718 seconds
Start importing Packages/com.unity.shadergraph/Editor/Resources/GraphView/Nodes/NodeChevronRight@2x.png using Guid(50cbcd05e61c4e54ea797ec88e91f1b0) (TextureImporter) -> (artifact id: '38843e3f8fbe959470d126bfc7b7848c') in 0.0016835 seconds
Start importing Packages/com.unity.render-pipelines.core/Editor/Lighting/Icons/LightUnitIcons/BlueSky.png using Guid(60d4d0573fefbf24198d33863004e7f9) (TextureImporter) -> (artifact id: '7d96427c24f0c18d053c2602c89eed36') in 0.0014364 seconds
Start importing Packages/com.unity.render-pipelines.core/Editor/Icons/RenderGraphViewer/d_MultipleUsage.png using Guid(60e80b0fa23ea904b92263803d64319c) (TextureImporter) -> (artifact id: '94a3d549ae0b864e3324a645d2d830d8') in 0.0017626 seconds
Start importing Packages/com.unity.render-pipelines.core/Editor/LookDev/Icons/d_Camera1@2x.png using Guid(603d01d730be24147adda7897e463598) (TextureImporter) -> (artifact id: '3838a54c57602d7de41215a0f9247ff9') in 0.0017649 seconds
Start importing Packages/com.unity.render-pipelines.universal/Editor/2D/Resources/SceneViewIcons/SpriteLight.png using Guid(70d16a5f04690d74ab9b1ddcbefd47bb) (TextureImporter) -> (artifact id: '32cfd4fffca048035d059facfc7f1e2d') in 0.0041006 seconds
Start importing Packages/com.unity.shadergraph/GraphTemplates/Cross Pipeline/UnlitParticleTemplateThumbnail.png using Guid(70e6da54cdf71264da5954a5fe327e3a) (TextureImporter) -> (artifact id: '808f4120287b7ab53469273da0c9a3d6') in 0.1007751 seconds
Start importing Packages/com.unity.render-pipelines.core/Editor/Icons/RenderGraphViewer/Resources@2x.png using Guid(701c4a9737150564681d632d05a7a83e) (TextureImporter) -> (artifact id: '2fefc329889cd19dbcd91c51616647f7') in 0.0019691 seconds
Start importing Packages/com.unity.render-pipelines.universal/Editor/ShaderGraph/GraphTemplates/UITKBasicTemplate.png using Guid(8052b80993fff1242975e48e123bb767) (TextureImporter) -> (artifact id: 'b68d279a8dcc2d4ce1d235c404a0ad59') in 0.0651543 seconds
Start importing Packages/com.unity.render-pipelines.core/Editor/LookDev/Icons/CenterLight@2x.png using Guid(8063050a249eef441beb8cbbd04c086c) (TextureImporter) -> (artifact id: '952e7864e24910ef5bb10db4d6c63f67') in 0.0026504 seconds
Start importing Packages/com.unity.render-pipelines.core/Editor/Lighting/Icons/LightUnitIcons/d_Overcast.png using Guid(80a48b3afafdc644fb4e3319f6f19fc8) (TextureImporter) -> (artifact id: '0e801e8527f2f2e7e07ba010aa212c8e') in 0.0023885 seconds
Start importing Packages/com.unity.render-pipelines.core/Editor/PostProcessing/LensFlareResource/CircleFlareThumbnail.png using Guid(80b74a073fa3027458f3b3ff5346f10b) (TextureImporter) -> (artifact id: 'b9e69983a4f44c04729b4bedaf36b7ad') in 0.0019447 seconds
Start importing Packages/com.unity.render-pipelines.core/Editor/LookDev/Icons/d_LeftArrow@2x.png using Guid(90335e5423c010749a50f906b965fa54) (TextureImporter) -> (artifact id: '053ffb39f88f1ed77e4f88ea84c8ec26') in 0.0021918 seconds
Start importing Packages/com.unity.inputsystem/InputSystem/Editor/Icons/Mouse@4x.png using Guid(a0b78c5ab9d654a9daba91ff774b4931) (TextureImporter) -> (artifact id: '9405fe55f20cd6bd1e54bef61e10210c') in 0.0017271 seconds
Start importing Packages/com.unity.render-pipelines.core/Editor/Lighting/Icons/LightUnitIcons/ClearSky@2x.png using Guid(a01d783415aa03a449e3408eb92d8505) (TextureImporter) -> (artifact id: 'e7c870d40bedc7a97a3388ef7fbd8a7b') in 0.0027461 seconds
Start importing Packages/com.unity.inputsystem/InputSystem/Editor/Icons/InputActionAsset.png using Guid(b025a2a0f9e554d1e88a93b5649dfc3f) (TextureImporter) -> (artifact id: '0334f46b8a4e7e3b133c8a30cab5144b') in 0.0035703 seconds
Start importing Packages/com.unity.inputsystem/InputSystem/Editor/AssetEditor/PackageResources/pro/propertiesBackground.png using Guid(b02e3f0c0798a4f1789a89a7697660be) (TextureImporter) -> (artifact id: '47ffe34e849b09b0b0001359de6deeb1') in 0.002549 seconds
Start importing Packages/com.unity.render-pipelines.core/Editor/Lighting/Icons/LightUnitIcons/Overcast.png using Guid(c0e6cc200fb1dda4388b13d9f5828d06) (TextureImporter) -> (artifact id: 'c08a31caec44e2ead1c5abeda4885fb7') in 0.0017441 seconds
Start importing Packages/com.unity.inputsystem/InputSystem/Editor/AssetEditor/PackageResources/pro/foldoutBackground.png using Guid(c0996bc290ff74bf4834f4a8b7dc8c3e) (TextureImporter) -> (artifact id: '2faf3ae59ac69852342c5d38af82c714') in 0.0022524 seconds
Start importing Packages/com.unity.render-pipelines.universal/Textures/BlueNoise256/LDR_LLL1_2.png using Guid(c06cc21c692f94f5fb5206247191eeee) (TextureImporter) -> (artifact id: 'f89673192f0f199eb361ed787707daa6') in 0.003067 seconds
Start importing Packages/com.unity.inputsystem/InputSystem/Editor/Icons/Axis@2x.png using Guid(d0006d51a864248adba0238883f8c71e) (TextureImporter) -> (artifact id: 'd6a38461da9277e4e7968862f302ac33') in 0.002331 seconds
Start importing Packages/com.unity.render-pipelines.core/Editor/Lighting/Icons/LightUnitIcons/d_SoftAreaLight@2x.png using Guid(e0171afec971f2343be8d5b4b14ab6eb) (TextureImporter) -> (artifact id: 'b797b5810e8c35f6c4d4bcae1cb74f00') in 0.0021035 seconds
Start importing Packages/com.unity.searcher/Editor/Resources/FlatSkin/SearchSmallDownOff.png using Guid(e0f8b9d001b669a43b3c9f7b90891d96) (TextureImporter) -> (artifact id: 'ddac67a88bfe64ed4a9a14bf455300e8') in 0.0020068 seconds
Start importing Packages/com.unity.shadergraph/GraphTemplates/DefaultTemplateImage.png using Guid(e079a17a0b2b93647a84cebdde8f3c21) (TextureImporter) -> (artifact id: '14d4668f5f3aa048ce3e722033086a6e') in 0.0199901 seconds
Start importing Packages/com.unity.inputsystem/InputSystem/Editor/Icons/d_Axis@4x.png using Guid(e01ab4b854c6d4fa3a8d869b67ecd643) (TextureImporter) -> (artifact id: 'f900975e78dbe8a3b0b76354032a5bf4') in 0.002359 seconds
Start importing Packages/com.unity.ugui/Editor Resources/Textures/btn_AlignRight_Light.psd using Guid(e05ace3bd15740cda0bad60d89092a5b) (TextureImporter) -> (artifact id: 'bd0db8a7b34401e17fac70f14aa1c16f') in 0.0021125 seconds
Start importing Packages/com.unity.render-pipelines.core/Editor/LookDev/Icons/LeftArrow@2x.png using Guid(f0106cef986be534181a8582cffd29da) (TextureImporter) -> (artifact id: 'cb415747704c111ae088fe911ccfc646') in 0.0022654 seconds
Start importing Packages/com.unity.render-pipelines.core/Editor/PostProcessing/LensFlareResource/PolygonFlareThumbnail.png using Guid(f0326f07dd50365439f552e7f29218e5) (TextureImporter) -> (artifact id: '125160bb5c0c1686c6315dba66354630') in 0.0019805 seconds
Start importing Packages/com.unity.render-pipelines.universal/Textures/FilmGrain/Medium02.png using Guid(f0b67500f7fad3b4c9f2b13e8f41ba6e) (TextureImporter) -> (artifact id: '11a8652a031a96038e8b2f0712beef49') in 0.0062725 seconds
Start importing Packages/com.unity.render-pipelines.core/Editor/Icons/MipLevels/d_VolumeProfile@32.png using Guid(f05a6898ed8b6df43be9b7fbb34d0517) (TextureImporter) -> (artifact id: '097eefb0d9aaa7688a2c3ea49b415938') in 0.0019855 seconds
Start importing Packages/com.unity.collections/Unity.Collections.PerformanceTests/Unity.PerformanceTesting.Benchmark/PerformanceTestFrameworkOutput.png using Guid(0175a7523f9f1754ca406f92afcfcbc6) (TextureImporter) -> (artifact id: '341ff2d83fff932355ef9468b8ac5a18') in 0.0094648 seconds
Start importing Packages/com.unity.render-pipelines.universal/Textures/BlueNoise16/L/LDR_LLL1_2.png using Guid(1134690bf9216164dbc75050e35b7900) (TextureImporter) -> (artifact id: 'dfee6d55b7140e692c91fba67ac810b0') in 0.0017543 seconds
Start importing Packages/com.unity.render-pipelines.core/Runtime/Sampling/Textures/SobolBlueNoise/ScramblingTile256SPP.png using Guid(11fcf3c83299e814cbb25c4d74cd045d) (TextureImporter) -> (artifact id: '00bb472d19a8a3e93a7a3f51d77effe0') in 0.0052014 seconds
Start importing Packages/com.unity.render-pipelines.universal/Textures/2D/Sparkle.png using Guid(119f93d0bcbf1e743bf5fcf237507d39) (TextureImporter) -> (artifact id: '329a597f5b4c6454acd77928e513f376') in 0.0062554 seconds
Start importing Packages/com.unity.shadergraph/Editor/Resources/Icons/blackboard_dark.png using Guid(2162b791346804a7792168e6fc526ced) (TextureImporter) -> (artifact id: 'd86eb9abdfd1ef4e4fe90f615baadc56') in 0.0023321 seconds
Start importing Packages/com.unity.inputsystem/InputSystem/Editor/Icons/Interactive Binding.png using Guid(2196c18f03faf4184b1aeb2c61d5571d) (TextureImporter) -> (artifact id: '783e0f69e62f65ce176649f1e2cfc585') in 0.0017931 seconds
Start importing Packages/com.unity.shadergraph/Editor/Resources/Icons/settings_button.png using Guid(3140f217cba5a6f4ca8d41675ac44819) (TextureImporter) -> (artifact id: '3d3b9b9a0bb76d0b44b56f0ca168e9bc') in 0.0020168 seconds
Start importing Packages/com.unity.render-pipelines.core/Editor/Icons/RenderGraphViewer/d_Global@2x.png using Guid(31d206dcb4d01ca4295149458ec19c38) (TextureImporter) -> (artifact id: '4f0f57da2da2f895c8cdbcc115ff777c') in 0.0020019 seconds
Start importing Packages/com.unity.render-pipelines.core/Editor/Lighting/Icons/LightUnitIcons/Moonlight.png using Guid(41c40f1973262eb41a56a66faaf2154d) (TextureImporter) -> (artifact id: '4e30300266088a209b2487f5d7e24f7c') in 0.0018788 seconds
Start importing Packages/com.unity.ugui/Editor Resources/Textures/btn_AlignMiddle.psd using Guid(41b96614b2e6494ba995ddcd252d11ae) (TextureImporter) -> (artifact id: 'ce7dc7ca52b4ffb152f8b3f720e7655e') in 0.0018914 seconds
Start importing Packages/com.unity.inputsystem/InputSystem/Editor/Icons/d_Dpad@4x.png using Guid(41edf25d451a744e6ad1172a677603bd) (TextureImporter) -> (artifact id: '07b4ebc2c5b9487646a1af3cf3ce593f') in 0.0024734 seconds
Start importing Packages/com.unity.render-pipelines.core/Editor/Lighting/Icons/d_LightPlacement_Icon.png using Guid(518057398db7dd043928f01f4fbad1b9) (TextureImporter) -> (artifact id: '6d7692c5d93c8aade870b721f26a36ba') in 0.0016315 seconds
Start importing Packages/com.unity.render-pipelines.universal/Textures/FilmGrain/Medium05.png using Guid(510a2f57334933e4a8dbabe4c30204e4) (TextureImporter) -> (artifact id: '20571563fa16b187a6f1219648cf77db') in 0.0055501 seconds
Start importing Packages/com.unity.render-pipelines.core/Editor/LookDev/Icons/Environment@2x.png using Guid(515b65dc95319f3409d6b0b5f866ac33) (TextureImporter) -> (artifact id: 'a815c5a2310e874e344b5cf6a91ef4dc') in 0.0023188 seconds
Start importing Packages/com.unity.render-pipelines.universal/Textures/SMAA/SearchTex.tga using Guid(51eee22c2a633ef4aada830eed57c3fd) (TextureImporter) -> (artifact id: '61500fe4a7a6a0e561f53aae0f7e889b') in 0.0019775 seconds
Start importing Packages/com.unity.inputsystem/InputSystem/Editor/Icons/Keyboard@3x.png using Guid(6191a40940a3e46899ecf82fa8389d01) (TextureImporter) -> (artifact id: 'e37bb41e5b688e3179e3f691c10f9da7') in 0.0019097 seconds
Start importing Packages/com.unity.inputsystem/InputSystem/Editor/Icons/d_Mouse@3x.png using Guid(6164e492ad3164525ab8ecd9968c3a64) (TextureImporter) -> (artifact id: '31e3672538f3886bc11a9dff6d80b3ff') in 0.0018492 seconds
Start importing Packages/com.unity.render-pipelines.core/Editor/Lighting/Icons/LightUnitIcons/Shade.png using Guid(7146ed2a10f80c340b4c181e2892c87a) (TextureImporter) -> (artifact id: 'e654675a682108f9fab05c7867c13190') in 0.0015976 seconds
Start importing Packages/com.unity.shadergraph/Editor/Resources/Icons/sg_graph_icon_gray_dark.png using Guid(7129268cf102b2f45809905bcb27ce8b) (TextureImporter) -> (artifact id: '0ffbd66ab535a74529616078b5f937fc') in 0.001718 seconds
Start importing Packages/com.unity.render-pipelines.core/Editor/Lighting/Icons/LightUnitIcons/d_MoonlessNight.png using Guid(71cd3069e265067478f8e99589235fd6) (TextureImporter) -> (artifact id: 'c67ca09f7616902544747fc3964e8de5') in 0.0015805 seconds
Start importing Packages/com.unity.render-pipelines.universal/Textures/BlueNoise16/L/LDR_LLL1_0.png using Guid(81200413a40918d4d8702e94db29911c) (TextureImporter) -> (artifact id: '10759e309b966f28577edba54c85130f') in 0.0020743 seconds
Start importing Packages/com.unity.render-pipelines.core/Editor/Lighting/Icons/LightUnitIcons/Fluorescent@2x.png using Guid(81321ffad3c324c42806d47efb84d4d1) (TextureImporter) -> (artifact id: 'b1778e80c8cbb20930e99af59cac9380') in 0.0019115 seconds
Start importing Packages/com.unity.ugui/Editor Resources/Textures/btn_AlignCenter.psd using Guid(81ed8c76d2bc4a4c95d092c98af4e58f) (TextureImporter) -> (artifact id: '659ce4a5c7b7f0d81f5e876ee23d6432') in 0.0018061 seconds
Start importing Packages/com.unity.shadergraph/GraphTemplates/default_normal.png using Guid(9154b3a500851e04494b08c0a363964a) (TextureImporter) -> (artifact id: '58858af8f93465b5d8e77a39aecc67fa') in 0.0014998 seconds
Start importing Packages/com.unity.render-pipelines.core/Editor/Icons/MipLevels/VolumeProfile@16.png using Guid(9109dcac13c1b6a4cadf6e9e63be42f7) (TextureImporter) -> (artifact id: '6ebb33853ac610b32fc6583b87d7e5a9') in 0.0016903 seconds
Start importing Packages/com.unity.render-pipelines.universal/Editor/Gizmos/Camera_PostProcessing.png using Guid(916f43e9d8e15c448a2c8a5d30b26dbd) (TextureImporter) -> (artifact id: '1a0640cf291c31175b6ec75084b1cdcf') in 0.0024414 seconds
Start importing Packages/com.unity.render-pipelines.core/Editor/LookDev/Icons/Duplicate@2x.png using Guid(91ffd37b0545bf6448f8d937736130a1) (TextureImporter) -> (artifact id: 'a67e96f8de6fdefd26318d6f345b32ae') in 0.0022057 seconds
Start importing Packages/com.unity.inputsystem/InputSystem/Editor/Icons/d_Dpad@3x.png using Guid(a1b7d9ffed68a47128c5622c13ba4752) (TextureImporter) -> (artifact id: '7cf2762a5eed5fa6c89ac7e822f3bcb0') in 0.0014385 seconds
Start importing Packages/com.unity.render-pipelines.core/Editor/LookDev/Icons/d_CenterLight@2x.png using Guid(a14e6ee680df42f4c99bf69bc3d6b9ca) (TextureImporter) -> (artifact id: '9d0afda537098093baa2da8aced905ff') in 0.0019432 seconds
Start importing Packages/com.unity.render-pipelines.universal/Editor/ShaderGraph/GraphTemplates/2D/2DSpriteUnlitTemplateThumbnail.png using Guid(a1be7992c1f7b0947bc2f9b045098f9e) (TextureImporter) -> (artifact id: '11221e9b775df3422a83c7f272323af1') in 0.0159485 seconds
Start importing Packages/com.unity.render-pipelines.core/Editor/Lighting/Icons/UpSnatch.png using Guid(a1fe8ebe91e101d47af42adec440c3e5) (TextureImporter) -> (artifact id: '501f0e9cb5df0b5171be0e01fd62dc97') in 0.0021364 seconds
Start importing Packages/com.unity.render-pipelines.core/Editor/Lighting/Icons/LightUnitIcons/d_InteriorLight@2x.png using Guid(b1a064fab2aa93e47bd8d558a6ca655b) (TextureImporter) -> (artifact id: '7d9671d8ac45b910a9a3131862cf8f6e') in 0.0017894 seconds
Start importing Packages/com.unity.shadergraph/Editor/Resources/Icons/SettingsIcons_hover@2x.png using Guid(b1b079d053c3d0c41952dadf32a89ffd) (TextureImporter) -> (artifact id: 'e8f8cbbe67b098b9eb377a86ddb7c32d') in 0.0016998 seconds
Start importing Packages/com.unity.render-pipelines.core/Editor/Lighting/Icons/LightUnitIcons/d_MediumAreaLight.png using Guid(b1826d69c1fcad9488491937a1ef4d84) (TextureImporter) -> (artifact id: '5ee2da7a9dbb04e22b2ae129745f2311') in 0.0017051 seconds
Start importing Packages/com.unity.render-pipelines.core/Editor/Icons/MipLevels/Volume@256.png using Guid(b1737e8dd5ce0104ca1f1c05b481fad9) (TextureImporter) -> (artifact id: 'a42308ff0bb035a12d701c61b3fa3783') in 0.0018792 seconds
Start importing Packages/com.unity.render-pipelines.core/Editor/Icons/MipLevels/RenderPipelineResources@64.png using Guid(b1c49d259b9089743b6272150f77b8fe) (TextureImporter) -> (artifact id: '7c296456aebb38a991ba22e6b7ceb4d5') in 0.0016369 seconds
Start importing Packages/com.unity.render-pipelines.core/Editor/Lighting/Icons/LightUnitIcons/SoftAreaLight@2x.png using Guid(b14c34aa843e4a14e957505ae407e8c3) (TextureImporter) -> (artifact id: 'cab5281449492c7df6e2ce6e4790848e') in 0.0017323 seconds
Start importing Packages/com.unity.shadergraph/Editor/Resources/Icons/sg_graph_icon@2x.png using Guid(c1e1b751487e43d43923f055990214ea) (TextureImporter) -> (artifact id: 'eaaca6b10e92da5a2eebbca41e83a0fa') in 0.001755 seconds
Start importing Packages/com.unity.render-pipelines.core/Editor/Lighting/Icons/LightPlacement_Icon@128.png using Guid(c1c8308c6609eff48841494a187bfb72) (TextureImporter) -> (artifact id: '17bfd80d53e4331af4f48b459384388b') in 0.0024929 seconds
Start importing Packages/com.unity.render-pipelines.core/Editor/Lighting/Icons/Advanced_Pressed_mini.png using Guid(c1d870384c7ed3c49b30d01278bf3949) (TextureImporter) -> (artifact id: '4a0fd89297dcd79a91319b0d48d42c85') in 0.00171 seconds
Start importing Packages/com.unity.render-pipelines.core/Editor/Lighting/Icons/LightPlacement_Icon@2x.png using Guid(c179f13951d25f646887d38fa53e6e65) (TextureImporter) -> (artifact id: '7f67ee0b126c79247f88cf1826981af7') in 0.0015144 seconds
Start importing Packages/com.unity.render-pipelines.universal/Textures/SMAA/AreaTex.tga using Guid(d1f1048909d55cd4fa1126ab998f617e) (TextureImporter) -> (artifact id: '175a3ba04a299880bb9ebd79cbdc5cc8') in 0.002084 seconds
Start importing Packages/com.unity.render-pipelines.universal/Textures/BlueNoise16/L/LDR_LLL1_26.png using Guid(d18a24d7b4ed50f4387993566d9d3ae2) (TextureImporter) -> (artifact id: '7f08028efe55161a8cb95ab7f2997c13') in 0.0017888 seconds
Start importing Packages/com.unity.inputsystem/InputSystem/Editor/Icons/ChevronDown@4x.png using Guid(d1acbe0a708dc40dc80254764e67ecfa) (TextureImporter) -> (artifact id: 'e94fc0c3e517011d385770649d02c490') in 0.0020905 seconds
Start importing Packages/com.unity.render-pipelines.core/Editor/Lighting/Icons/LightUnitIcons/d_DecorativeLight@2x.png using Guid(e194061ed57dcf6478bc4a4079ac3998) (TextureImporter) -> (artifact id: 'a1ef816edf78adccbd52fcfff319f5e1') in 0.0019115 seconds
Start importing Packages/com.unity.render-pipelines.core/Editor/LookDev/Icons/RightArrow@2x.png using Guid(e194270977977b24da0c6e1c962a5ce9) (TextureImporter) -> (artifact id: '256f8f26d7f0feaf9f8792667fd942f7') in 0.0019939 seconds
Start importing Packages/com.unity.inputsystem/InputSystem/Editor/Icons/d_Position@3x.png using Guid(e1da124f7cbda41a4925397406076a42) (TextureImporter) -> (artifact id: 'daa946fc5afd4d68e645160ae8020ed6') in 0.0016556 seconds
Start importing Packages/com.unity.render-pipelines.core/Editor/Lighting/Icons/LightUnitIcons/SoftAreaLight.png using Guid(e10d9c07adc061a448e00b3e33fad966) (TextureImporter) -> (artifact id: '23367d65b85032e50f197ca4da187720') in 0.0018376 seconds
Start importing Packages/com.unity.render-pipelines.universal/Editor/2D/Resources/SceneViewIcons/PointLight.png using Guid(e1feb27120f96ae4ea48e922cbfd93da) (TextureImporter) -> (artifact id: 'd223a4f9636e67d136b8edb980840f6c') in 0.0034332 seconds
Start importing Packages/com.unity.inputsystem/InputSystem/Editor/Icons/d_Keyboard@2x.png using Guid(f14e3a4027f834f16b235498ac15bb3f) (TextureImporter) -> (artifact id: '74c2ca767d86c135d5a26beb81e62613') in 0.0019555 seconds
Start importing Packages/com.unity.render-pipelines.universal/Editor/2D/Resources/LightCapDown.png using Guid(02232385c7b444348987d74db8dd7b2e) (TextureImporter) -> (artifact id: 'cead93df6093e2947fa097c981afa932') in 0.0014075 seconds
Start importing Packages/com.unity.render-pipelines.core/Editor/Lighting/Icons/IESProfile.png using Guid(0283fe60f65159b4a86ebabf444e23f9) (TextureImporter) -> (artifact id: 'b651f9e702741051955ed7a2d10f3496') in 0.0023071 seconds
Start importing Packages/com.unity.render-pipelines.core/Editor/LookDev/Icons/d_LayoutVertical.png using Guid(02c3588c32f640d47bb70ee3fa774fce) (TextureImporter) -> (artifact id: 'ecf81c769ed769d73bc3cdf3418c4132') in 0.0015993 seconds
Start importing Packages/com.unity.render-pipelines.core/Runtime/Debugging/Prefabs/Textures/White1px.png using Guid(127279d577f25ac4ea17dae3782e5074) (TextureImporter) -> (artifact id: '10726ce1eaad3ab5e4edfef1ffd1d039') in 0.0016815 seconds
Start importing Packages/com.unity.ugui/Editor Resources/Textures/btn_AlignLeft_Light.psd using Guid(12736c98af174f91827a26b66d2b01b9) (TextureImporter) -> (artifact id: '2d70984b740b32048b9ab2eae573a49a') in 0.0018008 seconds
Start importing Packages/com.unity.inputsystem/InputSystem/Editor/Icons/d_Keyboard@4x.png using Guid(123b6218ad27a41af933311ee524dcdc) (TextureImporter) -> (artifact id: '35ea9c9b542605adc0d1b9bbcabcc6e1') in 0.0017278 seconds
Start importing Packages/com.unity.render-pipelines.core/Editor/Icons/RenderGraphViewer/d_Texture@2x.png using Guid(126e291066d6c934e99b244ec88e813a) (TextureImporter) -> (artifact id: '9910977aac827430b0e92c98848e861e') in 0.0015119 seconds
Start importing Packages/com.unity.render-pipelines.core/Editor/Icons/MipLevels/d_Volume@256.png using Guid(32b23d5d74f3aee4f9364e34e2f59379) (TextureImporter) -> (artifact id: 'bee4b8ac862f802baf704dcf048ce46c') in 0.0023082 seconds
Start importing Packages/com.unity.shadergraph/GraphTemplates/BuiltIn/BuiltInLitBasicTemplateThumbnail.png using Guid(325e807a2af3f5f4691c7d9da76963f6) (TextureImporter) -> (artifact id: 'f9a2259ab59ab08ce4338ea56ad42863') in 0.0132295 seconds
Start importing Packages/com.unity.render-pipelines.core/Editor/Icons/RenderGraphViewer/Buffer@2x.png using Guid(42f2be07082fcb641bfabb2ccd126ac0) (TextureImporter) -> (artifact id: '50c56dcd673000f508ad314115c54d9a') in 0.0018757 seconds
Start importing Packages/com.unity.render-pipelines.core/Editor/Lighting/Icons/LightUnitIcons/BlueSky@2x.png using Guid(42382485181c7b4429560828f54a2bae) (TextureImporter) -> (artifact id: '3cf24be99b836f9d5d9d4fbfdf9787ca') in 0.0016446 seconds
Start importing Packages/com.unity.render-pipelines.universal/Editor/SceneTemplates/Standard/ReflectionProbe-0.exr using Guid(42c8d975867dbb34299217c9b3a62677) (TextureImporter)Starting cubemap convolution for '' (size 128)
...took 0.042 seconds
 -> (artifact id: 'b9c95fabaf0e128898c47e7a730942f5') in 0.1274657 seconds
Start importing Packages/com.unity.inputsystem/InputSystem/Editor/Icons/d_Orientation@3x.png using Guid(424bff4d3ea64400e9b384cb8bebfb96) (TextureImporter) -> (artifact id: '52df9951866368c61cfb7fff3a1436af') in 0.0020483 seconds
Start importing Packages/com.unity.render-pipelines.core/Editor/LookDev/Icons/Camera1@2x.png using Guid(52b3ad4181ffbec4cad6eb26d07127f6) (TextureImporter) -> (artifact id: 'd92aa23a70e8fcc1f3ea0b7049e5b6e5') in 0.0025277 seconds
Start importing Packages/com.unity.render-pipelines.core/Editor/Lighting/Icons/LightUnitIcons/Fluorescent.png using Guid(52dd14d6fa6ca2d46b942c8289a898eb) (TextureImporter) -> (artifact id: 'd980bbe13443e1f275764e3f3e71385b') in 0.0017557 seconds
Start importing Packages/com.unity.inputsystem/InputSystem/Editor/Icons/Stick.png using Guid(6234dae5cf6f04acb9a51e04d448e444) (TextureImporter) -> (artifact id: '7416a72e16567ccc46590719f21c6bba') in 0.002112 seconds
Start importing Packages/com.unity.inputsystem/InputSystem/Editor/Icons/d_Axis@3x.png using Guid(62c846073cb844a2b926e4bbd3189647) (TextureImporter) -> (artifact id: 'b5d3b84b7f39a5af4587946bd12c710d') in 0.0018389 seconds
Start importing Packages/com.unity.inputsystem/InputSystem/Editor/Icons/Orientation@2x.png using Guid(62f8dda50382d487597224e197cbd34f) (TextureImporter) -> (artifact id: '9601d7c77a4f0aaa0838508c99708453') in 0.0020607 seconds
Start importing Packages/com.unity.inputsystem/InputSystem/Editor/Icons/InputControl@2x.png using Guid(62ce957ca99fe4fcba573a5b141eb113) (TextureImporter) -> (artifact id: 'a2c496b6d657049bab81253182485c16') in 0.001599 seconds
Start importing Packages/com.unity.render-pipelines.core/Editor/LookDev/Icons/Layout1@2x.png using Guid(8263f1f26524404498d51bfe0b819925) (TextureImporter) -> (artifact id: '2ec04f67d38cab571b3e9459e23544db') in 0.0021297 seconds
Start importing Packages/com.unity.shadergraph/Editor/Resources/Icons/sg_subgraph_icon_gray_light.png using Guid(82b6560ff26e58d48aa33e2869ad14e4) (TextureImporter) -> (artifact id: '9b64d626bbe8c5e3e69acdecb716585e') in 0.0014232 seconds
Start importing Packages/com.unity.inputsystem/InputSystem/Editor/Icons/Touch@2x.png using Guid(82073a8bfd6b8488a89b8796d500d12d) (TextureImporter) -> (artifact id: '5fd53cce5204414d58e0a58abc3443ed') in 0.0015703 seconds
Start importing Packages/com.unity.ugui/Editor Resources/Textures/btn_AlignJustified.psd using Guid(92027f7f8cfc4feaa477da0dc38d3d46) (TextureImporter) -> (artifact id: '06fa44ae0418e7d82a00dc15bf3cc972') in 0.0015881 seconds
Start importing Packages/com.unity.render-pipelines.core/Editor/Icons/MipLevels/RenderPipelineResources@16.png using Guid(9204b01f48caab948aca3a4531851d40) (TextureImporter) -> (artifact id: 'e1a1823d2a826efbc65891721f605c1f') in 0.0018408 seconds
Start importing Packages/com.unity.ugui/Editor Resources/Textures/btn_AlignLeft.psd using Guid(9288066c33474b94b6ee5465f4df1cc0) (TextureImporter) -> (artifact id: '44890d6cf6f152813a6508f9468437b5') in 0.0020316 seconds
Start importing Packages/com.unity.render-pipelines.core/Editor/Lighting/Icons/LightUnitIcons/d_IntenseAreaLight.png using Guid(a20ce10a62e5d924a84f1a723e96c07e) (TextureImporter) -> (artifact id: 'f1f5b88f7139f205a2fc3c2398b4a999') in 0.0016957 seconds
Start importing Packages/com.unity.render-pipelines.universal/Textures/BlueNoise16/L/LDR_LLL1_24.png using Guid(a2ec5cbf5a9b64345ad3fab0912ddf7b) (TextureImporter) -> (artifact id: '7e699211008ed8199d33614da13535b9') in 0.0019616 seconds
Start importing Packages/com.unity.ugui/Editor Resources/Textures/btn_AlignMidLine.psd using Guid(c2f7f6a88b4c4f20a53deb72f3d9144c) (TextureImporter) -> (artifact id: '91c0f1a64b37da4684aafc07251704ce') in 0.0018892 seconds
Start importing Packages/com.unity.inputsystem/InputSystem/Editor/Icons/Joystick.png using Guid(c28849deb3e3b45c98965e7efd26f7be) (TextureImporter) -> (artifact id: '0455d18f889ba71c8fbef5aa4bc28186') in 0.0015285 seconds
Start importing Packages/com.unity.shadergraph/GraphTemplates/Cross Pipeline/UnlitSimpleTemplateThumbnail.png using Guid(c21eaaec4c8575e47a9b342ce260b9ed) (TextureImporter) -> (artifact id: '1bb5ec737667963c7e2885ddcf5c0764') in 0.0151972 seconds
Start importing Packages/com.unity.inputsystem/InputSystem/Editor/Icons/d_InputControl@4x.png using Guid(e2078613efd9e410c8771cbd2717f4e7) (TextureImporter) -> (artifact id: '65b5c2545a836a0abd99b3fc2d5f6267') in 0.0020095 seconds
Start importing Packages/com.unity.render-pipelines.core/Editor/Lighting/Icons/d_LightPlacement_Icon@64.png using Guid(e20f6d92d0ae13040bfcbe8ef57da036) (TextureImporter) -> (artifact id: '87906fc3cdc9deebf1eb178d4f4c030d') in 0.0019492 seconds
Start importing Packages/com.unity.render-pipelines.core/Runtime/Debugging/Prefabs/Textures/UIArrowDown.png using Guid(f224bfd122877a34aa49c63693fc317b) (TextureImporter) -> (artifact id: '439bafdce3a0810c69c8c554af5e17ef') in 0.0015909 seconds
Start importing Packages/com.unity.inputsystem/InputSystem/Editor/Icons/d_Stick@4x.png using Guid(f2fd4d7aa99c94a67a6a137fe979a760) (TextureImporter) -> (artifact id: 'c39e25b2decf04334fcfe31da210e43a') in 0.0015356 seconds
Start importing Packages/com.unity.inputsystem/InputSystem/Editor/Icons/d_Stick@3x.png using Guid(03c3559bb64164f7785cd1250e475250) (TextureImporter) -> (artifact id: '1e7669e1ff3586cd0a34750530a9f1a6') in 0.0018425 seconds
Start importing Packages/com.unity.shadergraph/Editor/Resources/GraphView/Nodes/PreviewCollapse.png using Guid(03d3df9748467354ab39a973710a3a30) (TextureImporter) -> (artifact id: '334230664fc0f67958e84f88bea63f6e') in 0.0013912 seconds
Start importing Packages/com.unity.inputsystem/InputSystem/Editor/Icons/d_Button.png using Guid(0309256f03c114697813e2296f0a1f18) (TextureImporter) -> (artifact id: 'd326f61db6b1235c531ffacbbd660874') in 0.0013962 seconds
Start importing Packages/com.unity.render-pipelines.core/Editor/Lighting/Icons/LightUnitIcons/DirectSunlight@2x.png using Guid(03ea000956f47584c872d8b4df47f5ee) (TextureImporter) -> (artifact id: 'dc897053a3372dcb23285ce530d9139e') in 0.0018704 seconds
Start importing Packages/com.unity.render-pipelines.core/Editor/Lighting/Icons/LightUnitIcons/d_Overcast@2x.png using Guid(036f58abb8f232d41b3928a31433cf81) (TextureImporter) -> (artifact id: 'a4a8822aaa905080dc2c908282c67fff') in 0.0014391 seconds
Start importing Packages/com.unity.render-pipelines.core/Editor/Icons/MipLevels/VolumeProfile@128.png using Guid(13d6273ce5597af4f841001aa751c423) (TextureImporter) -> (artifact id: '18d191f3ee96feed31ba78acd85071fb') in 0.001442 seconds
Start importing Packages/com.unity.inputsystem/InputSystem/Editor/Icons/Pen@2x.png using Guid(13fb345befe624412ac0bd0138d7bcf2) (TextureImporter) -> (artifact id: '83ad3ae79ad2bc298a3c7e7e6b02425e') in 0.0014166 seconds
Start importing Packages/com.unity.render-pipelines.core/Editor/Icons/RenderGraphViewer/Global@2x.png using Guid(13acc8e36620f0c499762b092afc9538) (TextureImporter) -> (artifact id: 'd8ee1b5db53c3574fcc14180b86179d8') in 0.0015518 seconds
Start importing Packages/com.unity.render-pipelines.core/Editor/LookDev/Icons/Camera1.png using Guid(2384eb5de05269b44a58f8dd1d83d725) (TextureImporter) -> (artifact id: 'd1b4e9614d56c4f898f6b0309778b4b1') in 0.0014979 seconds
Start importing Packages/com.unity.render-pipelines.core/Editor/Icons/RenderGraphViewer/Import@2x.png using Guid(23d6b8595de0e04429daf108638fe785) (TextureImporter) -> (artifact id: '307c286f58e08db06734df637629641e') in 0.0020029 seconds
Start importing Packages/com.unity.render-pipelines.universal/Textures/BlueNoise256/LDR_LLL1_5.png using Guid(3302065f671a8450b82c9ddf07426f3a) (TextureImporter) -> (artifact id: 'd8a0a205722fec0a765d63853afd3df2') in 0.0035426 seconds
Start importing Packages/com.unity.inputsystem/InputSystem/Editor/AssetEditor/PackageResources/blue.png using Guid(33f32142c2c2d4662be5f5274db27158) (TextureImporter) -> (artifact id: 'fbb53108c6d2b8a26388d7f15883cf92') in 0.0027158 seconds
Start importing Packages/com.unity.render-pipelines.core/Editor/Lighting/Icons/LightUnitIcons/Candlelight@2x.png using Guid(3387986904fe97b4cb1a1b607d1e7039) (TextureImporter) -> (artifact id: '3b1b28969bd26a245ee77ddfa2a810b0') in 0.0022034 seconds
Start importing Packages/com.unity.render-pipelines.core/Editor/Icons/RenderGraphViewer/d_Import@2x.png using Guid(33191aa3ed97cff4aa04bf4719f713ed) (TextureImporter) -> (artifact id: '8b64f072c57a5bde0c1b05618da63b04') in 0.0023882 seconds
Start importing Packages/com.unity.render-pipelines.universal/Textures/BlueNoise256/LDR_LLL1_7.png using Guid(331c5658939a2461d8c7a0b3691eb7d5) (TextureImporter) -> (artifact id: '7c3655052ab2344c4f79bf76c3ecf374') in 0.0032258 seconds
Start importing Packages/com.unity.render-pipelines.core/Editor/Icons/RenderGraphViewer/dash.png using Guid(33ff6e2aa12671544bb4df30e6443789) (TextureImporter) -> (artifact id: 'aa338c9fa534112276bbe8cb18091f6f') in 0.0021549 seconds
Start importing Packages/com.unity.shadergraph/Editor/Resources/Icons/SettingsIcons.png using Guid(53bf71ace226b574d88c828e8b631aae) (TextureImporter) -> (artifact id: 'df1590de9ee860b1550ebdd843c4eac8') in 0.0018714 seconds
Start importing Packages/com.unity.render-pipelines.core/Editor/Lighting/Icons/LightUnitIcons/d_DecorativeLight.png using Guid(73e9cf59769215c4892d0a8008f39737) (TextureImporter) -> (artifact id: '4a526ab6ff363f77128f65c5c8798779') in 0.0019512 seconds
Start importing Packages/com.unity.render-pipelines.core/Runtime/Debug/ProbeVolumeNumbersDisplayTex.png using Guid(73fe53b428c5b3440b7e87ee830b608a) (TextureImporter) -> (artifact id: 'ee59f0783bed54b2cb9c9366d8fcdadd') in 0.0041323 seconds
Start importing Packages/com.unity.shadergraph/GraphTemplates/Cross Pipeline/DecalSimpleTemplateThumbnail.png using Guid(73df811908489f1408d1bec44aab3a80) (TextureImporter) -> (artifact id: '418848fcaf456149a13fe0fca72c4ad5') in 0.0180634 seconds
Start importing Packages/com.unity.inputsystem/InputSystem/Editor/Icons/d_Gamepad@4x.png using Guid(83438053370c84456a73f7f95ef821fb) (TextureImporter) -> (artifact id: '6b6467a437c157c6fa11b012163bcc9e') in 0.0020918 seconds
Start importing Packages/com.unity.inputsystem/InputSystem/Editor/Icons/d_Keyboard.png using Guid(83382fb171da648c594229ca6fa7ad94) (TextureImporter) -> (artifact id: 'd9d309b0137ffb4de12921ebfca2f4a6') in 0.0017593 seconds
Start importing Packages/com.unity.render-pipelines.core/Editor/LookDev/Icons/d_LayoutHorizontal.png using Guid(83cbec96661199e408a744d4c3e586e2) (TextureImporter) -> (artifact id: 'd5b5e1573ee0ae88ce693511c0518658') in 0.0017574 seconds
Start importing Packages/com.unity.inputsystem/InputSystem/Editor/Icons/Position@2x.png using Guid(a3fa73829479e4b41965e749fcca7c12) (TextureImporter) -> (artifact id: '4fb0cc6756f607a792f25036137c0311') in 0.0014577 seconds
Start importing Packages/com.unity.render-pipelines.core/Editor/Lighting/Icons/LightUnitIcons/ExteriorLight@2x.png using Guid(a3fe770bc25a98540958d57e10f2a5fd) (TextureImporter) -> (artifact id: '0fa61d16e3058066d907ff4b5d5c2b95') in 0.0014374 seconds
Start importing Packages/com.unity.render-pipelines.core/Runtime/Debugging/Prefabs/Textures/UICheckMark.png using Guid(b346b2a2df1d290438be3287b6419408) (TextureImporter) -> (artifact id: 'd10ed60c2ac10bdbdbaa8b5ce4d7740e') in 0.0018424 seconds
Start importing Packages/com.unity.render-pipelines.core/Editor/Lighting/Icons/Advanced_UnPressed_mini.png using Guid(b356b95f05b77cf49a1b8241134f44c4) (TextureImporter) -> (artifact id: '9e5b82c36ff100a149e1420676455d40') in 0.0014679 seconds
Start importing Packages/com.unity.render-pipelines.core/Editor/Lighting/Icons/LightUnitIcons/CloudySky@2x.png using Guid(c30d00a81d6542c40ae1837621e3969e) (TextureImporter) -> (artifact id: '32c6659abd471e80732acc8661492a4d') in 0.0014498 seconds
Start importing Packages/com.unity.render-pipelines.core/Editor/Icons/MipLevels/Volume@32.png using Guid(d35462a3f88c67241b7b7cd6dc624ccb) (TextureImporter) -> (artifact id: 'd729cade1911b844e4762526a34e406a') in 0.0013374 seconds
Start importing Packages/com.unity.render-pipelines.universal/Textures/BlueNoise16/L/LDR_LLL1_18.png using Guid(d36f0fe53425e08499a2333cf423634c) (TextureImporter) -> (artifact id: 'f8bb0fb0ae3dec26d864b1a9addd6716') in 0.0016787 seconds
Start importing Packages/com.unity.ugui/Editor Resources/Textures/SectionHeader_Light.psd using Guid(e3b0f810fdea84e40ab4ba20f256f7e8) (TextureImporter) -> (artifact id: '5e8eaa9a3c233ca77e7cc25cd93cc406') in 0.0017126 seconds
Start importing Packages/com.unity.render-pipelines.universal/Textures/BlueNoise256/LDR_LLL1_4.png using Guid(e32226222ff144b24bf3a5a451de54bc) (TextureImporter) -> (artifact id: '28fd9ce0374acdbb42d41c836c64aed3') in 0.002581 seconds
Start importing Packages/com.unity.render-pipelines.universal/Textures/BlueNoise64/L/LDR_LLL1_0.png using Guid(e3d24661c1e055f45a7560c033dbb837) (TextureImporter) -> (artifact id: 'f41d1cbdfe533943a7de1a5ff3262ee9') in 0.0015121 seconds
Start importing Packages/com.unity.render-pipelines.universal/Editor/SceneTemplates/Indoors/ReflectionProbe-0.exr using Guid(e375ace14cc3b5b448ca85ba2455930c) (TextureImporter)Starting cubemap convolution for '' (size 128)
...took 0.044 seconds
 -> (artifact id: 'b56b01b737236299da709891e99cd178') in 0.1296195 seconds
Start importing Packages/com.unity.render-pipelines.universal/Editor/Gizmos/Camera_UI.png using Guid(e3c6759aa8004ae458959d7fe48d6a74) (TextureImporter) -> (artifact id: '793458eddd35270c1e566eed15dbe90e') in 0.0046074 seconds
Start importing Packages/com.unity.searcher/Editor/Resources/FlatSkin/SearchSmallDownOn.png using Guid(f353e9d22eb9164499dd70cb41b00244) (TextureImporter) -> (artifact id: 'aea30aa9b8dddfaa8389a4eef32f3ba2') in 0.0025747 seconds
Start importing Packages/com.unity.render-pipelines.core/Editor/LookDev/Icons/LayoutHorizontal@2x.png using Guid(f3fe1e478135ed34db9a1f6707f52c6a) (TextureImporter) -> (artifact id: 'da1dedfd5c940526301b061bb98185a8') in 0.002167 seconds
Start importing Packages/com.unity.render-pipelines.core/Editor/Lighting/Icons/LightUnitIcons/d_IntenseAreaLight@2x.png using Guid(0493fb4c3bbfd6a4396f7f221b5ce034) (TextureImporter) -> (artifact id: 'c441ec15a2d853608720d00eae09ab7d') in 0.0028229 seconds
Start importing Packages/com.unity.render-pipelines.core/Editor/Lighting/Icons/LightUnitIcons/BrightSky@2x.png using Guid(04c70b69874deb746a4c63f1a29f7715) (TextureImporter) -> (artifact id: '113a63c2b7ad64b2365eabfe2b92e394') in 0.0020983 seconds
Start importing Packages/com.unity.render-pipelines.core/Editor/LookDev/Icons/Remove@2x.png using Guid(049c8a7821177594692244298d82e4af) (TextureImporter) -> (artifact id: 'cd980b55302177f831adc84e8cb54978') in 0.0024119 seconds
Start importing Packages/com.unity.render-pipelines.universal/Textures/BlueNoise16/L/LDR_LLL1_17.png using Guid(14381521ff11cb74abe3fe65401c23be) (TextureImporter) -> (artifact id: '8a1ef2d5120520ccc984603be7f01008') in 0.0019671 seconds
Start importing Packages/com.unity.render-pipelines.universal/Editor/Gizmos/Camera_Base.png using Guid(24b1fe14c2b41d6489a7e7819483df6b) (TextureImporter) -> (artifact id: '02e313746dad69ec7459c9e11b2dce51') in 0.0032772 seconds
Start importing Packages/com.unity.inputsystem/InputSystem/Editor/Icons/d_Axis.png using Guid(34f9452ba2ee14c0b9c976800caef571) (TextureImporter) -> (artifact id: '42987d762f87184554520a5ad42bc6e7') in 0.0022071 seconds
Start importing Packages/com.unity.ugui/Editor Resources/Textures/btn_AlignRight.psd using Guid(342a0f8aca7f4f0691338912faec0494) (TextureImporter) -> (artifact id: '2e46f5000a9a97dad533dd5a5352b03d') in 0.0023259 seconds
Start importing Packages/com.unity.render-pipelines.core/Editor/Lighting/Icons/d_LightPlacement_Icon On@256.png using Guid(4439e27e7ae7188468effbc23418e0e1) (TextureImporter) -> (artifact id: 'e7ab263eb0372d6d3cfdeda033e53f28') in 0.0038531 seconds
Start importing Packages/com.unity.inputsystem/InputSystem/Editor/Icons/d_Interactive Binding@3x.png using Guid(542599ad529004327a7b18f7b2a4aeb8) (TextureImporter) -> (artifact id: '0d8064ee2c7ebe5bf90b33e0e3621069') in 0.0019775 seconds
Start importing Packages/com.unity.ugui/Editor Resources/Textures/btn_AlignFlush_Light.psd using Guid(64b9fad609434c489c32b1cdf2004a1c) (TextureImporter) -> (artifact id: 'ab200197f3b3ef1688706cf99ad90a46') in 0.0018954 seconds
Start importing Packages/com.unity.render-pipelines.core/Editor/Lighting/Icons/PresetFill_Left.png using Guid(84767f608f72f5a4090837fc328dd75f) (TextureImporter) -> (artifact id: 'e2d3f3159343660d2ad2b7e2cbbe3dd8') in 0.0030552 seconds
Start importing Packages/com.unity.render-pipelines.core/Editor/LookDev/Icons/d_LeftArrow.png using Guid(84189b4c7caeef3419b6b031b8812685) (TextureImporter) -> (artifact id: '02dbf782f43fc37c73f2691cde0b10a3') in 0.0025481 seconds
Start importing Packages/com.unity.render-pipelines.universal/Editor/ShaderGraph/GraphTemplates/FullscreenBasicTemplateThumbnail.png using Guid(9410f8b043e30fe4da99295d950c470f) (TextureImporter) -> (artifact id: '1f88a1efa7eb4ff67c4bd0b4f850e022') in 0.0205352 seconds
Start importing Packages/com.unity.shadergraph/Editor/Resources/GraphView/Nodes/NodeChevronUp@2x.png using Guid(94c5e3f4e8affed4285a0c674a431b9e) (TextureImporter) -> (artifact id: '2b0cc0cd00e6b4b2b278653dcccbadcc') in 0.0026179 seconds
Start importing Packages/com.unity.render-pipelines.core/Editor/Lighting/Icons/LightUnitIcons/d_SoftAreaLight.png using Guid(940a20d919196f1408474a7b7057f4b9) (TextureImporter) -> (artifact id: '37117dd2ddb09da7774ced71ecedfc37') in 0.0021409 seconds
Start importing Packages/com.unity.inputsystem/InputSystem/Editor/Icons/d_Touch.png using Guid(94fa2e214a138425e8afbbe1329e0b55) (TextureImporter) -> (artifact id: '3dd089dd95ab8f63844cb6219a87e96b') in 0.0024657 seconds
Start importing Packages/com.unity.render-pipelines.core/Editor/LookDev/Icons/d_Link.png using Guid(94ec4fdf9502c3747b5c0754ca18919e) (TextureImporter) -> (artifact id: '6ea1d9de8f3b4e2a0941ef4dada280bf') in 0.0023014 seconds
Start importing Packages/com.unity.inputsystem/InputSystem/Editor/AssetEditor/PackageResources/pro/actionTreeBackgroundWithoutBorder.png using Guid(943deaaee9c9347e0a455aa208526c42) (TextureImporter) -> (artifact id: 'd2c8d851513ca80477cad399d37f1ce7') in 0.0019354 seconds
Start importing Packages/com.unity.inputsystem/InputSystem/Editor/Icons/Joystick@3x.png using Guid(a4610f64a5a4e4625b1ddbd44b04c5a6) (TextureImporter) -> (artifact id: 'e8067fe95af49b7471a5031cb3a3c7e1') in 0.0024795 seconds
Start importing Packages/com.unity.render-pipelines.core/Editor/LookDev/Icons/d_Environment@2x.png using Guid(a4638c6b8e07c0b49822ed7a91a96d0a) (TextureImporter) -> (artifact id: '559fe40ca592d25a5cbc3d588ff5e08c') in 0.0024339 seconds
Start importing Packages/com.unity.inputsystem/InputSystem/Editor/Icons/TrackedPoseDriver.png using Guid(a4d5a38cb01e9c54aa75431f797059cb) (TextureImporter) -> (artifact id: '281ee53a18b573a0a8d546d189d2bfa2') in 0.0019575 seconds
Start importing Packages/com.unity.inputsystem/InputSystem/Editor/Icons/d_Add Binding.png using Guid(a4bbff684804d4c84b61cd0256cd2360) (TextureImporter) -> (artifact id: 'c7e31f386b7b9f5b63e592ea949d0f9f') in 0.0022797 seconds
Start importing Packages/com.unity.inputsystem/InputSystem/Editor/Icons/Position@3x.png using Guid(a43c2c10c85c448b584c8f2840f86915) (TextureImporter) -> (artifact id: '546381794fa4b409d55d8552ae7e7d56') in 0.0019842 seconds
Start importing Packages/com.unity.inputsystem/InputSystem/Editor/Icons/Stick@3x.png using Guid(a4deca3e01bf64bfc9136f4cb3b41c9f) (TextureImporter) -> (artifact id: 'd1b60579c00351a5280f4a2588dff3b8') in 0.001931 seconds
Start importing Packages/com.unity.render-pipelines.core/Editor/Resources/Gizmos/ProbeVolume.png using Guid(a4aff83690b661e4fab719effabef2a9) (TextureImporter) -> (artifact id: 'c744d51de1f8bfb3ce32462f8ad5a03e') in 0.0037822 seconds
Start importing Packages/com.unity.render-pipelines.universal/Textures/FilmGrain/Medium06.png using Guid(b4db8180660810945bf8d55ab44352ad) (TextureImporter) -> (artifact id: '534c318e94197f4fe6bfe3b3dc167ecc') in 0.0066133 seconds
Start importing Packages/com.unity.render-pipelines.universal/Editor/2D/Resources/LightCapTopRight.png using Guid(b42c95bdd7efefc43900dbbedc4a39f8) (TextureImporter) -> (artifact id: '417d8013f922270770bccf734e077a17') in 0.0029865 seconds
Start importing Packages/com.unity.inputsystem/InputSystem/Editor/Icons/d_InputControl@2x.png using Guid(c4235c4abfa134435bd4c8c1f8fd8c56) (TextureImporter) -> (artifact id: '1ba71243c8732a54f0d3c5d3617194c7') in 0.0020565 seconds
Start importing Packages/com.unity.inputsystem/InputSystem/Editor/AssetEditor/PackageResources/pro/actionTreeBackground.png using Guid(c4b66e31395c54087a2fbc13ae7e0f3c) (TextureImporter) -> (artifact id: '961327876bb57afaeffaaa41f2316244') in 0.002319 seconds
Start importing Packages/com.unity.inputsystem/InputSystem/Editor/Icons/ChevronUp@4x.png using Guid(c4f7551c56dfb47a7a105b6579646d2f) (TextureImporter) -> (artifact id: 'd7b8c976a615b299c578fabbc2e29c61') in 0.002214 seconds
Start importing Packages/com.unity.render-pipelines.core/Editor/Lighting/Icons/d_LightPlacement_Icon@32.png using Guid(c4f74ec1885109d438846c229989bcf9) (TextureImporter) -> (artifact id: '927b70bea0983ce0f99c68fea581fa60') in 0.0022939 seconds
Start importing Packages/com.unity.render-pipelines.universal/Textures/BlueNoise16/L/LDR_LLL1_19.png using Guid(d4044ea2490d63b43aa1765f8efbf8a9) (TextureImporter) -> (artifact id: 'e5fba16650af2131f83eff51c3668d0a') in 0.0018584 seconds
Start importing Packages/com.unity.render-pipelines.core/Editor/Icons/MipLevels/VolumeProfile@32.png using Guid(d437cf5f006f8e74eb25c84d04daa681) (TextureImporter) -> (artifact id: '0c36a57317e39e2b43a9d9725c9e76e5') in 0.0025999 seconds
Start importing Packages/com.unity.render-pipelines.core/Runtime/Debugging/Prefabs/Textures/UIElement8px.png using Guid(d49e78756811bfa4aafb8b6535417991) (TextureImporter) -> (artifact id: 'c52fe74c05b8e0b01a86db16ec1d7b19') in 0.0023375 seconds
Start importing Packages/com.unity.render-pipelines.core/Editor/Lighting/Icons/LightUnitIcons/IntenseAreaLight.png using Guid(d4df75c76c1661847b6902f889b44bcb) (TextureImporter) -> (artifact id: 'd8654ad6244f08528fe0e3d6d60bb3ff') in 0.0021279 seconds
Start importing Packages/com.unity.render-pipelines.core/Editor/Lighting/Icons/LightUnitIcons/d_VeryBrightSun@2x.png using Guid(e4e685bec200b3c45a29e88e2eeb8ddb) (TextureImporter) -> (artifact id: '85a0280b720eed5934e10332e55db27a') in 0.001992 seconds
Start importing Packages/com.unity.inputsystem/InputSystem/Editor/Icons/d_ChevronUp@4x.png using Guid(e46ad23216d074f828f3437b21912c64) (TextureImporter) -> (artifact id: '0a469d0e45b1313aba1676f02beb3832') in 0.0023656 seconds
Start importing Packages/com.unity.inputsystem/InputSystem/Editor/Icons/d_Interactive Binding@4x.png using Guid(f4e6ca70dd9734da1a812be882c6364e) (TextureImporter) -> (artifact id: 'dc8f391da8384dc5ec3036d0c131c4a2') in 0.0020599 seconds
Start importing Packages/com.unity.render-pipelines.universal/Editor/2D/Resources/LightCapTopLeft.png using Guid(f4f779c88fa8c514d970afbd68ff6b3f) (TextureImporter) -> (artifact id: 'a3debf77b7acbc5a0dfaf56ca2da7674') in 0.0021269 seconds
Start importing Packages/com.unity.render-pipelines.core/Editor/Lighting/Icons/DownSnatch.png using Guid(f4efccbcc00042141b8f7f63392439b5) (TextureImporter) -> (artifact id: '2373b48487c20c4dfe812d857a24d955') in 0.0019999 seconds
Start importing Packages/com.unity.inputsystem/InputSystem/Editor/Icons/Mouse@3x.png using Guid(05bbafd21bf3c4cca93cb8ddfbbd4070) (TextureImporter) -> (artifact id: 'e7c88b9d700e5d2bb092f2b23f637d78') in 0.002292 seconds
Start importing Packages/com.unity.inputsystem/InputSystem/Editor/Icons/ChevronDown@2x.png using Guid(153c8e15f7f6c452ca50f6795813ed39) (TextureImporter) -> (artifact id: 'beb9327d110db11d835b2961273bd145') in 0.0019533 seconds
Start importing Packages/com.unity.inputsystem/InputSystem/Editor/Icons/d_Position@2x.png using Guid(2552e303d22424da2ad62552efbd06e8) (TextureImporter) -> (artifact id: '305e361546848edac73c4049652fd1c2') in 0.00183 seconds
Start importing Packages/com.unity.render-pipelines.core/Editor/Icons/RenderGraphViewer/FramebufferFetch@2x.png using Guid(35a75acf988224d4da424a5a42cdaaf9) (TextureImporter) -> (artifact id: 'c16308ee4a1d089115ce64c4dad78b9e') in 0.0022535 seconds
Start importing Packages/com.unity.render-pipelines.core/Editor/LookDev/Icons/Layout2@2x.png using Guid(356caeb1305bf794e94ecd5161f8e6e3) (TextureImporter) -> (artifact id: '69c313c11d48f7b969f08027c2bd16dc') in 0.0022431 seconds
Start importing Packages/com.unity.render-pipelines.core/Editor/LookDev/Icons/Duplicate.png using Guid(352dd7fc77ee28c479bf6504efe94f16) (TextureImporter) -> (artifact id: '03ce15b56459f6b1e3c9a5b9cdc8d763') in 0.0030418 seconds
Start importing Packages/com.unity.ugui/Editor Resources/Textures/btn_AlignCenterGeo_Light.psd using Guid(35ff0937876540d3bd4b6a941df62a92) (TextureImporter) -> (artifact id: 'aca0d852c9a08345e1e638a441592706') in 0.0019541 seconds
Start importing Packages/com.unity.render-pipelines.core/Editor/LookDev/Icons/Link.png using Guid(45751a4124f67c443bf96ed1df7c550b) (TextureImporter) -> (artifact id: '9112ec75ceb0c5b425f59e4151b3220f') in 0.0022686 seconds
Start importing Packages/com.unity.inputsystem/InputSystem/Editor/Icons/d_Stick.png using Guid(55040e210fa9b426b861a26909ab4de7) (TextureImporter) -> (artifact id: '13828afdf1b6c1df9e4c116563c58b3e') in 0.0019168 seconds
Start importing Packages/com.unity.render-pipelines.universal/Textures/FilmGrain/Thin01.png using Guid(654c582f7f8a5a14dbd7d119cbde215d) (TextureImporter) -> (artifact id: 'bc13f747ce0622db77bdcbd62f9d8e24') in 0.0065478 seconds
Start importing Packages/com.unity.inputsystem/InputSystem/Editor/Icons/Gamepad@4x.png using Guid(7543bb6341c2140f292c8c852e7a3bbf) (TextureImporter) -> (artifact id: '08634a48a09ea294cf0bdbe9d95cfd72') in 0.0024995 seconds
Start importing Packages/com.unity.render-pipelines.core/Editor/LookDev/Icons/LookDev.png using Guid(85099cb723efe4444a23b08281d721c2) (TextureImporter) -> (artifact id: '6bcdca838abaa03d338ca08866dc6ced') in 0.0025839 seconds
Start importing Packages/com.unity.shadergraph/Editor/Resources/GraphView/Nodes/NodeChevronRight.png using Guid(951848ba8b6205940a9bd1b8fdd4d796) (TextureImporter) -> (artifact id: 'b808644e3030d82adb44913fb69efb89') in 0.0023376 seconds
Start importing Packages/com.unity.inputsystem/InputSystem/Editor/Icons/Add Binding.png using Guid(958a10dec4f3a4764bb345b0aa03510b) (TextureImporter) -> (artifact id: 'e535dbdbf6f84b3a04b47545ab978f16') in 0.0019485 seconds
Start importing Packages/com.unity.shadergraph/Editor/Resources/Icons/blackboard.png using Guid(954de74b6fa234cfbb474898019e0acf) (TextureImporter) -> (artifact id: '756d67149ad9b08a5c241ba4cfd55bea') in 0.0020249 seconds
Start importing Packages/com.unity.render-pipelines.core/Editor/Lighting/Icons/LightUnitIcons/d_BrightSky.png using Guid(a543c2d2147884347a1846e862efa72f) (TextureImporter) -> (artifact id: '30d8bf918202389c6aa655d9c6e545f4') in 0.002137 seconds
Start importing Packages/com.unity.render-pipelines.core/Editor/LookDev/Icons/Remove.png using Guid(a5c48bfebeb031a4b8d66da4be0e27b9) (TextureImporter) -> (artifact id: 'a80ff2d9dbf453f17c55cecaf031d4ca') in 0.0022242 seconds
Start importing Packages/com.unity.render-pipelines.universal/Editor/2D/Resources/LightCapUp.png using Guid(a58fea03b14b2be4295b11f21a57a6f7) (TextureImporter) -> (artifact id: 'b833fa15bf14d0da12adb9c50605d4fb') in 0.0020029 seconds
Start importing Packages/com.unity.render-pipelines.core/Editor/Lighting/Icons/LightUnitIcons/d_InteriorLight.png using Guid(b5a2e773c2799aa42a4e99429158896e) (TextureImporter) -> (artifact id: 'a96d534d594c1cae542d6c5cd682a42d') in 0.001756 seconds
Start importing Packages/com.unity.searcher/Editor/Resources/FlatSkin/SearchSmallDownOn@2x.png using Guid(c5b36095078d8694ba9e3ae3fd867b2e) (TextureImporter) -> (artifact id: '7497b9a2d935a3ff818fb636e4608fcb') in 0.0021272 seconds
Start importing Packages/com.unity.render-pipelines.core/Editor/Lighting/Icons/HorizontalGradient.png using Guid(c56daa0c35d8542449aea902efda87ce) (TextureImporter) -> (artifact id: '4ce5d85fac9747d41de12b29e34fca27') in 0.0022615 seconds
Start importing Packages/com.unity.inputsystem/InputSystem/Editor/Icons/d_Position.png using Guid(c5bdeae4dabac4bf19f7a1afcf5ca678) (TextureImporter) -> (artifact id: '35d1f3fcb996230774607964243803cf') in 0.0018126 seconds
Start importing Packages/com.unity.render-pipelines.universal/Textures/BlueNoise16/L/LDR_LLL1_13.png using Guid(d512512f4af60a442ab3458489412954) (TextureImporter) -> (artifact id: '2077c97371760cad778fd73e81c4ac77') in 0.0020853 seconds
Start importing Packages/com.unity.render-pipelines.universal/Textures/BlueNoise16/L/LDR_LLL1_21.png using Guid(d5c9b274310e5524ebe32a4e4da3df1f) (TextureImporter) -> (artifact id: '517b3603d55f2d56ecefe09eb2fc0ba4') in 0.0021099 seconds
Start importing Packages/com.unity.render-pipelines.core/Editor/Lighting/Icons/LightUnitIcons/d_MoonlessNight@2x.png using Guid(d56ac7ee03f65c7408f8f3d5aeecdb86) (TextureImporter) -> (artifact id: 'c7d25dde6dcdd1eba8a5a879414afa76') in 0.0022901 seconds
Start importing Packages/com.unity.render-pipelines.universal/Textures/BlueNoise16/L/LDR_LLL1_1.png using Guid(d50c5e07c9911a74982bddf7f3075e7b) (TextureImporter) -> (artifact id: 'fbc03f2762252f6f8c79d7d17f38a89a') in 0.0020919 seconds
Start importing Packages/com.unity.shadergraph/Editor/Resources/GraphView/Nodes/UITKShaderPreview-Texture.png using Guid(e5c0078b94743b5468d137f0728f414e) (TextureImporter) -> (artifact id: '24aa2c1c7d9ad136c5cc8a623b16448a') in 0.0107451 seconds
Start importing Packages/com.unity.render-pipelines.core/Editor/Lighting/Icons/d_LightPlacement_Icon On@2x.png using Guid(e59f66416f4ecf3429053a0274b589a0) (TextureImporter) -> (artifact id: 'e31ada1207814236634dd7a31543c9d4') in 0.0027279 seconds
Start importing Packages/com.unity.render-pipelines.core/Editor/Lighting/Icons/LightUnitIcons/d_Moonlight@2x.png using Guid(f520337c0c5dde34fa2d4207d953a31f) (TextureImporter) -> (artifact id: '953cc9618492ee213792c4b0089b1ef5') in 0.0023665 seconds
Start importing Packages/com.unity.render-pipelines.core/Editor/Lighting/Icons/d_LightPlacement_Icon On@32.png using Guid(f5d08e5c109deb84a9fcf7b2365cb537) (TextureImporter) -> (artifact id: 'b4119d71bb06a322334ac4c05caee30d') in 0.0022041 seconds
Start importing Packages/com.unity.render-pipelines.core/Editor/Lighting/Icons/LightUnitIcons/MoonlessNight.png using Guid(f50a266376427a041b4e1b629d07611d) (TextureImporter) -> (artifact id: '1604a026f7f88af4e331aa873cfba98b') in 0.0021778 seconds
Start importing Packages/com.unity.inputsystem/InputSystem/Editor/Icons/Joystick@4x.png using Guid(f58c918f135bd4b8abe5fdb06bda7f4d) (TextureImporter) -> (artifact id: '868756de9859c218e0ce5140c8b48d6a') in 0.0022302 seconds
Start importing Packages/com.unity.inputsystem/InputSystem/Editor/Icons/Stick@4x.png using Guid(f5ace3d653812436a812bebfe7f9a242) (TextureImporter) -> (artifact id: 'ec018d7ddaceebb39c3f15563b7abf14') in 0.0022109 seconds
Start importing Packages/com.unity.render-pipelines.core/Editor/LookDev/Icons/d_LookDev.png using Guid(0615fe8910911be4299d5604a54db99a) (TextureImporter) -> (artifact id: '3e001ccf0deb808cb66f4599f7f7e34b') in 0.0022784 seconds
Start importing Packages/com.unity.ugui/Editor Resources/Textures/btn_AlignMiddle_Light.psd using Guid(066619c9c9c84f89acb1b48c11a7efe2) (TextureImporter) -> (artifact id: 'e48c818ae4404b865ea2b9585426d05c') in 0.0025022 seconds
Start importing Packages/com.unity.inputsystem/InputSystem/Editor/Icons/d_ChevronDown.png using Guid(06ad495fb07444736b59782982d96250) (TextureImporter) -> (artifact id: '3b697b12fa59f16e836e908cf6e3935c') in 0.0021504 seconds
Start importing Packages/com.unity.render-pipelines.core/Editor/LookDev/Icons/d_Add.png using Guid(160b197aba549514286b94426ceae589) (TextureImporter) -> (artifact id: 'c4b41b53eb4eb5bcc390f7fd675263c5') in 0.00331 seconds
Start importing Packages/com.unity.render-pipelines.universal/Textures/DebugFont.tga using Guid(26a413214480ef144b2915d6ff4d0beb) (TextureImporter) -> (artifact id: 'abc35a627854f17f5bdfd11379943aa9') in 0.0024209 seconds
Start importing Packages/com.unity.inputsystem/InputSystem/Editor/Icons/d_Mouse.png using Guid(264ffc05d7d2841d5a6065854b6282ca) (TextureImporter) -> (artifact id: '5cc60a33551a47971b6bad226b9dae6f') in 0.001956 seconds
Start importing Packages/com.unity.render-pipelines.universal/Textures/BlueNoise256/LDR_LLL1_0.png using Guid(36f118343fc974119bee3d09e2111500) (TextureImporter) -> (artifact id: 'ed3e54a4ae26f88acc99ef9a5069089d') in 0.0034755 seconds
Start importing Packages/com.unity.shadergraph/Editor/Resources/GraphView/Nodes/BlackboardFieldPillBackground.png using Guid(56603bbe7a2b54640bbd90104bea4981) (TextureImporter) -> (artifact id: 'deee825800fa26c6972baac64b5017f0') in 0.0022319 seconds
Start importing Packages/com.unity.render-pipelines.core/Editor/LookDev/Icons/d_Camera1.png using Guid(56c35c86bb44b0e4e84a22db56968157) (TextureImporter) -> (artifact id: '67e8ca291561913b1635c95490790ad8') in 0.0023403 seconds
Start importing Packages/com.unity.inputsystem/InputSystem/Editor/Icons/Position.png using Guid(5684eb521fa99491e9061de682d1622e) (TextureImporter) -> (artifact id: '3467a2e29d11360ffea1cfc1cfa4340a') in 0.0017626 seconds
Start importing Packages/com.unity.shadergraph/GraphTemplates/Cross Pipeline/DecalMatProjTemplateThumbnail.png using Guid(5616b96dbeb625c498fdfe9517c1552b) (TextureImporter) -> (artifact id: '0e4462af7e592bb66c18b2823b3c09f0') in 0.0205853 seconds
Start importing Packages/com.unity.render-pipelines.universal/Textures/BlueNoise256/LDR_LLL1_6.png using Guid(56a77a3e8d64f47b6afe9e3c95cb57d5) (TextureImporter) -> (artifact id: '0dbb5c0dfa3807115059e36d866ad698') in 0.0032465 seconds
Start importing Packages/com.unity.render-pipelines.universal/Runtime/2D/Data/Textures/FalloffLookupTexture.png using Guid(5688ab254e4c0634f8d6c8e0792331ca) (TextureImporter) -> (artifact id: '1252f037023b6aa8f4d9da908663f750') in 0.0066677 seconds
Start importing Packages/com.unity.shadergraph/Editor/Resources/Icons/SettingsIcons@2x.png using Guid(66e0f20149bec7a4eaee2f2d8aec158a) (TextureImporter) -> (artifact id: '80135244272a73a0f6cc1d988706a3a4') in 0.0024073 seconds
Start importing Packages/com.unity.render-pipelines.core/Editor/Lighting/Icons/LightUnitIcons/d_ClearSky.png using Guid(76c10465276fcb9498b1fd312e3f74ed) (TextureImporter) -> (artifact id: '8a88dbfe9d430b5a024f01e0ffed0918') in 0.001896 seconds
Start importing Packages/com.unity.render-pipelines.core/Editor/Icons/MipLevels/d_RenderPipelineResources@256.png using Guid(76e81564bded5e442a18ce6964cdaef3) (TextureImporter) -> (artifact id: 'c18d404dfa91d32f9b8a189c720bd01d') in 0.002311 seconds
Start importing Packages/com.unity.inputsystem/InputSystem/Editor/Icons/d_Gamepad.png using Guid(76dc61ff6c2d84b24b0a2ce01dc2842d) (TextureImporter) -> (artifact id: '8199a58201305d3688865a890d89215a') in 0.0018617 seconds
Start importing Packages/com.unity.render-pipelines.core/Editor/Lighting/Icons/LightUnitIcons/d_DirectSunlight.png using Guid(76bf11a78c4428b4eb6b567a160a0c83) (TextureImporter) -> (artifact id: '3b4a24b2db667e15da4b1c68a5f089fb') in 0.0021954 seconds
Start importing Packages/com.unity.inputsystem/InputSystem/Editor/Icons/Add Binding@4x.png using Guid(862c5ca31844d4a6d9aa804af982ce65) (TextureImporter) -> (artifact id: '1d80f14bdfef45ffb2c665cd89e29ff6') in 0.0023054 seconds
Start importing Packages/com.unity.render-pipelines.core/Editor/Lighting/Icons/LightUnitIcons/DirectSunlight.png using Guid(863ef838c25e51b4790fd6ac881ba895) (TextureImporter) -> (artifact id: 'd9500c1d64201453799030851cebd7fa') in 0.0021929 seconds
Start importing Packages/com.unity.inputsystem/InputSystem/Editor/Icons/d_Pen@2x.png using Guid(96f7582a52a6843c09e0c71617e94f2d) (TextureImporter) -> (artifact id: '4080e32daeb68ec48acc2daa5c4e014f') in 0.0020986 seconds
Start importing Packages/com.unity.render-pipelines.universal/Textures/BlueNoise16/L/LDR_LLL1_10.png using Guid(96aaab9cc247d0b4c98132159688c1af) (TextureImporter) -> (artifact id: '9c439d04acba9ce1e3262190114dc9cc') in 0.0017903 seconds
Start importing Packages/com.unity.render-pipelines.core/Runtime/Debugging/Prefabs/Textures/UIFoldoutOpened.png using Guid(a674720496c1ed248a5b7ea3e22a11fd) (TextureImporter) -> (artifact id: '39c36fcafd32c1e5cba4a77f79b83995') in 0.0019462 seconds
Start importing Packages/com.unity.shadergraph/Editor/Resources/Icons/Settings_Flyout_9slice@2x.png using Guid(a6abafca3e442ca4d970a1f8a2c70b0a) (TextureImporter) -> (artifact id: 'f2753c3cc44f6d028821d58b3a78de0b') in 0.0033185 seconds
Start importing Packages/com.unity.collections/Unity.Collections.PerformanceTests/PerformanceTestFrameworkOutputListAdd.png using Guid(a6ecd2aa79759e64ba59ab5f51d661ac) (TextureImporter) -> (artifact id: '8de858f797d5659bbe345f2bfc0fee25') in 0.0097447 seconds
Start importing Packages/com.unity.render-pipelines.core/Editor/Icons/MipLevels/RenderPipelineResources@256.png using Guid(b645d34d84db58a45ac9775bb9a9bc48) (TextureImporter) -> (artifact id: '80690599d71b34400b7bfba1df5c9dce') in 0.0028045 seconds
Start importing Packages/com.unity.inputsystem/InputSystem/Editor/Icons/d_Dpad.png using Guid(b60b9eb0384c345c89435d0982a6e4fd) (TextureImporter) -> (artifact id: '14dd0497d93bff3cb7c8b72d7e5de3b4') in 0.0016854 seconds
Start importing Packages/com.unity.shadergraph/GraphTemplates/BuiltIn/BuiltInUnlitBasicTemplateThumbnail.png using Guid(e6831b07772f59844b5c282e8a4aa736) (TextureImporter) -> (artifact id: 'fa50a20b8bfa61029d6e697b5b20889e') in 0.0136711 seconds
Start importing Packages/com.unity.render-pipelines.universal/Textures/BlueNoise16/L/LDR_LLL1_5.png using Guid(e63eef8f54aa9dc4da9a5ac094b503b5) (TextureImporter) -> (artifact id: 'e3e6555aa2b1eb7530c7e392d1bbf1f3') in 0.0020185 seconds
Start importing Packages/com.unity.render-pipelines.core/Editor/Lighting/Icons/LightUnitIcons/d_Moonlight.png using Guid(f64528e1d51f6d74c9f7a1738deaa602) (TextureImporter) -> (artifact id: 'bec522cd37dbc819018bc24148d3dce6') in 0.0027817 seconds
Start importing Packages/com.unity.render-pipelines.universal/Textures/BlueNoise16/L/LDR_LLL1_22.png using Guid(f69770e54f2823f43badf77916acad83) (TextureImporter) -> (artifact id: '00b5bcc36d41aaea5b176200a050631b') in 0.001854 seconds
Start importing Packages/com.unity.render-pipelines.core/Editor/Lighting/Icons/DownSnatchFocused.png using Guid(f6ca176a623705248878abeaf560002a) (TextureImporter) -> (artifact id: '98d5217650f61d570aeec7a3183e9802') in 0.0020303 seconds
Start importing Packages/com.unity.render-pipelines.core/Editor/Icons/MipLevels/d_RenderPipelineResources@128.png using Guid(07d524f53c3f0a24b952dad4f0d95192) (TextureImporter) -> (artifact id: '6931261b16e757da5fbb13641dfe7628') in 0.0020321 seconds
Start importing Packages/com.unity.collections/Unity.Collections.PerformanceTests/PerformanceTestFrameworkOutputFixedSize.png using Guid(079c3d43b74823a41bb33198b8221c23) (TextureImporter) -> (artifact id: '4fb28f2b56e5366e184f997fb27a3c01') in 0.0147295 seconds
Start importing Packages/com.unity.render-pipelines.universal/Textures/BlueNoise16/L/LDR_LLL1_9.png using Guid(071e954febf155243a6c81e48f452644) (TextureImporter) -> (artifact id: '24f518eb3b70368e45a3d1af04282d6d') in 0.0021214 seconds
Start importing Packages/com.unity.inputsystem/InputSystem/Editor/Icons/d_Pen@3x.png using Guid(17b3fef87d666459d860ad88452862da) (TextureImporter) -> (artifact id: 'bc6ac2f842f91b7d8021407c1d991d64') in 0.0024407 seconds
Start importing Packages/com.unity.inputsystem/InputSystem/Editor/Icons/Gamepad.png using Guid(17c8753d0e5e24194b06404851be7f13) (TextureImporter) -> (artifact id: '638874a55e58aac3def6b75b9f2ae7b4') in 0.0021992 seconds
Start importing Packages/com.unity.shadergraph/Editor/Resources/Icons/sg_graph_icon.png using Guid(170afdc32bbba284e8d0740a464b9fbd) (TextureImporter) -> (artifact id: '692edf2e8751f8a79ac0c14f485bcd47') in 0.0026362 seconds
Start importing Packages/com.unity.render-pipelines.core/Editor/Icons/MipLevels/RenderGraphViewer/d_PassInspector@16.png using Guid(179c26b8104e4a84bb9ba82aa6ec463b) (TextureImporter) -> (artifact id: '6c09445d2da0e81ea9fe35d11ec661e7') in 0.0021835 seconds
Start importing Packages/com.unity.render-pipelines.universal/Textures/BlueNoise16/L/LDR_LLL1_31.png using Guid(179f794063d2a66478e6e726f84a65bc) (TextureImporter) -> (artifact id: '7388411c6f6642eed20feffffe03997b') in 0.0016519 seconds
Start importing Packages/com.unity.inputsystem/InputSystem/Editor/Icons/d_Axis@2x.png using Guid(27163f3cda5b9431d928f2b33eeb5cf1) (TextureImporter) -> (artifact id: 'ca01c43c569994ac5629289a58188349') in 0.0022131 seconds
Start importing Packages/com.unity.inputsystem/InputSystem/Editor/Icons/d_Joystick@2x.png using Guid(27fa98be5deb54cbf9c11ffc540272b2) (TextureImporter) -> (artifact id: 'bce67e020b0847da4619be58a9966b43') in 0.0019221 seconds
Start importing Packages/com.unity.render-pipelines.core/Editor/Lighting/Icons/d_LightPlacement_Icon On@16.png using Guid(27ddd7fccc437254da38f2ffe1983567) (TextureImporter) -> (artifact id: '8bd4d607b7df017fa2280ffd3186269b') in 0.001837 seconds
Start importing Packages/com.unity.render-pipelines.core/Editor/PostProcessing/LensFlareResource/CircleFlareThumbnail@2x.png using Guid(37e93113453ac0d46863acd4090899c8) (TextureImporter) -> (artifact id: '081ae6935b257992c7761d7a65645c8a') in 0.0022793 seconds
Start importing Packages/com.unity.render-pipelines.core/Editor/Lighting/Icons/LightUnitIcons/VeryBrightSun@2x.png using Guid(37ca6c7ad753f1648a24db2b740ba2ca) (TextureImporter) -> (artifact id: 'b9cb999c657eb25a222fdf92a22bb93a') in 0.0023477 seconds
Start importing Packages/com.unity.render-pipelines.universal/Textures/BlueNoise16/L/LDR_LLL1_14.png using Guid(47a45908f6db0cb44a0d5e961143afec) (TextureImporter) -> (artifact id: 'ce243ba8ca5566afd2a25ec82c3750fb') in 0.001806 seconds
Start importing Packages/com.unity.render-pipelines.core/Editor/LookDev/Icons/d_LayoutVertical@2x.png using Guid(472b4042959bbd844b8fd760bddd7a47) (TextureImporter) -> (artifact id: 'fb92d3e63dbde3c75d29e7c528f87a09') in 0.0021085 seconds
Start importing Packages/com.unity.inputsystem/InputSystem/Editor/AssetEditor/PackageResources/yellow.png using Guid(47cf506b4219343519083fe1c0b8fc9c) (TextureImporter) -> (artifact id: 'c03c3f60f7a1d4cedfe11e498e334896') in 0.0016702 seconds
Start importing Packages/com.unity.shadergraph/Editor/Resources/Icons/Settings_Flyout_9slice.png using Guid(57517c89a809f44458493cef0310e46f) (TextureImporter) -> (artifact id: 'ae43940c7749f94e241beb57259caac7') in 0.0020051 seconds
Start importing Packages/com.unity.inputsystem/InputSystem/Editor/Icons/ChevronUp@2x.png using Guid(57dfdce0eaf2f48a9bd9e60e920e446b) (TextureImporter) -> (artifact id: '03baf61994c2e3c05a74d9536c0446d2') in 0.0015725 seconds
Start importing Packages/com.unity.render-pipelines.core/Editor/Icons/MipLevels/d_Volume@32.png using Guid(675ff9ea9d96a004a85fc91680242734) (TextureImporter) -> (artifact id: '5fa2322fd42604760424c25bb44664c5') in 0.0020568 seconds
Start importing Packages/com.unity.render-pipelines.core/Editor/Lighting/Icons/LightPlacement_Icon.png using Guid(77f3e0d20577fcd4ebb29c14ff5d58c7) (TextureImporter) -> (artifact id: 'aeffbba378265591490b051ce9d66359') in 0.0016602 seconds
Start importing Packages/com.unity.inputsystem/InputSystem/Editor/Icons/Keyboard@2x.png using Guid(87ae93efe5d3b4262995b0acdc987d88) (TextureImporter) -> (artifact id: '2e6f1f3a6d2101d4b2ca084890b3b1b9') in 0.0015716 seconds
Start importing Packages/com.unity.inputsystem/InputSystem/Editor/Icons/Mouse@2x.png using Guid(9721efa02e520488d96c36460fe7e4a6) (TextureImporter) -> (artifact id: '4c2c14f00e0139370cbcb64bfad3bcfc') in 0.0018031 seconds
Start importing Packages/com.unity.ugui/Editor Resources/Gizmos/TMP - Dropdown Icon.psd using Guid(a7ec9e7ad8b847b7ae4510af83c5d868) (TextureImporter) -> (artifact id: '7e1882bee782464aa59eb0594b60f6f5') in 0.0022992 seconds
Start importing Packages/com.unity.render-pipelines.core/Editor/LookDev/Icons/d_LayoutCustom@2x.png using Guid(b753c88a6aeb2674fa1d4f0a4c0a285a) (TextureImporter) -> (artifact id: '1a5f014418fe3822094483543921f7f5') in 0.0017752 seconds
Start importing Packages/com.unity.ugui/Editor Resources/Textures/btn_AlignCenterGeo.psd using Guid(c76700ea0062413d9f69409b4e9e151b) (TextureImporter) -> (artifact id: '056c83fafe135eac44bb89b8e0849e7e') in 0.0020607 seconds
Start importing Packages/com.unity.render-pipelines.core/Editor/Lighting/Icons/d_LightPlacement_Icon@128.png using Guid(c7cdaebf43bf99948bf392ce8f4088af) (TextureImporter) -> (artifact id: '58ca6c60401ab028d826f99bc4abfda7') in 0.0023325 seconds
Start importing Packages/com.unity.inputsystem/InputSystem/Editor/AssetEditor/PackageResources/pink.png using Guid(d7b144323984d4298924c65ed071dea1) (TextureImporter) -> (artifact id: '1a504c3275ab91d31f0f2bbb74f6fa05') in 0.0017957 seconds
Start importing Packages/com.unity.render-pipelines.core/Editor/Icons/MipLevels/d_Volume@128.png using Guid(d765b90a4ccbfae4ba0b8512144b99f0) (TextureImporter) -> (artifact id: '291c3264a5b2cace58efd1c21c5356cc') in 0.0018985 seconds
Start importing Packages/com.unity.inputsystem/InputSystem/Editor/Icons/Dpad@4x.png using Guid(d7073cfe15a1a48bfb7ff59225052484) (TextureImporter) -> (artifact id: '80376223cab94ec9982ac1423159b99a') in 0.0017846 seconds
Start importing Packages/com.unity.render-pipelines.core/Editor/PostProcessing/LensFlareResource/Flare128.png using Guid(d7b90718ad2a7af4aab8546a0897d5db) (TextureImporter) -> (artifact id: '0e2099e4bb84bb31103085ad16dfcb93') in 0.0023145 seconds
Start importing Packages/com.unity.render-pipelines.core/Editor/Lighting/Icons/LightUnitIcons/d_SunriseSunset@2x.png using Guid(e737fd1dd31046c4da43e8ba94fdaf63) (TextureImporter) -> (artifact id: 'c592e5a9ee332df34784bdcf9b52eb82') in 0.0021523 seconds
Start importing Packages/com.unity.inputsystem/InputSystem/Editor/Icons/d_Touch@3x.png using Guid(e77ee65b5139048949dc0ac5614efeec) (TextureImporter) -> (artifact id: '33d2a284f4a5769636ba4f46ff1394a4') in 0.0018102 seconds
Start importing Packages/com.unity.inputsystem/InputSystem/Editor/Icons/Dpad.png using Guid(e76f0489d4db34a2fbc3532e07f2848a) (TextureImporter) -> (artifact id: 'ec63ed104cea14ff5a7a51c21a301cd9') in 0.0016928 seconds
Start importing Packages/com.unity.shadergraph/GraphTemplates/Cross Pipeline/TerrainSimpleTemplateThumbnail.png using Guid(f7b60a412d492fa4a96583e253626880) (TextureImporter) -> (artifact id: '1f8f5189a4b28ad0338d6fab10400d81') in 0.0254224 seconds
Start importing Packages/com.unity.render-pipelines.core/Editor/Lighting/Icons/d_LightPlacement_Icon@16.png using Guid(f75902f05f887d847bd7573bdac61eca) (TextureImporter) -> (artifact id: '726cfd68a6464d8fc832cc5b54f82769') in 0.00256 seconds
Start importing Packages/com.unity.render-pipelines.core/Editor/Lighting/Icons/LightUnitIcons/d_CloudySky@2x.png using Guid(088373792f5db604fa5b045cb5dff9c9) (TextureImporter) -> (artifact id: '1a2ac1d24886aea50c4494ba86387195') in 0.0023774 seconds
Start importing Packages/com.unity.render-pipelines.core/Editor/Lighting/Icons/LightUnitIcons/d_VeryBrightSun.png using Guid(083778a134a402a4f82b55a98ac21530) (TextureImporter) -> (artifact id: 'd788d48a2c0b92bc80cdce20fa14f519') in 0.0024832 seconds
Start importing Packages/com.unity.inputsystem/InputSystem/Editor/Icons/InputControl@4x.png using Guid(08c99f7c2a7fa410d8567323e32ad5f5) (TextureImporter) -> (artifact id: 'e5b0e615b1dab04c7fb4fb308b7b8f04') in 0.0022699 seconds
Start importing Packages/com.unity.inputsystem/InputSystem/Editor/Icons/Joystick@2x.png using Guid(18e45e1f11fae429c80c200cca8e0b4c) (TextureImporter) -> (artifact id: '7631d849efcebdb0743a670ce1308588') in 0.0024257 seconds
Start importing Packages/com.unity.shadergraph/Editor/Resources/Icons/sg_subgraph_icon_gray_dark.png using Guid(18c6490536702e840b89a326d93a92a1) (TextureImporter) -> (artifact id: '203f7df32d365c1818aa342479f64156') in 0.0022458 seconds
Start importing Packages/com.unity.ugui/Editor Resources/Textures/btn_AlignBaseLine_Light.psd using Guid(18775b51e3bd42299fd30bd036ea982f) (TextureImporter) -> (artifact id: 'd3f6574098cbd7890f64c4c6a5a44e02') in 0.0026063 seconds
Start importing Packages/com.unity.render-pipelines.core/Editor/LookDev/Icons/d_Camera2.png using Guid(281160d54742cbb44a88a61bf8ccfb16) (TextureImporter) -> (artifact id: 'b1ccc5c09b57eb1349c71004b9797b8a') in 0.002196 seconds
Start importing Packages/com.unity.render-pipelines.core/Editor/LookDev/Icons/Camera2@2x.png using Guid(28f2917353630ce4fa307eeceadcd26d) (TextureImporter) -> (artifact id: '2b55dcf1351c8583f563bf98b20919b4') in 0.0023168 seconds
Start importing Packages/com.unity.render-pipelines.core/Editor/LookDev/Icons/d_RightArrow@2x.png using Guid(28d47cbaafc98254f8d4f6184dff22cd) (TextureImporter) -> (artifact id: '971d0fca2afabcf938ca2127abfc3182') in 0.0025555 seconds
Start importing Packages/com.unity.render-pipelines.core/Editor/Icons/MipLevels/d_VolumeProfile@64.png using Guid(2889bb1951831234789d947901bce53e) (TextureImporter) -> (artifact id: '22b5b4096fd6856f623b9bc4c606307e') in 0.0024693 seconds
Start importing Packages/com.unity.render-pipelines.core/Editor/Icons/RenderGraphViewer/Texture@2x.png using Guid(38d7c20ac7a9de246a75479d66d518fd) (TextureImporter) -> (artifact id: '78700e715b1ec4773bb0a4198f95c0a6') in 0.0025093 seconds
Start importing Packages/com.unity.ugui/Editor Resources/Textures/btn_AlignTop.psd using Guid(48d034c499ee4697af9dd6e327110249) (TextureImporter) -> (artifact id: '967aa5640759c1d8bb9da284c44c8a40') in 0.0024177 seconds
Start importing Packages/com.unity.render-pipelines.core/Editor/Icons/MipLevels/RenderGraphViewer/PassInspector@16.png using Guid(48b566d9e8cf828409d6879b70fe00b5) (TextureImporter) -> (artifact id: 'b9a732c275c1804839cc9d223b272d98') in 0.0024923 seconds
Start importing Packages/com.unity.inputsystem/InputSystem/Editor/Icons/Touch.png using Guid(588041e6f0efb43489b38677e0aac58f) (TextureImporter) -> (artifact id: '2bdfa9223a3796ef2a3eaaebe40a0460') in 0.001885 seconds
Start importing Packages/com.unity.inputsystem/InputSystem/Editor/Icons/Stick@2x.png using Guid(5881d226463a047cb8db57c9cb0ebc0f) (TextureImporter) -> (artifact id: 'a720a15c649a920a8488a1c6400f5320') in 0.0024215 seconds
Start importing Packages/com.unity.inputsystem/InputSystem/Editor/Icons/Dpad@2x.png using Guid(5806833d077654e5784b7cbf3e722f58) (TextureImporter) -> (artifact id: '451bf0524f7112f2d854da06fb435236') in 0.0019701 seconds
Start importing Packages/com.unity.ugui/Editor Resources/Textures/btn_AlignBottom_Light.psd using Guid(585b70cb75dd43efbfead809c30a1731) (TextureImporter) -> (artifact id: 'd558aedbde7f50453fc4cd307ea07817') in 0.0023264 seconds
Start importing Packages/com.unity.render-pipelines.universal/Editor/2D/Resources/InspectorIcons/FreeformLight.png using Guid(68e5bb6e60bebc046b26d3c3100a523b) (TextureImporter) -> (artifact id: '8b427a1189375a17f3a2a945ce9a3094') in 0.0021665 seconds
Start importing Packages/com.unity.render-pipelines.core/Editor/Icons/RenderGraphViewer/AccelerationStructure@2x.png using Guid(78c530431f09533469990aeb78f31210) (TextureImporter) -> (artifact id: 'd891958e531e13192e3fdeaf1a6c00fc') in 0.002354 seconds
Start importing Packages/com.unity.shadergraph/GraphTemplates/default_vfx_msk.png using Guid(788b35e8fa5154559af342abaf8be483) (TextureImporter) -> (artifact id: '6df2f43d7b58ad0403baa18b53a7a0a4') in 0.0018535 seconds
Start importing Packages/com.unity.render-pipelines.universal/Editor/2D/Resources/InspectorIcons/SpriteLight.png using Guid(8839c54710da3374f994e12f39b6d65f) (TextureImporter) -> (artifact id: '1d208918e4115826671e063c04d41f9f') in 0.0021514 seconds
Start importing Packages/com.unity.shadergraph/Editor/Resources/GraphView/Nodes/PreviewExpand@2x.png using Guid(88995b00867befb41adaada22f8abc21) (TextureImporter) -> (artifact id: 'cceb7d53d74c50cf42f0586ee5f8407c') in 0.0021237 seconds
Start importing Packages/com.unity.render-pipelines.core/Editor/Icons/RenderGraphViewer/PassInspector@2x.png using Guid(881eb9c95b9a018479a89b9218d61928) (TextureImporter) -> (artifact id: '4a4b2d1a5c524377a9370031ca16d93e') in 0.0018924 seconds
Start importing Packages/com.unity.render-pipelines.core/Editor/Icons/MipLevels/d_VolumeProfile@128.png using Guid(98c28ecf0d815cc49b6868def3e52f49) (TextureImporter) -> (artifact id: 'f1184f526d04ac4ce9f13bbca8e101d2') in 0.0019848 seconds
Start importing Packages/com.unity.render-pipelines.core/Editor/Icons/RenderGraphViewer/d_FramebufferFetch@2x.png using Guid(986528338c7e82b42b466e23ac6fbb96) (TextureImporter) -> (artifact id: '09368e3594d45deb0eda7fe8a281845e') in 0.0020088 seconds
Start importing Packages/com.unity.render-pipelines.core/Editor/LookDev/Icons/d_Layout2.png using Guid(98b5b3e7c51d32547b9b09232034b5d5) (TextureImporter) -> (artifact id: '412da1b7fe9a83d8c1955081479358f7') in 0.0018657 seconds
Start importing Packages/com.unity.inputsystem/InputSystem/Editor/Icons/ChevronDown@3x.png using Guid(985cbca1705a64c80b370afdb30b3ee7) (TextureImporter) -> (artifact id: 'b9bcf042b7cd7be0687e4a3e249e4aa6') in 0.0020527 seconds
Start importing Packages/com.unity.render-pipelines.core/Editor/LookDev/Icons/d_Environment.png using Guid(98cefb354c00bc44cb31fffd52dc4650) (TextureImporter) -> (artifact id: 'ee66d4702a41a211b0ed6fb568595efe') in 0.0020822 seconds
Start importing Packages/com.unity.inputsystem/InputSystem/Editor/Icons/d_ChevronUp@2x.png using Guid(a89bfcdeffde84e7ebf930d44b695435) (TextureImporter) -> (artifact id: 'a5dd5b92a6924be99b837c0a09ea59d0') in 0.0019115 seconds
Start importing Packages/com.unity.render-pipelines.core/Editor/Icons/MipLevels/RenderGraphViewer/Resources@16.png using Guid(b8c995bb50a162c44b289f34d129328f) (TextureImporter) -> (artifact id: '3c114d2d0eb8f3534dfc234d29576194') in 0.0038435 seconds
Start importing Packages/com.unity.shadergraph/Editor/Resources/Icons/settingsbutton.png using Guid(c881a10bb6578f04ba6d52f6c3f0c9d6) (TextureImporter) -> (artifact id: 'e2c54f2b64051dab893c97070cf07ac3') in 0.0025138 seconds
Start importing Packages/com.unity.render-pipelines.core/Editor/Lighting/Icons/PresetFill_Right.png using Guid(c8e3d80f5ead8d4409a54da768cc431d) (TextureImporter) -> (artifact id: 'b897f93c9b1384c7209775fdd8116401') in 0.0021613 seconds
Start importing Packages/com.unity.render-pipelines.universal/Editor/2D/Resources/SceneViewIcons/FreeformLight.png using Guid(c89564426827c76479d8772adb43e6e4) (TextureImporter) -> (artifact id: 'db57456692370176835df4a11dd33aeb') in 0.0038736 seconds
Start importing Packages/com.unity.inputsystem/InputSystem/Editor/Icons/d_Joystick@4x.png using Guid(d88596134c72c47b99d7d55583f4c6bf) (TextureImporter) -> (artifact id: '022604a99e9df18cf819d77243e9c47c') in 0.0017382 seconds
Start importing Packages/com.unity.render-pipelines.core/Editor/Lighting/Icons/LightUnitIcons/Moonlight@2x.png using Guid(d8bb1a60805d8d241acc12f74cd3b2d5) (TextureImporter) -> (artifact id: '5ac47e0af68b0c6f00797693fdb6494b') in 0.0018292 seconds
Start importing Packages/com.unity.render-pipelines.core/Editor/Lighting/Icons/LightUnitIcons/SunriseSunset.png using Guid(d8ee4aa2fab810242a1ff465e662bc09) (TextureImporter) -> (artifact id: '467c676ea6db51a006574754594c75cd') in 0.0019765 seconds
Start importing Packages/com.unity.render-pipelines.core/Editor/Icons/RenderGraphViewer/d_MemorylessTexture@2x.png using Guid(e813aef83a70543b79d435ef65ec86ee) (TextureImporter) -> (artifact id: '4b13a49e3e68a1c2fe4ca17c099e8388') in 0.001853 seconds
Start importing Packages/com.unity.render-pipelines.core/Editor/LookDev/Icons/Camera2.png using Guid(e89a31db98e403b40af1a8f0ef9ae1ef) (TextureImporter) -> (artifact id: 'bccb9f8e5c6e3d641349581448d83fe2') in 0.0023032 seconds
Start importing Packages/com.unity.render-pipelines.core/Editor/Lighting/Icons/d_LightPlacement_Icon@256.png using Guid(e8daef37e2419284e8b319261203d5c3) (TextureImporter) -> (artifact id: 'b5edd11d9cc7bb5bc90816c1dd45f1bc') in 0.0034254 seconds
Start importing Packages/com.unity.inputsystem/InputSystem/Editor/Icons/d_Button@2x.png using Guid(0962795d1cafc460b9027de55b1c0a80) (TextureImporter) -> (artifact id: 'd72621e9f8aa10dad55ab088b1fcd945') in 0.0020015 seconds
Start importing Packages/com.unity.inputsystem/InputSystem/Editor/Icons/d_Mouse@4x.png using Guid(1918e7bff8ff44878a0003977ca03971) (TextureImporter) -> (artifact id: '88225dc6433d8edc3e8c21c12daf61d0') in 0.0021538 seconds
Start importing Packages/com.unity.render-pipelines.core/Editor/Lighting/Icons/LightPlacement_Icon@32.png using Guid(396033515c05b1441a3451ea18bb8e27) (TextureImporter) -> (artifact id: 'a6609fea653fde1c8de0bf555a4b4703') in 0.0020106 seconds
Start importing Packages/com.unity.render-pipelines.core/Editor/Icons/MipLevels/RenderPipelineResources@32.png using Guid(39013bef60270164e94ccd21c1edb486) (TextureImporter) -> (artifact id: 'a7971e0a62938ae03458e1c26cc3c300') in 0.0019499 seconds
Start importing Packages/com.unity.render-pipelines.core/Editor/Lighting/Icons/LightUnitIcons/d_DirectSunlight@2x.png using Guid(392581b798d70d0408e104d352ffb20b) (TextureImporter) -> (artifact id: '967f597c519e70ded69623ec0b8940ac') in 0.0026062 seconds
Start importing Packages/com.unity.render-pipelines.universal/Textures/BlueNoise16/L/LDR_LLL1_6.png using Guid(39451254daebd6d40b52899c1f1c0c1b) (TextureImporter) -> (artifact id: 'fc1a41c9f43a82c674fef82211e0dda7') in 0.0022219 seconds
Start importing Packages/com.unity.inputsystem/InputSystem/Editor/Icons/d_InputControl.png using Guid(399cd90f4e31041e692a7d3a8b1aa4d0) (TextureImporter) -> (artifact id: 'dd1deb6cc9fd7cbad50907aee082967c') in 0.0027773 seconds
Start importing Packages/com.unity.render-pipelines.core/Editor/Lighting/Icons/LightUnitIcons/d_Shade@2x.png using Guid(49e4a0929afd1ae4283e4657bc636f9e) (TextureImporter) -> (artifact id: '9c3943c943f5fd05448f73cd17ef2a41') in 0.002708 seconds
Start importing Packages/com.unity.ugui/Editor Resources/Textures/btn_AlignCapLine_Light.psd using Guid(49679f302ac6408697f6b9314a38985c) (TextureImporter) -> (artifact id: '35d31ca26e61c4bfdda1fc343e3eafb9') in 0.0022748 seconds
Start importing Packages/com.unity.render-pipelines.universal/Editor/ShaderGraph/GraphTemplates/2D/2DSpriteLitTemplateThumbnail.png using Guid(494ba6900e1d9f34da743bb68ff82ddb) (TextureImporter) -> (artifact id: 'f730285adfe336dd25c0f4d8af2b9d59') in 0.0215102 seconds
Start importing Packages/com.unity.render-pipelines.core/Editor/Lighting/Icons/LightUnitIcons/d_ClearSky@2x.png using Guid(490d69b278eff784b85feca736d57389) (TextureImporter) -> (artifact id: 'e8617f4d471f7066a1a2135edc8cfb9a') in 0.0024056 seconds
Start importing Packages/com.unity.shadergraph/Editor/Resources/GraphView/Nodes/NodeChevronUp.png using Guid(59e85404e1156534e84e3f06ad9d3bff) (TextureImporter) -> (artifact id: '8740ce97815ce379bdf9ed9199f80fa9') in 0.0022354 seconds
Start importing Packages/com.unity.render-pipelines.core/Editor/Icons/MipLevels/d_Volume@16.png using Guid(6941712a966fa924d92b6855f339379e) (TextureImporter) -> (artifact id: 'd6a54958aaf689c04286d1d20947aba9') in 0.0017559 seconds
Start importing Packages/com.unity.ugui/Editor Resources/Textures/btn_AlignFlush.psd using Guid(691475c57a824010be0c6f474caeb7e1) (TextureImporter) -> (artifact id: 'bee2dc78543db0aeef652a5f2e485818') in 0.0019255 seconds
Start importing Packages/com.unity.render-pipelines.core/Editor/Lighting/Icons/LightUnitIcons/d_MediumAreaLight@2x.png using Guid(79474406bb16ef9439655eb4b419b6a8) (TextureImporter) -> (artifact id: '73e76ecfb89ffcf1c933de1d29730594') in 0.0018704 seconds
Start importing Packages/com.unity.render-pipelines.core/Editor/LookDev/Icons/Add@2x.png using Guid(79aba0b290c471c4ba3d3f818d4e9b15) (TextureImporter) -> (artifact id: '9ab3d451cec850e496d230f615345be4') in 0.0019749 seconds
Start importing Packages/com.unity.render-pipelines.core/Editor/LookDev/Icons/RenderDoc@2x.png using Guid(89608b060fc7279479398a62e245a409) (TextureImporter) -> (artifact id: '2fc764fbb60f9564d490d31bca41df31') in 0.001862 seconds
Start importing Packages/com.unity.render-pipelines.core/Editor/Lighting/Icons/LightUnitIcons/d_BlueSky.png using Guid(8991eaef2ed56cc45b9a80b50fbca5e2) (TextureImporter) -> (artifact id: '1d781f81557b855d6afcfaca3b787cab') in 0.0021957 seconds
Start importing Packages/com.unity.render-pipelines.core/Editor/Lighting/Icons/d_LightPlacement_Icon On@128.png using Guid(89282aabe914d244b839ba4652477f23) (TextureImporter) -> (artifact id: '0218cad4796757edae31f17bafa2ee34') in 0.0021069 seconds
Start importing Packages/com.unity.shadergraph/Editor/Resources/Icons/sg_subgraph_icon@2x.png using Guid(890b62dea83f90749a7d048c0e5c298b) (TextureImporter) -> (artifact id: '8ab6cd0400dd3cebf943f33a0f63d0f2') in 0.0024594 seconds
Start importing Packages/com.unity.render-pipelines.universal/Textures/BlueNoise16/L/LDR_LLL1_30.png using Guid(896d9004736809c4fb5973b7c12eb8b9) (TextureImporter) -> (artifact id: 'b45b5c8b75dafb8afd13b9131e19d502') in 0.0015256 seconds
Start importing Packages/com.unity.render-pipelines.universal/Textures/FilmGrain/Medium03.png using Guid(9930fb4528622b34687b00bbe6883de7) (TextureImporter) -> (artifact id: '66ecc904b495eac68a706e2e119132fb') in 0.0062168 seconds
Start importing Packages/com.unity.render-pipelines.universal/Editor/Gizmos/Camera_Offscreen.png using Guid(99c1f1ec31ff9924e9a75aff82e6b986) (TextureImporter) -> (artifact id: 'd8e2d6249884a61e5b8ec789d3dde09d') in 0.0030155 seconds
Start importing Packages/com.unity.render-pipelines.core/Editor/LookDev/Icons/d_RightArrow.png using Guid(99e5d180080c96940a65c6d906ff9131) (TextureImporter) -> (artifact id: '43ed806b8ef92bccb71d7a3288752e62') in 0.0019707 seconds
Start importing Packages/com.unity.render-pipelines.core/Editor/LookDev/Icons/d_Camera2@2x.png using Guid(99d7e777338ab8f4ba890cc738794dba) (TextureImporter) -> (artifact id: 'bd8096914efac7589cae8b73fe683903') in 0.0023855 seconds
Start importing Packages/com.unity.inputsystem/InputSystem/Editor/Icons/Axis@4x.png using Guid(a940917cc397643afb071010cb2143d9) (TextureImporter) -> (artifact id: 'd2375ce09227386ed13c124154bd81ed') in 0.0025148 seconds
Start importing Packages/com.unity.inputsystem/InputSystem/Editor/Icons/ChevronUp.png using Guid(a9fe7c3d19af4432b9ae2a5172f4ea72) (TextureImporter) -> (artifact id: 'a43cbe5ad7d09432a592086ec280ea48') in 0.0024627 seconds
Start importing Packages/com.unity.render-pipelines.core/Editor/Lighting/Icons/LightUnitIcons/d_Fluorescent.png using Guid(b95665ddb99de4945b528a188a1c41c7) (TextureImporter) -> (artifact id: '6a740a154e5d8dd5f21874d8fb33f260') in 0.0020973 seconds
Start importing Packages/com.unity.render-pipelines.core/Editor/Lighting/Icons/LightUnitIcons/BrightSky.png using Guid(b93b6450b9bd1f44da176ac4a821c3e8) (TextureImporter) -> (artifact id: '8fdb8b1b10a0e24afae74c3e75f4b198') in 0.0019846 seconds
Start importing Packages/com.unity.render-pipelines.core/Editor/Icons/MipLevels/RenderGraphViewer/PassInspector@32.png using Guid(b9ac6ad13d9312941912fc855a3bcc41) (TextureImporter) -> (artifact id: '98314d9de1341bc49d6e44e0e422755a') in 0.0026446 seconds
Start importing Packages/com.unity.render-pipelines.core/Editor/Icons/MipLevels/RenderGraphViewer/d_PassInspector@32.png using Guid(b98f3689f42be914d9c9db64ff280951) (TextureImporter) -> (artifact id: 'b39ce5fdc422217950a00fb6ed06e20e') in 0.0019125 seconds
Start importing Packages/com.unity.shadergraph/Editor/Resources/GraphView/Nodes/NodeChevronDown@2x.png using Guid(c951fed1cf039c7439a755e2ca108e4a) (TextureImporter) -> (artifact id: '107457f9a8e56a036e42f263c7a60a05') in 0.002337 seconds
Start importing Packages/com.unity.inputsystem/InputSystem/Editor/Icons/d_Orientation.png using Guid(c933c2bcad7ef46309fde7c1cf11b39a) (TextureImporter) -> (artifact id: '950627998b7326820cedcc426b8fee8d') in 0.0016311 seconds
Start importing Packages/com.unity.inputsystem/InputSystem/Editor/Icons/Position@4x.png using Guid(c998b283038914e699477f514ecb31ac) (TextureImporter) -> (artifact id: '23f7b6abedc31791c71b589b63596bb0') in 0.0019668 seconds
Start importing Packages/com.unity.render-pipelines.universal/Textures/BlueNoise16/L/LDR_LLL1_27.png using Guid(c989e1ed85cf7154caa922fec53e6af6) (TextureImporter) -> (artifact id: '114be6f2d868ddd7416ca67a050f3dd1') in 0.0017619 seconds
Start importing Packages/com.unity.render-pipelines.universal/Textures/BlueNoise16/L/LDR_LLL1_7.png using Guid(c94ad916058dff743b0f1c969ddbe660) (TextureImporter) -> (artifact id: '584946f108755fa789d3f8576a307f22') in 0.0017808 seconds
Start importing Packages/com.unity.render-pipelines.universal/Textures/BlueNoise16/L/LDR_LLL1_20.png using Guid(c9bd74624d8070f429e3f46d161f9204) (TextureImporter) -> (artifact id: '8c3cb442ed7f2902674169c90441f002') in 0.0022718 seconds
Start importing Packages/com.unity.render-pipelines.core/Editor/LookDev/Icons/Layout2.png using Guid(d9658be087f390f46bfefa8cb32bbaa6) (TextureImporter) -> (artifact id: '06a9697816150f1523d6338c7651d369') in 0.0020682 seconds
Start importing Packages/com.unity.render-pipelines.universal/Editor/2D/Resources/InspectorIcons/ParametricLight.png using Guid(e957854850ccb7140a538f7a93f8761b) (TextureImporter) -> (artifact id: 'aac8c918b2c33c61b135c21ef1936289') in 0.0017561 seconds
Start importing Packages/com.unity.render-pipelines.core/Editor/Icons/MipLevels/d_VolumeProfile@256.png using Guid(e9cd351a12d48ed4caa2d4ed2d8f02b8) (TextureImporter) -> (artifact id: '19e69269891ca29c3902b90e99331730') in 0.0023874 seconds
Start importing Packages/com.unity.render-pipelines.core/Editor/LookDev/Icons/Rotation@2x.png using Guid(e9af78578671a3345b8cbf82f1f030b5) (TextureImporter) -> (artifact id: '7014c305b086463a68c0162fcf1e5056') in 0.0025275 seconds
Start importing Packages/com.unity.render-pipelines.core/Editor/PostProcessing/LensFlareResource/Flare.png using Guid(f92291bf6b5265641ab4f39a5d41fbf4) (TextureImporter) -> (artifact id: '162e9e00dbc4fc687648d479a053b625') in 0.0028387 seconds
Start importing Packages/com.unity.render-pipelines.universal/Textures/BayerMatrix.png using Guid(f9ee4ed84c1d10c49aabb9b210b0fc44) (TextureImporter) -> (artifact id: 'e9dc8176b8e867fc310c2fe8e82bd34c') in 0.0015611 seconds
Start importing Packages/com.unity.inputsystem/InputSystem/Editor/Icons/d_Pen@4x.png using Guid(0aec7c7bf99354f66bc2a1d18bd0b4d2) (TextureImporter) -> (artifact id: '5b27f7b467e1c7c77835f4f589384066') in 0.002082 seconds
Start importing Packages/com.unity.render-pipelines.core/Editor/Lighting/Icons/LightUnitIcons/SunriseSunset@2x.png using Guid(1ade1fa63a0a72f46be69e4ae5e83314) (TextureImporter) -> (artifact id: '738a7c8248e4accec4311280237f99e9') in 0.0016353 seconds
Start importing Packages/com.unity.render-pipelines.core/Editor/Lighting/Icons/LightUnitIcons/d_Candlelight@2x.png using Guid(2ae1ad1a228a66a479d96cae55499c4a) (TextureImporter) -> (artifact id: '87d8722e3dd958bc133ba76ebc4dc013') in 0.0017421 seconds
Start importing Packages/com.unity.inputsystem/InputSystem/Editor/Icons/Button.png using Guid(2a5d0a7febdc741039abf135883517e5) (TextureImporter) -> (artifact id: '90a4e403ea82fd3a0282a89ce8ef7f45') in 0.0017428 seconds
Start importing Packages/com.unity.inputsystem/InputSystem/Editor/Icons/Gamepad@3x.png using Guid(4ae0b2f68c2464272b1b10105262b09b) (TextureImporter) -> (artifact id: '3e62b78d601d33f2a31926c2fe8faf5a') in 0.0015284 seconds
Start importing Packages/com.unity.render-pipelines.universal/Editor/2D/Resources/Sparkle.png using Guid(4a0aca3a5f2effb41b43cc0a1661d845) (TextureImporter) -> (artifact id: '649182e854edbf90f7f41d984ff61e51') in 0.0049177 seconds
Start importing Packages/com.unity.inputsystem/InputSystem/Editor/Icons/d_Add Binding@4x.png using Guid(4a0ce0eda6ee74c669b13104649e1313) (TextureImporter) -> (artifact id: 'a01fc7c841743e57409e94b4412f64e1') in 0.0020127 seconds
Start importing Packages/com.unity.inputsystem/InputSystem/Editor/AssetEditor/PackageResources/personal/foldoutBackground.png using Guid(5ab69704aa4984b49bc426da72fabbed) (TextureImporter) -> (artifact id: '32fed9a00cb87e7e013becc405606102') in 0.0016914 seconds
Start importing Packages/com.unity.inputsystem/InputSystem/Editor/Icons/Keyboard.png using Guid(5a5b9538c3aaa4587856e68a93a92a51) (TextureImporter) -> (artifact id: '4f4244cddcee5e7e9c74de1c29cd0931') in 0.0018959 seconds
Start importing Packages/com.unity.inputsystem/InputSystem/Editor/Icons/MultiplayerEventSystem@64.png using Guid(6a237171e2346e3458db37eb0f90d42b) (TextureImporter) -> (artifact id: '480c53dbca76edaea856950dc0aae472') in 0.0019748 seconds
Start importing Packages/com.unity.render-pipelines.core/Editor/Lighting/Icons/LightUnitIcons/d_SunriseSunset.png using Guid(6ac733bfd834f4b4bab06306c63496f2) (TextureImporter) -> (artifact id: 'a50a314ed8ba9da11c882dcfe2c7338e') in 0.0018501 seconds
Start importing Packages/com.unity.render-pipelines.core/Editor/LookDev/Icons/LayoutVertical.png using Guid(6a9d49ac254f03c48bf5b6590f4d2a24) (TextureImporter) -> (artifact id: 'ddf42af0b67567bdb7c60ba54d8e5839') in 0.0016492 seconds
Start importing Packages/com.unity.render-pipelines.core/Editor/Lighting/Icons/LightUnitIcons/IntenseAreaLight@2x.png using Guid(6abd010e1fd246f4585f513da25bcede) (TextureImporter) -> (artifact id: 'b2a6f247561f987d2a94bfae2cde8ffe') in 0.0018716 seconds
Start importing Packages/com.unity.ugui/Editor Resources/Textures/btn_AlignCenter_Light.psd using Guid(6ace62d30f494c948b71d5594afce11d) (TextureImporter) -> (artifact id: '0820c086eb2231f8398c705980fd7261') in 0.001629 seconds
Start importing Packages/com.unity.render-pipelines.core/Runtime/Debugging/Prefabs/Textures/UIFoldoutClosed.png using Guid(7a0568d5e3330b84687e307992be3030) (TextureImporter) -> (artifact id: 'ad3fcc8f94c572e80307c155a636666b') in 0.0017071 seconds
Start importing Packages/com.unity.render-pipelines.core/Editor/Lighting/Icons/UpSnatchFocused.png using Guid(8a35aa5922ce5b746a734edf7de25ab4) (TextureImporter) -> (artifact id: '2abfe78b24b59f0d916f7fd06cf02bb6') in 0.0016521 seconds
Start importing Packages/com.unity.render-pipelines.core/Editor/Icons/MipLevels/RenderPipelineResources@128.png using Guid(8a682daa78f03b64597ad91aefef3dab) (TextureImporter) -> (artifact id: '1405c07fdccd76783812e2d6f5c6727b') in 0.0020756 seconds
Start importing Packages/com.unity.render-pipelines.core/Editor/LookDev/Icons/Environment.png using Guid(8accc003516bedf4b94c9c8a86b2b6a1) (TextureImporter) -> (artifact id: 'bc9e7adb1d68c2bccb32bf84ee3a1f48') in 0.0017174 seconds
Start importing Packages/com.unity.render-pipelines.core/Editor/LookDev/Icons/Layout1.png using Guid(9a3173335e5741d438e81064b518bd80) (TextureImporter) -> (artifact id: 'fbb6cbde1deb7f503ebeb7658196346f') in 0.0020279 seconds
Start importing Packages/com.unity.render-pipelines.core/Editor/LookDev/Icons/Link@2x.png using Guid(9a235474413e1f349b010b461c76efac) (TextureImporter) -> (artifact id: '9f6e0c9f5e295b1fe78e62405bd82d24') in 0.0018719 seconds
Start importing Packages/com.unity.inputsystem/InputSystem/Editor/Icons/Touch@3x.png using Guid(9ad5d5b6a25b749e78b4950eae0a8ec2) (TextureImporter) -> (artifact id: '58f3f1b99692f7e0abbf27b376a210fa') in 0.0019221 seconds
Start importing Packages/com.unity.render-pipelines.core/Editor/Lighting/Icons/LightUnitIcons/d_BrightSky@2x.png using Guid(9a278b70c427e8e4caa47a45a5d59de8) (TextureImporter) -> (artifact id: '45122a849b941c7314b23155676a7efe') in 0.002293 seconds
Start importing Packages/com.unity.inputsystem/InputSystem/Editor/Icons/Button@4x.png using Guid(aa356632480554016ab8f4200032981b) (TextureImporter) -> (artifact id: '3e3b11f3f206a0f43db977c655b258cc') in 0.00178 seconds
Start importing Packages/com.unity.shadergraph/Editor/Resources/Icons/blackboard_dark@2x.png using Guid(aa09d480b04b3437db2ba9c9cdbc77be) (TextureImporter) -> (artifact id: '3f56e2d26163beab222ed16f9fe8b8e5') in 0.0017503 seconds
Start importing Packages/com.unity.inputsystem/InputSystem/Editor/AssetEditor/PackageResources/personal/propertiesBackground.png using Guid(aa4c2360f910d46f497f75b4b6677358) (TextureImporter) -> (artifact id: '56042fdfe080f600d75545f62d7b495d') in 0.0017777 seconds
Start importing Packages/com.unity.render-pipelines.core/Editor/LookDev/Icons/SunPosition.png using Guid(aa1dfcb67e8bf664d8d8a1821c118281) (TextureImporter) -> (artifact id: '1a43147745ad4d88df156899b641f13c') in 0.0024802 seconds
Start importing Packages/com.unity.inputsystem/InputSystem/Editor/Icons/ChevronDown.png using Guid(ba304f5556a3a4fac98d126883083e7e) (TextureImporter) -> (artifact id: '99d177e57bd7d88046a1455d55bbcedf') in 0.0071323 seconds
Start importing Packages/com.unity.render-pipelines.core/Editor/Lighting/Icons/LightUnitIcons/ExteriorLight.png using Guid(baa2eadff75899140ac64277e3f60453) (TextureImporter) -> (artifact id: 'c8c6fa582ca78850b24fb1e4bb9cd573') in 0.0018793 seconds
Start importing Packages/com.unity.render-pipelines.core/Editor/LookDev/Icons/d_SunPosition@2x.png using Guid(ba2d3d7d05fd3e046b6d413365e9b11e) (TextureImporter) -> (artifact id: '48f57ab7e6775fde219e0490842b9dce') in 0.002493 seconds
Start importing Packages/com.unity.ugui/Editor Resources/Textures/btn_AlignBottom.psd using Guid(ca51b19024094d1b87f3e07edb0a75fb) (TextureImporter) -> (artifact id: '7eddcac00ea901512f581eb8442d9da2') in 0.0019729 seconds
Start importing Packages/com.unity.render-pipelines.core/Editor/Icons/MipLevels/VolumeProfile@64.png using Guid(ca82ccfbb5485754191e3778316b1424) (TextureImporter) -> (artifact id: 'b398ca9557d68bf07bd1cd2d71576a90') in 0.0022745 seconds
Start importing Packages/com.unity.inputsystem/InputSystem/Editor/Icons/d_Add Binding@3x.png using Guid(ca933a91c81734ddd88b17c8481ec1e9) (TextureImporter) -> (artifact id: 'a8b9d58a808513009284008bf2bff964') in 0.0018146 seconds
Start importing Packages/com.unity.inputsystem/InputSystem/Editor/Icons/Interactive Binding@3x.png using Guid(cac8742b1b72b44699fd1663287ca47d) (TextureImporter) -> (artifact id: '85641b0c4ad314b8dc996c5c1b551e6c') in 0.0015828 seconds
Start importing Packages/com.unity.inputsystem/InputSystem/Editor/Icons/d_Orientation@2x.png using Guid(cae83450c8b18499c8c0239edf8bcc31) (TextureImporter) -> (artifact id: '053a2ee82cd093e089b90f754254c9de') in 0.0015835 seconds
Start importing Packages/com.unity.render-pipelines.core/Editor/LookDev/Icons/d_Add@2x.png using Guid(daa49a1f06460a04b9827dd6f0bace08) (TextureImporter) -> (artifact id: '624cfa9806238d2b3d96399d0bf530a1') in 0.0020504 seconds
Start importing Packages/com.unity.render-pipelines.core/Editor/LookDev/Icons/d_Layout1.png using Guid(da974c4d40533154a83d57ca90e34bb8) (TextureImporter) -> (artifact id: '496c0457e8e9c7cc1a1ec239a64a7b01') in 0.001603 seconds
Start importing Packages/com.unity.inputsystem/InputSystem/Editor/Icons/d_Mouse@2x.png using Guid(daa9ba527d8a34b218224b8287ce11d3) (TextureImporter) -> (artifact id: 'a973dc281b744443f2cdbc8151ceaedd') in 0.0015594 seconds
Start importing Packages/com.unity.inputsystem/InputSystem/Editor/Icons/Pen.png using Guid(ea8b7319643924985a9ee4ca18b8db59) (TextureImporter) -> (artifact id: '38273b78e2eb88e3fcc1a81760aa9ea0') in 0.0015661 seconds
Start importing Packages/com.unity.render-pipelines.universal/Textures/BlueNoise16/L/LDR_LLL1_29.png using Guid(fa042edbfc40fbd4bad0ab9d505b1223) (TextureImporter) -> (artifact id: '1c80aa20d73ccec654b9d029ac4b733e') in 0.0019478 seconds
Start importing Packages/com.unity.ugui/Editor Resources/Textures/btn_AlignJustified_Light.psd using Guid(fa6bd40a216346b783a4cce741d277a5) (TextureImporter) -> (artifact id: '2a8ace8a350a8ad5587fa734a958a593') in 0.0023584 seconds
Start importing Packages/com.unity.render-pipelines.core/Editor/Lighting/Icons/LightUnitIcons/d_BlueSky@2x.png using Guid(0b39f97ea330aac459e3fbb440f4b0d0) (TextureImporter) -> (artifact id: '14e079ab9bca52f16da72bfbad04d926') in 0.0021251 seconds
Start importing Packages/com.unity.render-pipelines.core/Editor/Lighting/Icons/LightUnitIcons/InteriorLight@2x.png using Guid(1bb3da4ea375c37498c93327420e6a01) (TextureImporter) -> (artifact id: '6e4d99e5c6932b262bf4e789c1d6ec31') in 0.001775 seconds
Start importing Packages/com.unity.inputsystem/InputSystem/Editor/Icons/Pen@3x.png using Guid(1bf9cdd4bc492489c8c7c6190785fc48) (TextureImporter) -> (artifact id: 'e5374a4a1f9dfe44f3f75fd091d5c0fa') in 0.0017353 seconds
Start importing Packages/com.unity.render-pipelines.core/Editor/Icons/RenderGraphViewer/ScriptLink@2x.png using Guid(2b2147ee427aa3a468912c85ba64c256) (TextureImporter) -> (artifact id: '27c36f37a12612abbb9947e0a2e536ba') in 0.0019785 seconds
Start importing Packages/com.unity.render-pipelines.universal/Shaders/FullscreenInvertColorsTemplate.png using Guid(2bf17b1d7445af843ad939d7527d8938) (TextureImporter) -> (artifact id: '6c89191b3b2b4aee19e07e86d45a5bcc') in 0.0191872 seconds
Start importing Packages/com.unity.render-pipelines.core/Editor/LookDev/Icons/d_Link@2x.png using Guid(2b06c35710693f640babb3dcf747d06a) (TextureImporter) -> (artifact id: '205a98d51baa8304da3a4b8faad61e58') in 0.0023339 seconds
Start importing Packages/com.unity.inputsystem/InputSystem/Editor/Icons/d_Interactive Binding@2x.png using Guid(3b78dc1763429489c9a1c70faf4f9a0e) (TextureImporter) -> (artifact id: '70cee7de6e7dc3d8337b8ae3c3262d83') in 0.0021071 seconds
Start importing Packages/com.unity.render-pipelines.universal/Textures/BlueNoise256/LDR_LLL1_1.png using Guid(4b7b083e6b6734e8bb2838b0b50a0bc8) (TextureImporter) -> (artifact id: 'e39e6e5f860a3737455da2c02f7548e0') in 0.0030592 seconds
Start importing Packages/com.unity.render-pipelines.core/Editor/Icons/RenderGraphViewer/d_Buffer@2x.png using Guid(5b418afba2ea4e542bbc80b91d784d20) (TextureImporter) -> (artifact id: 'd10f9b74dc46b2b30435f8acf775a936') in 0.0024496 seconds
Start importing Packages/com.unity.render-pipelines.core/Editor/LookDev/Icons/LayoutVertical@2x.png using Guid(6b8067336fda8f040bb1f6d336ac08c5) (TextureImporter) -> (artifact id: '9b371e2da40027774dcd31cfd16caa2e') in 0.0022341 seconds
Start importing Packages/com.unity.shadergraph/Editor/Resources/Icons/SettingsIcons_hover.png using Guid(6bfd5f3c15e1ee7498657be747544985) (TextureImporter) -> (artifact id: 'fced1dae35104fd920a4e8dc7106b68d') in 0.0028203 seconds
Start importing Packages/com.unity.inputsystem/InputSystem/Editor/Icons/TrackedPoseDriver@4x.png using Guid(7b8bfaee8f8631c4789ac62373cbc2d4) (TextureImporter) -> (artifact id: '3e4b61c20b9521c34942cb8de1439fc1') in 0.0020351 seconds
Start importing Packages/com.unity.inputsystem/InputSystem/Editor/Icons/Add Binding@3x.png using Guid(8be1fbf4b24de44c99840805bdae9e40) (TextureImporter) -> (artifact id: 'ae1c96daef6109f7524cb68c9747dbdf') in 0.0022506 seconds
Start importing Packages/com.unity.ugui/Editor Resources/Textures/btn_AlignBaseLine.psd using Guid(8bc445bb79654bf496c92d0407840a92) (TextureImporter) -> (artifact id: '8a6f53f4dfb5395c2242ad524cecfafa') in 0.0020424 seconds
Start importing Packages/com.unity.render-pipelines.core/Editor/Lighting/Icons/PresetHair.png using Guid(9b18a8aa7da659344b2fce408beb09c3) (TextureImporter) -> (artifact id: '81893bd69b862fc93be5fadc385d853f') in 0.002557 seconds
Start importing Packages/com.unity.render-pipelines.universal/Editor/Decal/Resources/DecalGizmo.png using Guid(9ba98ca4f0fc0754caca09e38af0cc0a) (TextureImporter) -> (artifact id: '3a159fe8984199467c726bec79a4255e') in 0.0031557 seconds
Start importing Packages/com.unity.render-pipelines.core/Editor/LookDev/Icons/d_Rotation.png using Guid(abc6ce87642c5c1478a4b107d1c5688a) (TextureImporter) -> (artifact id: '35593d2f82b2b83baa5a83bc31708d59') in 0.002212 seconds
Start importing Packages/com.unity.render-pipelines.core/Editor/LookDev/Icons/LeftArrow.png using Guid(aba72f93e9005054dba8cb368c0bf724) (TextureImporter) -> (artifact id: '08ee73df02e2a67f0a9e455cb36ac000') in 0.0021333 seconds
Start importing Packages/com.unity.inputsystem/InputSystem/Editor/Icons/d_Dpad@2x.png using Guid(ab9b5824ece1d443aa1f3a5672d9da86) (TextureImporter) -> (artifact id: 'dc8aa91db859770b3ef8e89c62219ff2') in 0.0020284 seconds
Start importing Packages/com.unity.ugui/Editor Resources/Textures/btn_AlignMidline_Light.psd using Guid(bb42b2d967d6427983c901a4ffc8ecd9) (TextureImporter) -> (artifact id: 'e75ff28b961f5309520c216915b7c2fa') in 0.0023854 seconds
Start importing Packages/com.unity.inputsystem/InputSystem/Editor/Icons/d_Pen.png using Guid(bb42fb9342e9d4e68b6cf39a2e071d9b) (TextureImporter) -> (artifact id: '65c4a7d2750ef628925fbf854c4dfd09') in 0.0020737 seconds
Start importing Packages/com.unity.render-pipelines.core/Editor/Lighting/Icons/LightUnitIcons/CloudySky.png using Guid(bb2cc982d8ff1aa4a9ce5ee5fdb29023) (TextureImporter) -> (artifact id: '7f9ac38c93f807ba8bc5f1247c0b1e9a') in 0.0019543 seconds
Start importing Packages/com.unity.render-pipelines.core/Editor/Lighting/Icons/PresetKick_Left.png using Guid(bb3de0f2ada94114cbb7cc74829de16d) (TextureImporter) -> (artifact id: '30912e00a0f9069b59f3309215477dc1') in 0.0022954 seconds
Start importing Packages/com.unity.inputsystem/InputSystem/Editor/Icons/Add Binding@2x.png using Guid(bb5fa99d6e9434c9ebf101c956021ee1) (TextureImporter) -> (artifact id: '0bff70614cdbe39a5a18406f2dc0cba5') in 0.0019096 seconds
Start importing Packages/com.unity.render-pipelines.universal/Textures/BlueNoise256/LDR_LLL1_3.png using Guid(cb76dd40fa7654f9587f6a344f125c9a) (TextureImporter) -> (artifact id: 'b163ee9ab5e9a041a64b4cea08ee3f9b') in 0.0034374 seconds
Start importing Packages/com.unity.render-pipelines.core/Editor/LookDev/Icons/d_renderdoc.png using Guid(cbe929948d88af7409a05054bc8187c7) (TextureImporter) -> (artifact id: '3dff55909239e120baa2524714fe0a38') in 0.0027509 seconds
Start importing Packages/com.unity.render-pipelines.core/Editor/LookDev/Icons/Add.png using Guid(cbaeed03e5416aa4bae23110b63a0c7d) (TextureImporter) -> (artifact id: '33cbf9d284af5e17e3f9e37e31e635e1') in 0.002232 seconds
Start importing Packages/com.unity.render-pipelines.core/Editor/Lighting/Icons/LightUnitIcons/ClearSky.png using Guid(db0321d865208c648ae843f39ab69004) (TextureImporter) -> (artifact id: '2e5ae91406e55e919733310e1cc1d235') in 0.0019806 seconds
Start importing Packages/com.unity.render-pipelines.core/Editor/LookDev/Icons/d_Rotation@2x.png using Guid(db7aaa162a1a5a54b826d15b5b20fb06) (TextureImporter) -> (artifact id: 'd6f2677409b67a2dbdb99252e148e44f') in 0.0025398 seconds
Start importing Packages/com.unity.inputsystem/InputSystem/Editor/Icons/d_Button@4x.png using Guid(db3dc7a02ac6d4e90bbe905a44ac265b) (TextureImporter) -> (artifact id: '9b2303e02bf709bda9dbfe8fb568c2ce') in 0.0020089 seconds
Start importing Packages/com.unity.inputsystem/InputSystem/Editor/Icons/d_Interactive Binding.png using Guid(eb28fd64eacfa495c97193108f1cdf03) (TextureImporter) -> (artifact id: '348f8ea544cfaf5cb6c9a983bcbfc8c9') in 0.0020249 seconds
Start importing Packages/com.unity.render-pipelines.core/Editor/Lighting/Icons/LightUnitIcons/d_Shade.png using Guid(fbe2a78a665b37a4c9ec6623f42feb59) (TextureImporter) -> (artifact id: 'bfc9f544ae7917721a3e5a286bdadafc') in 0.0017652 seconds
Start importing Packages/com.unity.ugui/Editor Resources/Textures/SectionHeader_Dark.psd using Guid(fb5730e24283d0c489e5c7d0bee023d9) (TextureImporter) -> (artifact id: '9da7a9d672c089e353d0f893275b0a63') in 0.0022197 seconds
Start importing Packages/com.unity.shadergraph/Editor/Resources/GraphView/Nodes/NodeChevronLeft.png using Guid(fb2ebd29216e958449e2ce6f37fde61d) (TextureImporter) -> (artifact id: '5d9a2869192bf1a67e01cd5241f637e6') in 0.0020956 seconds
Start importing Packages/com.unity.render-pipelines.universal/Editor/2D/Resources/LightCapBottomLeft.png using Guid(fb7e2c1cde476854fb7067dcca74511a) (TextureImporter) -> (artifact id: '570dc4ced6c1c086fd4f94ebb7b60f77') in 0.0020725 seconds
Start importing Packages/com.unity.render-pipelines.core/Editor/Lighting/Icons/d_LightPlacement_Icon@2x.png using Guid(fbee1c54ecff3d24e8f34e2bbd19390f) (TextureImporter) -> (artifact id: '525a37fae42c021fd5d988ddd014db4c') in 0.0020069 seconds
Start importing Packages/com.unity.render-pipelines.core/Editor/Lighting/Icons/LightUnitIcons/d_CloudySky.png using Guid(0c24a3ead3381ee4cb4574c5be266d87) (TextureImporter) -> (artifact id: '7c2a403219e37c048daba3177e5f9119') in 0.0016882 seconds
Start importing Packages/com.unity.render-pipelines.core/Editor/Lighting/Icons/LightUnitIcons/d_ExteriorLight@2x.png using Guid(0cd6ad04e58c5e1478f2925fa64f5b57) (TextureImporter) -> (artifact id: '3be8e5a7a8371b7578886dd9b7574d2e') in 0.0016725 seconds
Start importing Packages/com.unity.searcher/Editor/Resources/FlatSkin/SearchSmallDownOff@2x.png using Guid(0c2aa48d028b3134dbbb5ceb57bff5ac) (TextureImporter) -> (artifact id: '62341063513b29712239634ee0244e9f') in 0.0030024 seconds
Start importing Packages/com.unity.render-pipelines.core/Editor/Lighting/Icons/PresetBounce_Left.png using Guid(1c7013643e4df944492a5801199df62a) (TextureImporter) -> (artifact id: 'e60115fc03a623d7671441df3ddc6d59') in 0.0018335 seconds
Start importing Packages/com.unity.render-pipelines.core/Editor/LookDev/Icons/LayoutCustom.png using Guid(1cc4a70085896c04bbfbf60669963fc8) (TextureImporter) -> (artifact id: '91e6386250d22449d2db434fe805aed2') in 0.0019967 seconds
Start importing Packages/com.unity.inputsystem/InputSystem/Editor/Icons/Orientation@4x.png using Guid(1c751eb104ad5407992e614361d5f81e) (TextureImporter) -> (artifact id: 'a96bc94755f0a399f55ee944da5c5d00') in 0.0016681 seconds
Start importing Packages/com.unity.inputsystem/InputSystem/Editor/Icons/Button@2x.png using Guid(1c37f00575bd6494ea726be5afee89b9) (TextureImporter) -> (artifact id: '0bc2d1a3e6848ad2f1648b3c8cf9de3d') in 0.0015441 seconds
Start importing Packages/com.unity.render-pipelines.universal/Textures/BlueNoise16/L/LDR_LLL1_25.png using Guid(1c3c6d69a645b804fa232004b96b7ad3) (TextureImporter) -> (artifact id: '74fe3c270e01bc319b458959fd211700') in 0.001768 seconds
Start importing Packages/com.unity.render-pipelines.core/Editor/Icons/MipLevels/RenderGraphViewer/d_Resources@16.png using Guid(2c62c65904d676c489198d40c731befe) (TextureImporter) -> (artifact id: 'de8cf16d99b4ac313dfa97d28c09b232') in 0.0022071 seconds
Start importing Packages/com.unity.render-pipelines.universal/Textures/BlueNoise16/L/LDR_LLL1_4.png using Guid(2ca97df9d1801e84a8a8f2c53cb744f0) (TextureImporter) -> (artifact id: '7255361510643fb4a618ef066c5bb786') in 0.0016704 seconds
Start importing Packages/com.unity.render-pipelines.core/Editor/Icons/MipLevels/d_RenderPipelineResources@32.png using Guid(4c30e5cf9793c0044a32b7aadd4f6f5e) (TextureImporter) -> (artifact id: 'a27e4e5190d91e861268b47e6dc471f3') in 0.0019856 seconds
Start importing Packages/com.unity.shadergraph/Editor/Resources/GraphView/Nodes/NodeChevronDown.png using Guid(4c07dcabd0a45844eb0889811a49b9bf) (TextureImporter) -> (artifact id: 'daae415a34111207b62542b101f23b97') in 0.0018026 seconds
Start importing Packages/com.unity.render-pipelines.universal/Textures/FilmGrain/Large02.png using Guid(5cdee82a77d13994f83b8fdabed7c301) (TextureImporter) -> (artifact id: '159af045b0b0bc1432aec7e5922ef988') in 0.0067864 seconds
Start importing Packages/com.unity.inputsystem/InputSystem/Editor/Icons/Dpad@3x.png using Guid(6c1147159d9dc42948601b29dfc9a40c) (TextureImporter) -> (artifact id: 'f3b55d51b8dfde54e0fa85bb8f5b9b81') in 0.002175 seconds
Start importing Packages/com.unity.render-pipelines.core/Editor/Lighting/Icons/PresetRim_Left.png using Guid(6cec6e582e857c24bb9432ed7ff629f8) (TextureImporter) -> (artifact id: '4d62bad7d64c6578f3ca62b2a2b37d55') in 0.002425 seconds
Start importing Packages/com.unity.render-pipelines.universal/Textures/BlueNoise16/L/LDR_LLL1_3.png using Guid(7ce2118f74614a94aa8a0cdf2e6062c3) (TextureImporter) -> (artifact id: 'f03a34bdce0f318dae277280d2df5303') in 0.0015787 seconds
Start importing Packages/com.unity.render-pipelines.universal/Editor/2D/Resources/PixelPerfectCamera.png using Guid(7cba34d70552e144586a4d3ce4a33de5) (TextureImporter) -> (artifact id: 'bf8293209ae804b4e2964c2cff973745') in 0.0022848 seconds
Start importing Packages/com.unity.render-pipelines.core/Editor/Icons/MipLevels/RenderGraphViewer/Resources@32.png using Guid(8c00ff63cd786b34685fe28d9d37c2b9) (TextureImporter) -> (artifact id: 'cffb1f050bbcb93d687fd5146b7defbf') in 0.0021167 seconds
Start importing Packages/com.unity.render-pipelines.core/Editor/LookDev/Icons/d_Duplicate@2x.png using Guid(8ca869dd944d5f54e9ec614b26f10dcb) (TextureImporter) -> (artifact id: '92270c353e45951aa31929b1dcded402') in 0.0021335 seconds
Start importing Packages/com.unity.render-pipelines.core/Editor/LookDev/Icons/d_LayoutCustom.png using Guid(8c3a606a4a147a34c952b98bf038c662) (TextureImporter) -> (artifact id: 'c27d017f2ef030cf1d545e6b53b5a119') in 0.0021119 seconds
Start importing Packages/com.unity.render-pipelines.core/Editor/LookDev/Icons/LayoutHorizontal.png using Guid(8ccec084228b3b74a898f38126eb142f) (TextureImporter) -> (artifact id: 'cd179e42babf27632f11640021664b28') in 0.0020012 seconds
Start importing Packages/com.unity.render-pipelines.core/Editor/LookDev/Icons/d_RenderDoc@2x.png using Guid(9c63b51755ec8c845b857cc73a35d606) (TextureImporter) -> (artifact id: '7176ef963e6eea0637870753bec4a64a') in 0.0020335 seconds
Start importing Packages/com.unity.render-pipelines.core/Editor/LookDev/Icons/d_LayoutHorizontal@2x.png using Guid(9cad92999ddfa304495b735a55c78329) (TextureImporter) -> (artifact id: '5f2308895d48a247eef1c424debe6704') in 0.0024522 seconds
Start importing Packages/com.unity.inputsystem/InputSystem/Editor/Icons/Pen@4x.png using Guid(acf10446fff184bb98db6350c2c43148) (TextureImporter) -> (artifact id: 'c82abe76d7dcdf028c3bad26523bd3b7') in 0.0018784 seconds
Start importing Packages/com.unity.render-pipelines.core/Editor/Icons/MipLevels/d_Volume@64.png using Guid(aca45e74fd5117e499180b8f31d39395) (TextureImporter) -> (artifact id: '4c5a49ac72579c1ea1ad7474224a339c') in 0.0018414 seconds
Start importing Packages/com.unity.render-pipelines.core/Editor/Lighting/Icons/LightUnitIcons/d_ExteriorLight.png using Guid(acd8a3fb93bb04b4db467ca2090011ae) (TextureImporter) -> (artifact id: '6621f1bde58f09757b723e2548b46560') in 0.0020857 seconds
Start importing Packages/com.unity.render-pipelines.core/Editor/Lighting/Icons/LightUnitIcons/DecorativeLight@2x.png using Guid(ac6bd7230f54da84b8ad3a0e2b14b3d9) (TextureImporter) -> (artifact id: 'fe50c29847d99f47b4463f4a602de905') in 0.0019752 seconds
Start importing Packages/com.unity.inputsystem/InputSystem/Editor/Icons/d_Position@4x.png using Guid(ac4c5ccb2785f4460b2dcfe47010c688) (TextureImporter) -> (artifact id: '10f32dff2ec5fed0ec48819e0c6598db') in 0.0020313 seconds
Start importing Packages/com.unity.render-pipelines.core/Editor/Icons/MipLevels/Volume@128.png using Guid(bcac3edca050cd043be3942131c59be3) (TextureImporter) -> (artifact id: '536a4a951d60e6a0d0024f2bc2bdf8f6') in 0.0020284 seconds
Start importing Packages/com.unity.render-pipelines.core/Editor/LookDev/Icons/d_Remove@2x.png using Guid(cc27e95868ab32345b74b8338c01ebed) (TextureImporter) -> (artifact id: 'b0e0da8a9a32c29c3af19ed344351cfc') in 0.0022303 seconds
Start importing Packages/com.unity.render-pipelines.core/Editor/LookDev/Icons/d_SunPosition.png using Guid(cc99218b39d91f84e9a26fac406c07e7) (TextureImporter) -> (artifact id: 'ea046d6001816fc2f851b3dcd9f74eee') in 0.0019326 seconds
Start importing Packages/com.unity.inputsystem/InputSystem/Editor/Icons/InputControl.png using Guid(ec85de66fa5b64dd984fdcc82f8f92b3) (TextureImporter) -> (artifact id: '490909b7341743aca7cc42eff6d02b00') in 0.0017403 seconds
Start importing Packages/com.unity.render-pipelines.core/Editor/Icons/RenderGraphViewer/MemorylessTexture@2x.png using Guid(ec3a3173916c141d8962a4466c366be6) (TextureImporter) -> (artifact id: 'ced534d11c8d27b723f363f8c8761142') in 0.002148 seconds
Start importing Packages/com.unity.ugui/Editor Resources/Gizmos/TMP - Sprite Asset Icon.psd using Guid(ec7c645d93308c04d8840982af12101e) (TextureImporter) -> (artifact id: '5019163a9106cc515f738a0940735ada') in 0.0024452 seconds
Start importing Packages/com.unity.render-pipelines.universal/Editor/2D/Resources/Cinemachine.png using Guid(ec2f01df0bb1bfe459b5562a9e71c8d4) (TextureImporter) -> (artifact id: 'ede13f4d657590daaed474c2d5ae8ae3') in 0.003928 seconds
Start importing Packages/com.unity.render-pipelines.core/Editor/LookDev/Icons/d_CenterLight.png using Guid(fca3bc21b4600e04faaddb69c5fad81e) (TextureImporter) -> (artifact id: '1902518424319638c615feec8efb2afe') in 0.0018162 seconds
Start importing Packages/com.unity.inputsystem/InputSystem/Editor/Icons/d_Joystick@3x.png using Guid(fcaa0d99df7c74f52afaa17a375dd393) (TextureImporter) -> (artifact id: '47718cb61a875ba6d7ba084177b5fc89') in 0.0017145 seconds
Start importing Packages/com.unity.render-pipelines.universal/Textures/BlueNoise16/L/LDR_LLL1_11.png using Guid(fc3fa8f108657e14486697c9a84ccfc5) (TextureImporter) -> (artifact id: '27066f502962f6fbf8c408386fc35a5d') in 0.0016531 seconds
Start importing Packages/com.unity.render-pipelines.core/Editor/LookDev/Icons/d_Duplicate.png using Guid(0d692588b1d40e9429620400bd5efe63) (TextureImporter) -> (artifact id: 'de66978789d6739fb1fbc6a8fd832cc6') in 0.00221 seconds
Start importing Packages/com.unity.inputsystem/InputSystem/Editor/Icons/d_ChevronDown@4x.png using Guid(0de917098a5b848b1a371e570928ce10) (TextureImporter) -> (artifact id: '3b95806bde8f2939388c31149dc28377') in 0.0019337 seconds
Start importing Packages/com.unity.ugui/Editor Resources/Textures/btn_AlignCapLine.psd using Guid(0d9a36012a224080966c7b55896aa0f9) (TextureImporter) -> (artifact id: '7d2332acd44796d1b9ff3dff2395ce26') in 0.0021841 seconds
Start importing Packages/com.unity.render-pipelines.core/Editor/Lighting/Icons/d_LightPlacement_Icon On.png using Guid(1d70e8f2a6df91f46a8e5b4f2378c8bc) (TextureImporter) -> (artifact id: '2cdfc6c94d9bc2ad17273fe9a778d9f5') in 0.001869 seconds
Start importing Packages/com.unity.render-pipelines.core/Editor/Lighting/Icons/LightUnitIcons/MediumAreaLight@2x.png using Guid(1dea3362fb2f72d46b7e3351a7e12ccf) (TextureImporter) -> (artifact id: '88801d9a248620eaa040c50e3a31b133') in 0.0021048 seconds
Start importing Packages/com.unity.render-pipelines.core/Editor/Lighting/Icons/PresetRim_Right.png using Guid(1deb07c84dc414b4388bf2970d0c9aef) (TextureImporter) -> (artifact id: 'db44af269c92bacbdab772cc58ec1acb') in 0.0021862 seconds
Start importing Packages/com.unity.render-pipelines.universal/Editor/ShaderGraph/GraphTemplates/UITKFullTemplate.png using Guid(3d3db9f7026a8344cbbc2353827bbbc0) (TextureImporter) -> (artifact id: '6ce6eec1363f65134996c39cc102bc01') in 0.068456 seconds
Start importing Packages/com.unity.inputsystem/InputSystem/Editor/Icons/d_Add Binding@2x.png using Guid(3d7dc8d6b9a96490b9aa433645712fdf) (TextureImporter) -> (artifact id: 'e19644a1b02e552f4947f7ff7ffc2830') in 0.0019566 seconds
Start importing Packages/com.unity.render-pipelines.core/Editor/LookDev/Icons/d_Layout1@2x.png using Guid(4de5e4f3717b2c548bd8b90b6c628b2f) (TextureImporter) -> (artifact id: '52787657bf5f0414830109612301373d') in 0.0024366 seconds
Start importing Packages/com.unity.render-pipelines.core/Editor/Lighting/Icons/PresetBounce_Right.png using Guid(4dac1eeb02c481340801b3ac458b2976) (TextureImporter) -> (artifact id: '3ac1ab93fd0faeb746da32fad0dcc1eb') in 0.0018668 seconds
Start importing Packages/com.unity.render-pipelines.universal/Textures/BlueNoise16/L/LDR_LLL1_15.png using Guid(4dcc0502f8586f941b5c4a66717205e8) (TextureImporter) -> (artifact id: '4bafd65f7dc2d9387d4b5a4a5e50f93a') in 0.0017073 seconds
Start importing Packages/com.unity.inputsystem/InputSystem/Editor/Icons/Gamepad@2x.png using Guid(4defb5292901c41f29313d9c9c87a7eb) (TextureImporter) -> (artifact id: 'c95fe90f838e9985638fce5024a8a4f7') in 0.0017038 seconds
Start importing Packages/com.unity.inputsystem/InputSystem/Editor/Icons/d_ChevronDown@3x.png using Guid(5d96795fd770f47d69d997b053532730) (TextureImporter) -> (artifact id: 'a1a6f2acd223ae7dc028ccdecce33081') in 0.0014516 seconds
Start importing Packages/com.unity.render-pipelines.core/Editor/Icons/MipLevels/VolumeProfile@256.png using Guid(5d574cebaf0c0a34aa93a406ad65a61b) (TextureImporter) -> (artifact id: '766277821fcd693e3aea646480d976a3') in 0.0022119 seconds
Start importing Packages/com.unity.render-pipelines.core/Editor/Lighting/Icons/LightUnitIcons/Overcast@2x.png using Guid(5db8233d631a83f429153aaeb8f8333a) (TextureImporter) -> (artifact id: 'a0a179c1996b81d1502acc5398264b09') in 0.0015915 seconds
Start importing Packages/com.unity.inputsystem/InputSystem/Editor/Icons/d_Stick@2x.png using Guid(5d0b11389336d4b16b96f147c9f912e2) (TextureImporter) -> (artifact id: 'ec9abde63b8e434f1fc0510096ed80c9') in 0.0014843 seconds
Start importing Packages/com.unity.inputsystem/InputSystem/Editor/Icons/d_Touch@4x.png using Guid(6db042035460c4167a6ab8d1ac3c2681) (TextureImporter) -> (artifact id: 'f1226fb87e937b43bb1bd925969f8618') in 0.0017835 seconds
Start importing Packages/com.unity.shadergraph/Editor/Resources/Icons/sg_graph_icon_gray_light.png using Guid(7d62654fc399cc349a1ed7e0eab44ff0) (TextureImporter) -> (artifact id: 'f314a6b681c2b5e09276c75b9fd9cbd7') in 0.0013935 seconds
Start importing Packages/com.unity.inputsystem/InputSystem/Editor/Icons/d_Joystick.png using Guid(7d4638131127c4f4382fb36cf16c52fe) (TextureImporter) -> (artifact id: '57557441740d5b25883d79df78059a55') in 0.0014878 seconds
Start importing Packages/com.unity.shadergraph/Editor/Resources/GraphView/Nodes/PreviewExpand.png using Guid(8df757582ef08984bb6c3510e3a9fd1e) (TextureImporter) -> (artifact id: '70ee7bf39ea698e8a0cc76d060e0093c') in 0.0019047 seconds
Start importing Packages/com.unity.render-pipelines.core/Runtime/Sampling/Textures/SobolBlueNoise/SobolOwenScrambled256.png using Guid(8d786511913a2cb4aacb1f9a188652b4) (TextureImporter) -> (artifact id: '3f1db5662740e6dd5682ab25bf5f79ab') in 0.0023351 seconds
Start importing Packages/com.unity.render-pipelines.universal/Textures/BlueNoise16/L/LDR_LLL1_16.png using Guid(9d92991794bb5864c8085468b97aa067) (TextureImporter) -> (artifact id: 'dc78eac98b29e99b4cd29253d953f971') in 0.0012857 seconds
Start importing Packages/com.unity.render-pipelines.core/Editor/Lighting/Icons/LightPlacement_Icon@256.png using Guid(9d1f3c50fbb907f4fba5095da15f23dc) (TextureImporter) -> (artifact id: 'f0711657424305188404da2d2e2466a4') in 0.0037161 seconds
Start importing Packages/com.unity.render-pipelines.core/Runtime/Sampling/Textures/SobolBlueNoise/RankingTile256SPP.png using Guid(adf003e8db5aef64fa57c155f2e599be) (TextureImporter) -> (artifact id: 'dfdc929abbade6ae803e49754f3ceddb') in 0.0028544 seconds
Start importing Packages/com.unity.render-pipelines.core/Editor/Icons/MipLevels/d_RenderPipelineResources@16.png using Guid(adc1ce28e3842cd46b0a08e5ac86a647) (TextureImporter) -> (artifact id: '3598bedb1973b040c741de0ce0f4e130') in 0.0014472 seconds
Start importing Packages/com.unity.render-pipelines.core/Editor/Resources/Gizmos/ProbeTouchupVolume.png using Guid(adc48c15b6dfb444b865f111178f02ec) (TextureImporter) -> (artifact id: 'bfbe4a17ba5c23ed290ffae17cf8039a') in 0.0027286 seconds
Start importing Packages/com.unity.shadergraph/Editor/Resources/GraphView/Nodes/PreviewCollapse@2x.png using Guid(adc5cc7a4034e1b41b9341fa124ef43d) (TextureImporter) -> (artifact id: '41eb5f2195e132dd50e72953c10534e2') in 0.0016691 seconds
Start importing Packages/com.unity.render-pipelines.core/Editor/Lighting/Icons/PresetKick_Right.png using Guid(bdb354565d2d91e48a7ffe02442fe226) (TextureImporter) -> (artifact id: '4292bca22a0a52e21c838ba82068c2ad') in 0.0023388 seconds
Start importing Packages/com.unity.render-pipelines.core/Editor/LookDev/Icons/LookDev@2x.png using Guid(bd76726ffb1eb94429fb8143429bd978) (TextureImporter) -> (artifact id: '48ef056cb6a15d113390f07df9e1df53') in 0.0028802 seconds
Start importing Packages/com.unity.render-pipelines.core/Editor/Lighting/Icons/LightUnitIcons/VeryBrightSun.png using Guid(bdc9b1177bc1ad84e8532eec9f2dcc13) (TextureImporter) -> (artifact id: 'b5098543ccde5723a6f67d89228ed069') in 0.0018383 seconds
Start importing Packages/com.unity.render-pipelines.universal/Textures/FilmGrain/Medium04.png using Guid(bd9e8c758250ef449a4b4bfaad7a2133) (TextureImporter) -> (artifact id: '20b043e007420d315f95b5e412d6d93d') in 0.005163 seconds
Start importing Packages/com.unity.render-pipelines.core/Editor/Icons/RenderGraphViewer/MultipleUsage.png using Guid(cd47f6d5edd2c7541a0baf3774a54fdd) (TextureImporter) -> (artifact id: 'c4e496113fefccb73d797afc0f685ff9') in 0.0023228 seconds
Start importing Packages/com.unity.render-pipelines.universal/Textures/FilmGrain/Thin02.png using Guid(dd77ffd079630404e879388999033049) (TextureImporter) -> (artifact id: '091439425895ce795b2cf0a74a7014f6') in 0.0046794 seconds
Start importing Packages/com.unity.render-pipelines.core/Editor/Lighting/Icons/LightUnitIcons/InteriorLight.png using Guid(ddbb35633e84dde4a93c6662f696ae4c) (TextureImporter) -> (artifact id: 'e27b7148f49017db8971ebc95933f0af') in 0.0016552 seconds
Start importing Packages/com.unity.shadergraph/GraphTemplates/default_masks.png using Guid(dd2e21fb358baa649a7ad7d1d6e722f5) (TextureImporter) -> (artifact id: 'df435dafb2bebe3f7cb87ea13569182b') in 0.0015955 seconds
Start importing Packages/com.unity.render-pipelines.core/Editor/Lighting/Icons/LightUnitIcons/Candlelight.png using Guid(eda062bf16e02ef44a7bf24336ddac6c) (TextureImporter) -> (artifact id: '26dc620cfefa20f9fadd696ee09c7eaf') in 0.00163 seconds
Start importing Packages/com.unity.ugui/Editor Resources/Textures/btn_AlignTop_Light.psd using Guid(ed041e68439749a69d0efa0e3d896c2e) (TextureImporter) -> (artifact id: '4e8924e1423eeb510721205cb49c111c') in 0.0014765 seconds
Start importing Packages/com.unity.render-pipelines.core/Editor/Icons/RenderGraphViewer/d_AccelerationStructure@2x.png using Guid(ed7bb161ec84da2458e0b8730958a76a) (TextureImporter) -> (artifact id: 'f62dddd77687b7d1d66d43f999937541') in 0.0013837 seconds
Start importing Packages/com.unity.render-pipelines.universal/Textures/BlueNoise16/L/LDR_LLL1_8.png using Guid(ed5ea7ce59ca8ec4f9f14bf470a30f35) (TextureImporter) -> (artifact id: '30bc060fa3a2f6c7a0048cc5961b0128') in 0.0012641 seconds
Start importing Packages/com.unity.render-pipelines.universal/Textures/FilmGrain/Large01.png using Guid(fd2fd78b392986e42a12df2177d3b89c) (TextureImporter) -> (artifact id: 'b43038a5ca651499d9028a01eb30de0f') in 0.005323 seconds
Start importing Packages/com.unity.inputsystem/InputSystem/Editor/Icons/d_ChevronUp@3x.png using Guid(0efecba65ae4341a385cd5d39a2af765) (TextureImporter) -> (artifact id: 'ac13c72204093eae7367a7c106379b17') in 0.0023261 seconds
Start importing Packages/com.unity.render-pipelines.core/Editor/Lighting/Icons/LightUnitIcons/MediumAreaLight.png using Guid(1eb691390c444f14bac0868bd61fd451) (TextureImporter) -> (artifact id: '56ce30635e6db312bdd9b832ab2835f6') in 0.0024449 seconds
Start importing Packages/com.unity.render-pipelines.core/Editor/Lighting/Icons/LightUnitIcons/DecorativeLight.png using Guid(1e2ae1a12a2a1ff498cab6444b9cd394) (TextureImporter) -> (artifact id: '3b1e07832e91657c2a4b21829e8d149e') in 0.0019706 seconds
Start importing Packages/com.unity.shadergraph/Editor/Resources/GraphView/Nodes/BlackboardFieldExposed.png using Guid(2e8113252e9a1b245a81dc384ae86446) (TextureImporter) -> (artifact id: '77ab2958390e0c0aebf1c35b72c41a50') in 0.0018449 seconds
Start importing Packages/com.unity.render-pipelines.core/Editor/LookDev/Icons/Rotation.png using Guid(2ee66e81975377745aaa59fe11ad374d) (TextureImporter) -> (artifact id: '2f884a8a61a77db4e8aa7d66143ef0c4') in 0.0021297 seconds
Start importing Packages/com.unity.inputsystem/InputSystem/Editor/Icons/Axis@3x.png using Guid(2e27a82b5cc4e4ef98cbef2d0b324aed) (TextureImporter) -> (artifact id: '51ff722839dce92e6fd23043c9455ad6') in 0.0017198 seconds
Start importing Packages/com.unity.render-pipelines.core/Editor/Icons/MipLevels/d_VolumeProfile@16.png using Guid(2e6a4056f58607f4cb9a7430cffd3cf0) (TextureImporter) -> (artifact id: '239757311722152d5043a8dad8e3fd12') in 0.0018556 seconds
Start importing Packages/com.unity.render-pipelines.core/Editor/Icons/MipLevels/Volume@64.png using Guid(3e1119a71344058429824f48f89db02a) (TextureImporter) -> (artifact id: '8bf9806f6990da0c51da607ec842afed') in 0.0018968 seconds
Start importing Packages/com.unity.ugui/Editor Resources/Gizmos/TMP - Input Field Icon.psd using Guid(3ee40aa79cd242a5b53b0b0ca4f13f0f) (TextureImporter) -> (artifact id: '721dd97e9d8da55538e973695f303bc1') in 0.0023673 seconds
Start importing Packages/com.unity.render-pipelines.core/Editor/Icons/MipLevels/Volume@16.png using Guid(3e0af3c90ea2a304c8c241c8fbdce6e5) (TextureImporter) -> (artifact id: '9e619d011c3f853f0c74234ec7719519') in 0.0016352 seconds
Start importing Packages/com.unity.render-pipelines.core/Editor/Icons/RenderGraphViewer/d_PassInspector@2x.png using Guid(4e0d4fae0554052489fc6918c357d43c) (TextureImporter) -> (artifact id: 'bde2cd3389901c14f2f91a9ea770a7e0') in 0.0020062 seconds
Start importing Packages/com.unity.render-pipelines.core/Editor/Icons/RenderGraphViewer/d_ScriptLink@2x.png using Guid(5e032f76278407d46a6a3dc6ff0bdc36) (TextureImporter) -> (artifact id: '3a54e3f24067756b74a7e263005db1ef') in 0.001798 seconds
Start importing Packages/com.unity.shadergraph/GraphTemplates/Cross Pipeline/TerrainStandardTemplateThumbnail.png using Guid(6e413e07ed366984daa954acc11e85e9) (TextureImporter) -> (artifact id: 'a8da5ba8a24a3b98a04283ebf51b39e1') in 0.0199462 seconds
Start importing Packages/com.unity.inputsystem/InputSystem/Editor/Icons/Touch@4x.png using Guid(6e9283a12f5b74afbba696cbb82f5e7f) (TextureImporter) -> (artifact id: 'b4548301c9c15ed14d6247fdfde70b73') in 0.0018167 seconds
Start importing Packages/com.unity.render-pipelines.core/Editor/Icons/RenderGraphViewer/d_Resources@2x.png using Guid(6eb2e156a8a1f8149b02f135509f10ea) (TextureImporter) -> (artifact id: '44509486a8d487f48143a7f7ba05f875') in 0.0017575 seconds
Start importing Packages/com.unity.render-pipelines.core/Editor/Lighting/Icons/LightUnitIcons/MoonlessNight@2x.png using Guid(6e5a98aaa576d99408eeba30eb91eaba) (TextureImporter) -> (artifact id: '6e0a66d50db006a90a099417be3bfd4e') in 0.0016669 seconds
Start importing Packages/com.unity.render-pipelines.universal/Editor/2D/Resources/InspectorIcons/PointLight.png using Guid(6eaa9958d83ec43499e946a21edba283) (TextureImporter) -> (artifact id: '53b1f57b457b1246c44f4126286c2003') in 0.0024162 seconds
Start importing Packages/com.unity.render-pipelines.core/Editor/PostProcessing/LensFlareResource/Flare@2x.png using Guid(6e8cc863e4120a341b5e87a5235120c4) (TextureImporter) -> (artifact id: '5efd3b201d5e67151a4a830f8c76005c') in 0.0022191 seconds
Start importing Packages/com.unity.render-pipelines.core/Editor/Icons/MipLevels/d_RenderPipelineResources@64.png using Guid(7ef0eb993d6c43645b45ffcf1c0a91f0) (TextureImporter) -> (artifact id: '54b98b6df414c86cef2d41ed0875bb71') in 0.0013405 seconds
Start importing Packages/com.unity.inputsystem/InputSystem/Editor/Icons/Axis.png using Guid(7e853779c8fed4ebf917a0de21c79602) (TextureImporter) -> (artifact id: '24e2edc357ecca8b1b32c790bf1d7827') in 0.0013792 seconds
Start importing Packages/com.unity.shadergraph/Editor/Resources/GraphView/Nodes/NodeChevronLeft@2x.png using Guid(7e575e166832cb7478f6d674d896b778) (TextureImporter) -> (artifact id: 'da7c21b3c44049a7ee3941a5b402bc3d') in 0.0018743 seconds
Start importing Packages/com.unity.inputsystem/InputSystem/Editor/Icons/Mouse.png using Guid(9eb2b64988cb1443cab6da5dc5300d1c) (TextureImporter) -> (artifact id: 'c0e75d7f540a82d2d95feaf7eafeb723') in 0.0017054 seconds
Start importing Packages/com.unity.inputsystem/InputSystem/Editor/Icons/d_Keyboard@3x.png using Guid(9ec4e316700da46b88741a8153b33963) (TextureImporter) -> (artifact id: 'abcbbe21095ffcd51bef44d1e486ad8b') in 0.0019444 seconds
Start importing Packages/com.unity.render-pipelines.core/Editor/Lighting/Icons/LightUnitIcons/d_Fluorescent@2x.png using Guid(9ed59abbb45e72140ae72a33b30ea19e) (TextureImporter) -> (artifact id: '9490a4d27b774247cfb1ebbc4b86e878') in 0.0020764 seconds
Start importing Packages/com.unity.inputsystem/InputSystem/Editor/Icons/d_Gamepad@3x.png using Guid(9e882b58df0964f5b90ff99cb481ee79) (TextureImporter) -> (artifact id: 'bad1cb4ff535fc00da6dd937a73c8488') in 0.0022282 seconds
Start importing Packages/com.unity.inputsystem/InputSystem/Editor/Icons/Interactive Binding@4x.png using Guid(9e6c9e992a2ee4327bce1d6a8189cedb) (TextureImporter) -> (artifact id: '7deed23b54d7d4518dfc26620283d92f') in 0.0024386 seconds
Start importing Packages/com.unity.shadergraph/Editor/Resources/Icons/blackboard@2x.png using Guid(aed2175e23cfe426e8678485b004714e) (TextureImporter) -> (artifact id: '27538cc9f15af30309a9800f87dc909a') in 0.0020575 seconds
Start importing Packages/com.unity.inputsystem/InputSystem/Editor/Icons/d_Gamepad@2x.png using Guid(bed935caee9524e6780614c2055bfd35) (TextureImporter) -> (artifact id: '17a7ef059203061b636fa80f61d3343d') in 0.0022119 seconds
Start importing Packages/com.unity.render-pipelines.core/Editor/Lighting/Icons/LightPlacement_Icon@64.png using Guid(ce171bd6b515f1647a9a2c608ff705bb) (TextureImporter) -> (artifact id: '2a57d345c5f566b6f4489fe048bcf0c6') in 0.0019627 seconds
Start importing Packages/com.unity.inputsystem/InputSystem/Editor/Icons/d_Touch@2x.png using Guid(ceaa885da02f84da195f87de12535da6) (TextureImporter) -> (artifact id: 'e34a0d14d0ed1c633b7430d684a08087') in 0.0018069 seconds
Start importing Packages/com.unity.inputsystem/InputSystem/Editor/AssetEditor/PackageResources/personal/actionTreeBackground.png using Guid(ce5f11cd993284c4f9c54f854bdc8c9c) (TextureImporter) -> (artifact id: '643e9b61a492443006a7368c79f3e65f') in 0.0019509 seconds
Start importing Packages/com.unity.inputsystem/InputSystem/Editor/Icons/d_Orientation@4x.png using Guid(de98baf415a2c4d7dbe0de74cb6e171c) (TextureImporter) -> (artifact id: '37c628fa7e567dc9337f2760bc590146') in 0.0024844 seconds
Start importing Packages/com.unity.render-pipelines.universal/Editor/Gizmos/Camera_Overlay.png using Guid(de8dba0dc20209d4086c0dd93ddf0dd4) (TextureImporter) -> (artifact id: '8953ee9bdb9aef26419afbb7412eda8d') in 0.0026731 seconds
Start importing Packages/com.unity.ugui/Editor Resources/Gizmos/TMP - Font Asset Icon.psd using Guid(ee148e281f3c41c5b4ff5f8a5afe5a6c) (TextureImporter) -> (artifact id: 'ed4e5906c8b52fa8050754598dd6d2c6') in 0.0024547 seconds
Start importing Packages/com.unity.shadergraph/GraphTemplates/Cross Pipeline/LitParticleTemplateThumbnail.png using Guid(0f0c228bd0a3835428c403a8d1568ef5) (TextureImporter) -> (artifact id: '7c2272571170bd157733514df8df9677') in 0.094674 seconds
Start importing Packages/com.unity.render-pipelines.core/Editor/Lighting/Icons/LightUnitIcons/Shade@2x.png using Guid(1f20ae185bcb2254a844ed304955beb3) (TextureImporter) -> (artifact id: 'e5b64a48e819cb7dd656a33e3c4862e5') in 0.0023519 seconds
Start importing Packages/com.unity.shadergraph/GraphTemplates/Subgraphs/SmallNoiseMask.tga using Guid(2fe31a8312ab8524ebd8601be367f0c8) (TextureImporter) -> (artifact id: '0541a656c4437c6999a98076c1d665a2') in 0.0017087 seconds
Start importing Packages/com.unity.render-pipelines.core/Editor/LookDev/Icons/SunPosition@2x.png using Guid(2f75c34a5bc525545916fb8367422dd0) (TextureImporter) -> (artifact id: 'e838e8bdf22668a359d9df5e21b124d8') in 0.0025669 seconds
Start importing Packages/com.unity.ugui/Editor Resources/Gizmos/TMP - Text Component Icon.psd using Guid(2fd6421f253b4ef1a19526541f9ffc0c) (TextureImporter) -> (artifact id: 'f7b6f73ea6c33c228f602d9b619bad42') in 0.0023212 seconds
Start importing Packages/com.unity.shadergraph/Editor/Resources/Icons/sg_subgraph_icon.png using Guid(2f2e2190c36a7b54295d734e567b3e44) (TextureImporter) -> (artifact id: '2bddc6fe38c16b7034f486224b03fb31') in 0.0017584 seconds
Start importing Packages/com.unity.render-pipelines.core/Editor/LookDev/Icons/LayoutCustom@2x.png using Guid(2fffe801f98fb314484382ea4affcf94) (TextureImporter) -> (artifact id: '579466fb5e0db5792ed154397a8ae625') in 0.0018826 seconds
Start importing Packages/com.unity.render-pipelines.core/Editor/Lighting/Icons/LightUnitIcons/d_Candlelight.png using Guid(3f9a63faecec9a34c9ffbfedd9ac5c3b) (TextureImporter) -> (artifact id: 'b77196644e05328c79cfe07ef2249d87') in 0.0016055 seconds
Start importing Packages/com.unity.render-pipelines.core/Editor/LookDev/Icons/d_Remove.png using Guid(4ff71d806d58fd041be6e55d1d1ca70e) (TextureImporter) -> (artifact id: 'e42c503d5d0839f4db0f020d28699cca') in 0.0016901 seconds
Start importing Packages/com.unity.inputsystem/InputSystem/Editor/Icons/Orientation@3x.png using Guid(5f09d534eb1414449a2758696bd4dd11) (TextureImporter) -> (artifact id: 'e5e02676faf726e8d4c8c162a6c644af') in 0.0021887 seconds
Start importing Packages/com.unity.inputsystem/InputSystem/Editor/Icons/Keyboard@4x.png using Guid(7fc0926499f7a4500b152d45397c44a4) (TextureImporter) -> (artifact id: '8c42c38126d5c94ed92233a97ab7b07f') in 0.0016742 seconds
Start importing Packages/com.unity.render-pipelines.universal/Editor/2D/Resources/SceneViewIcons/GlobalLight.png using Guid(7f923c32ff8dfab40b5673135ddb6cd4) (TextureImporter) -> (artifact id: '2f0d77fcdb1d54e6ca47838aa63ca9a8') in 0.0037145 seconds
Start importing Packages/com.unity.inputsystem/InputSystem/Editor/Icons/Orientation.png using Guid(7fb7b46a8c63948d2b28dc394281bf5a) (TextureImporter) -> (artifact id: '6ada2cd545df3925141c7b77cd8cd84b') in 0.0018015 seconds
Start importing Packages/com.unity.inputsystem/InputSystem/Editor/Icons/d_ChevronUp.png using Guid(7fad89501bb5c408e956934bf2eb8ae3) (TextureImporter) -> (artifact id: '0418524ced6fdc5b1c152cb5f01e845a') in 0.0016183 seconds
Start importing Packages/com.unity.render-pipelines.universal/Editor/2D/Resources/InspectorIcons/GlobalLight.png using Guid(8f5dd14b314efbe4684329d8a14bbe38) (TextureImporter) -> (artifact id: '87693cdce29de9a9dddf69380e7b30ce') in 0.0021247 seconds
Start importing Packages/com.unity.render-pipelines.universal/Textures/BlueNoise16/L/LDR_LLL1_12.png using Guid(bfed3e498947fcb4890b7f40f54d85b9) (TextureImporter) -> (artifact id: 'd2400d0dd0c275653b286c092244a768') in 0.0014811 seconds
Start importing Packages/com.unity.render-pipelines.core/Editor/LookDev/Icons/renderdoc.png using Guid(cf13fb90f91d2a545a00591d75b43bd8) (TextureImporter) -> (artifact id: '88fc02d3b44e1050ca9df962a02def67') in 0.0023931 seconds
Start importing Packages/com.unity.inputsystem/InputSystem/Editor/AssetEditor/PackageResources/personal/actionTreeBackgroundWithoutBorder.png using Guid(cf632ed80bf1f46c980de6b1b8b903ef) (TextureImporter) -> (artifact id: '786c1aa7ea5cc1ae67251a8de93bf531') in 0.0017494 seconds
Start importing Packages/com.unity.render-pipelines.core/Editor/Lighting/Icons/LightAnchor_Icon.png using Guid(df491817340312f439c32f95902ddee7) (TextureImporter) -> (artifact id: '8de785f65b5e8864624b2043636dc2bb') in 0.0027275 seconds
Start importing Packages/com.unity.render-pipelines.core/Editor/LookDev/Icons/RightArrow.png using Guid(df4dc708bd8692446a6d5c3531ac377b) (TextureImporter) -> (artifact id: '5f1f8921e8efeae9c4429d2f69f3ba19') in 0.0021247 seconds
Start importing Packages/com.unity.render-pipelines.core/Editor/Lighting/Icons/LightPlacement_Icon@16.png using Guid(ef06ba4eb3daf484f8b1a9e1ac266945) (TextureImporter) -> (artifact id: '8639d42c03a6017c3131123a6a18c96a') in 0.0017431 seconds
Start importing Packages/com.unity.inputsystem/InputSystem/Editor/Icons/TrackedPoseDriver@2x.png using Guid(ff8479815905ce84e9ef610d926f28c8) (TextureImporter) -> (artifact id: 'd72ee9350cfda1b778cb60d4ecc1a919') in 0.0019111 seconds
Start importing Packages/com.unity.render-pipelines.universal/Textures/BlueNoise16/L/LDR_LLL1_28.png using Guid(ff47e5a0f105eb34883b973e51f4db62) (TextureImporter) -> (artifact id: 'f9f7a55539069605276f2bdb21414d87') in 0.0018004 seconds
Start importing Packages/com.unity.inputsystem/InputSystem/Editor/AssetEditor/PackageResources/green.png using Guid(ffeba93637e654de6a5906b48520dc94) (TextureImporter) -> (artifact id: '3845629d5b871aa39254897ea641b6c0') in 0.0019348 seconds
Start importing Packages/com.unity.render-pipelines.core/Editor/LookDev/Icons/d_LookDev@2x.png using Guid(ffdf80dc342e69344b2dccafe04c30ee) (TextureImporter) -> (artifact id: 'c2c7ac32a546a33af54e44ae5ab5971f') in 0.0026102 seconds
Start importing Packages/com.unity.render-pipelines.core/Tests/Editor/UnifiedRayTracing/TraceRays.urtshader using Guid(1142bbad8b9e8c44c83a9775ff120d37) (ScriptedImporter)
Compiling Ray Tracing Shader "TraceRays.urtshader", keywords = <no keywords>
    finished in 0.01 seconds. Local cache hits 0, remote cache hits 0, compiled 1 platform variants
 -> (artifact id: '5553b18b7c8112bb9ccf89122cb67ade') in 0.0229947 seconds
Start importing Packages/com.unity.render-pipelines.universal/Runtime/RendererFeatures/SurfaceCacheGI/SurfaceCacheCore/RisEstimation.urtshader using Guid(713f6141bd66a134383b787f2eaa7c11) (ScriptedImporter)
Compiling Ray Tracing Shader "RisEstimation.urtshader", keywords = <no keywords>
    finished in 0.07 seconds. Local cache hits 0, remote cache hits 0, compiled 1 platform variants
 -> (artifact id: 'f3e1c77ba19ceee35f0267b5d0e51b7e') in 0.0811633 seconds
Start importing Packages/com.unity.render-pipelines.core/Editor/Lighting/ProbeVolume/RenderingLayerMask/TraceRenderingLayerMask.urtshader using Guid(94a070d33e408384bafc1dea4a565df9) (ScriptedImporter)
Compiling Ray Tracing Shader "TraceRenderingLayerMask.urtshader", keywords = <no keywords>
    finished in 0.06 seconds. Local cache hits 0, remote cache hits 0, compiled 1 platform variants
 -> (artifact id: '00bbb221d1e27c0f9443856a5487c0b3') in 0.0747388 seconds
Start importing Packages/com.unity.render-pipelines.universal/Runtime/RendererFeatures/SurfaceCacheGI/SurfaceCacheCore/UniformEstimation.urtshader using Guid(94a39d12848d8d64ca962a72b74e7c50) (ScriptedImporter)
Compiling Ray Tracing Shader "UniformEstimation.urtshader", keywords = <no keywords>
    finished in 0.08 seconds. Local cache hits 0, remote cache hits 0, compiled 1 platform variants
 -> (artifact id: '196b48d16add00849a1cec00bdd2d24f') in 0.0897723 seconds
Start importing Packages/com.unity.render-pipelines.core/Tests/Editor/UnifiedRayTracing/TraceTransparentRays.urtshader using Guid(6513c3b892e933c4f8d00c19d5c47532) (ScriptedImporter)
Compiling Ray Tracing Shader "TraceTransparentRays.urtshader", keywords = <no keywords>
    finished in 0.01 seconds. Local cache hits 0, remote cache hits 0, compiled 1 platform variants
 -> (artifact id: '54b3dc491ce57cafb618490eab295fc7') in 0.0164128 seconds
Start importing Packages/com.unity.render-pipelines.core/Editor/Lighting/ProbeVolume/DynamicGI/DynamicGISkyOcclusion.urtshader using Guid(5a2a534753fbdb44e96c3c78b5a6999d) (ScriptedImporter)
Compiling Ray Tracing Shader "DynamicGISkyOcclusion.urtshader", keywords = <no keywords>
    finished in 0.07 seconds. Local cache hits 0, remote cache hits 0, compiled 1 platform variants
 -> (artifact id: '85aff15bdeaa166b3ec75f6e9791ba7e') in 0.0761674 seconds
Start importing Packages/com.unity.render-pipelines.core/Tests/Editor/UnifiedRayTracing/TraceRaysAndFetchAttributes.urtshader using Guid(fbc59f55df2416344b008dc23753cae2) (ScriptedImporter)
Compiling Ray Tracing Shader "TraceRaysAndFetchAttributes.urtshader", keywords = <no keywords>
    finished in 0.02 seconds. Local cache hits 0, remote cache hits 0, compiled 1 platform variants
 -> (artifact id: 'bb9357e14210f19acbd00034a5eda908') in 0.0303337 seconds
Start importing Packages/com.unity.render-pipelines.universal/Runtime/RendererFeatures/SurfaceCacheGI/SurfaceCacheCore/RestirCandidateTemporal.urtshader using Guid(ad3a9f9982f8c4f4a839a78955e78458) (ScriptedImporter)
Compiling Ray Tracing Shader "RestirCandidateTemporal.urtshader", keywords = <no keywords>
    finished in 0.08 seconds. Local cache hits 0, remote cache hits 0, compiled 1 platform variants
 -> (artifact id: '2a77cd8c49e7ad2366be5bb7e4a8b440') in 0.0984751 seconds
Start importing Packages/com.unity.render-pipelines.core/Editor/Lighting/ProbeVolume/VirtualOffset/TraceVirtualOffset.urtshader using Guid(ff2cbab5da58bf04d82c5f34037ed123) (ScriptedImporter)
Compiling Ray Tracing Shader "TraceVirtualOffset.urtshader", keywords = <no keywords>
    finished in 0.06 seconds. Local cache hits 0, remote cache hits 0, compiled 1 platform variants
 -> (artifact id: '1e33304e9d405c62e9503b03959361c1') in 0.0730737 seconds
Start importing Packages/com.unity.inputsystem/InputSystem/Editor/UITKAssetEditor/PackageResources/BindingPanelRowTemplate.uxml using Guid(449c8e5ca27af8e4a9db710c8be5e4df) (ScriptedImporter) -> (artifact id: '75c9d75a61798cb5a60967ea784b9795') in 0.1267111 seconds
Refreshing native plugins compatible for Editor in 3.52 ms, found 6 plugins.
Preloading 0 native plugins for Editor in 0.00 ms.
Asset Pipeline Refresh (id=d6e7e11d1e07b114ab382d5ac5458585): Total: 3.116 seconds - Initiated by RefreshV2(NoUpdateAssetOptions)
	Summary:
		Imports: total=10 (actual=10, local cache=0, cache server=0)
		Asset DB Process Time: managed=49 ms, native=2955 ms
		Asset DB Callback time: managed=45 ms, native=65 ms
		Scripting: domain reloads=0, domain reload time=0 ms, compile time=0 ms, other=0 ms
		Project Asset Count: scripts=1143, non-scripts=1698
		Asset File Changes: new=0, changed=0, moved=0, deleted=0
		Scan Filter Count: 0
	InvokeCustomDependenciesCallbacks: 0.001ms
	InvokePackagesCallback: 0.001ms
	ApplyChangesToAssetFolders: 0.136ms
	Scan: 5.682ms
	OnSourceAssetsModified: 0.001ms
	CategorizeAssetsWithTransientArtifact: 0.002ms
	ProcessAssetsWithTransientArtifactChanges: 0.064ms
	CategorizeAssets: 21.825ms
	ImportOutOfDateAssets: 2969.790ms (-23.050ms without children)
		ImportManagerImport: 2967.588ms (49.244ms without children)
			ImportInProcess: 2917.945ms
			UpdateCategorizedAssets: 0.399ms
		ReloadNativeAssets: 0.039ms
		UnloadImportedAssets: 0.732ms
		ReloadImportedAssets: 23.416ms
		EnsureUptoDateAssetsAreRegisteredWithGuidPM: 0.511ms
		InitializingProgressBar: 0.011ms
		PostProcessAllAssetNotificationsAddChangedAssets: 0.011ms
		OnDemandSchedulerStart: 0.532ms
	PostProcessAllAssets: 106.271ms
	Hotreload: 4.854ms
	GatherAllCurrentPrimaryArtifactRevisions: 0.111ms
	UnloadStreamsBegin: 0.002ms
	PersistCurrentRevisions: 0.746ms
	UnloadStreamsEnd: 0.001ms
	Untracked: 6.729ms

Launched and connected shader compiler UnityShaderCompiler.exe after 0.01 seconds
Start importing Packages/com.unity.render-pipelines.core/Runtime/Lighting/ProbeVolume/ProbeVolumeUploadDataL2.compute using Guid(6196f34ed825db14b81fb3eb0ea8d931) (ComputeShaderImporter) -> (artifact id: 'e6af34a02d3873f253dd75c7456cc3b9') in 0.0138207 seconds
Start importing Packages/com.unity.render-pipelines.universal/Runtime/RendererFeatures/SurfaceCacheGI/SurfaceCacheCore/Defrag.compute using Guid(a183a2d0b1da4904fb3bd71c6111ebb1) (ComputeShaderImporter) -> (artifact id: '07e72ec7f1191d058b7e0de22a6314f0') in 0.0068542 seconds
Start importing Packages/com.unity.render-pipelines.core/Runtime/UnifiedRayTracing/Compute/RadeonRays/kernels/scatter.compute using Guid(a2eaeefdac4637a44b734e85b7be9186) (ComputeShaderImporter) -> (artifact id: 'a21512c7147c438ca152a20b023bd685') in 0.0024951 seconds
Start importing Packages/com.unity.render-pipelines.core/Runtime/RenderPipelineResources/GPUDriven/OcclusionCullingDebug.compute using Guid(b23e766bcf50ca4438ef186b174557df) (ComputeShaderImporter) -> (artifact id: 'bd80bb9af9c2382f0290dc49127df35e') in 0.0059446 seconds
Start importing Packages/com.unity.render-pipelines.universal/Runtime/RendererFeatures/SurfaceCacheGI/SurfaceCacheCore/TemporalFiltering.compute using Guid(c23523f04780d754f927b9daf4f975b9) (ComputeShaderImporter) -> (artifact id: '9d251c998de8476610b095de87e89775') in 0.0033943 seconds
Start importing Packages/com.unity.render-pipelines.universal/Runtime/RendererFeatures/SurfaceCacheGI/FlatNormalResolution.compute using Guid(134e9451a58aaba43ba713adbd103d92) (ComputeShaderImporter) -> (artifact id: 'ca7fb29ec62e2c396bcb34db1648660b') in 0.0109636 seconds
Start importing Packages/com.unity.render-pipelines.core/Runtime/STP/StpSetup.compute using Guid(33be2e9a5506b2843bdb2bdff9cad5e1) (ComputeShaderImporter) -> (artifact id: '0877b53d41db37afdda87e88d3692de5') in 0.0130344 seconds
Start importing Packages/com.unity.render-pipelines.universal/Shaders/Debug/ProbeVolumeSamplingDebugPositionNormal.compute using Guid(53626a513ea68ce47b59dc1299fe3959) (ComputeShaderImporter) -> (artifact id: '4980a78c18ae265c859404b030e0bdb7') in 0.0135857 seconds
Start importing Packages/com.unity.render-pipelines.core/Runtime/RenderPipelineResources/GPUDriven/InstanceDataBufferUploadKernels.compute using Guid(53864816eb00f2343b60e1a2c5a262ef) (ComputeShaderImporter) -> (artifact id: '23f18591ede82fca24135c3c788c077f') in 0.0026784 seconds
Start importing Packages/com.unity.render-pipelines.universal/Runtime/RendererFeatures/SurfaceCacheGI/SurfaceCacheCore/SpatialFiltering.compute using Guid(63e59de460463bb4c9d64bc58051d12c) (ComputeShaderImporter) -> (artifact id: '4a4ffc3d213174190a1cc1e2730392db') in 0.0042142 seconds
Start importing Packages/com.unity.render-pipelines.core/Runtime/Lighting/ProbeVolume/ProbeVolumeBlendStates.compute using Guid(a3f7b8c99de28a94684cb1daebeccf5d) (ComputeShaderImporter) -> (artifact id: '6238f5df82af9ba9b8659398e0120c5c') in 0.0080542 seconds
Start importing Packages/com.unity.render-pipelines.universal/Runtime/RendererFeatures/SurfaceCacheGI/SurfaceCacheCore/RestirEstimation.compute using Guid(b5dbdcea251f42c4a9b8721877f436bf) (ComputeShaderImporter) -> (artifact id: 'd2bfd623bc4b5eeaf102a2ab042c21b3') in 0.0046331 seconds
Start importing Packages/com.unity.render-pipelines.core/Runtime/UnifiedRayTracing/Compute/RadeonRays/kernels/restructure_bvh.compute using Guid(56641cb88dcb31a4398a4997ef7a7a8c) (ComputeShaderImporter) -> (artifact id: 'a1815b9a27b7ce6d9e82861d153fed51') in 0.0036161 seconds
Start importing Packages/com.unity.render-pipelines.core/Tests/Editor/CopyDepthToBuffer.compute using Guid(6666e5f03ff07054dbb7a7ac6e6aaee0) (ComputeShaderImporter) -> (artifact id: '32b8b24810d32caf2bc735cb62ba5554') in 0.0020364 seconds
Start importing Packages/com.unity.render-pipelines.core/Runtime/UnifiedRayTracing/Compute/RadeonRays/kernels/bit_histogram.compute using Guid(8670f7ce4b60cef43bed36148aa1b0a2) (ComputeShaderImporter) -> (artifact id: 'cdde127c0912d9be8096b0b7fceccdc4') in 0.0021002 seconds
Start importing Packages/com.unity.render-pipelines.core/Runtime/STP/StpPreTaa.compute using Guid(a679dba8ec4d9ce45884a270b0e22dda) (ComputeShaderImporter) -> (artifact id: '285d68685f5b85bc2540c0e26a42e38d') in 0.0108802 seconds
Start importing Packages/com.unity.render-pipelines.core/Runtime/RenderPipelineResources/GPUDriven/InstanceOcclusionCullingKernels.compute using Guid(f6d223acabc2f974795a5a7864b50e6c) (ComputeShaderImporter) -> (artifact id: 'b67d5622c9659613a8b6df8a9318d345') in 0.0085063 seconds
Start importing Packages/com.unity.render-pipelines.universal/Runtime/RendererFeatures/SurfaceCacheGI/SurfaceCacheCore/Scrolling.compute using Guid(47bbc3edf61978b498603cc2a1b87eea) (ComputeShaderImporter) -> (artifact id: '0efb548c2802782f96f26343e2e24e53') in 0.0038018 seconds
Start importing Packages/com.unity.render-pipelines.core/Tests/Runtime/Threading/FunctionTestsGroup.compute using Guid(77f6c3e00d2daf84ba7b57e205d5dd64) (ComputeShaderImporter) -> (artifact id: '25ea91cc7dde7c91bb201dc97223c77d') in 0.0076493 seconds
Start importing Packages/com.unity.render-pipelines.core/Runtime/RenderPipelineResources/GPUDriven/OccluderDepthPyramidKernels.compute using Guid(08b2b5fb307b0d249860612774a987da) (ComputeShaderImporter) -> (artifact id: '623381fe94d30f09c618d0e67a9057a3') in 0.0056759 seconds
Start importing Packages/com.unity.render-pipelines.core/Runtime/UnifiedRayTracing/Common/GeometryPool/GeometryPoolKernels.compute using Guid(98e3d58cae7210c4786f67f504c9e899) (ComputeShaderImporter) -> (artifact id: '4878001d2e973b925161ed906515928e') in 0.0024852 seconds
Start importing Packages/com.unity.render-pipelines.core/Runtime/Lighting/ProbeVolume/ProbeVolumeUploadData.compute using Guid(0951de5992461754fa73650732c4954c) (ComputeShaderImporter) -> (artifact id: 'd3f7ba7fe8ba88199de105020193f9dc') in 0.0082843 seconds
Start importing Packages/com.unity.render-pipelines.core/Runtime/STP/StpTaa.compute using Guid(3923900e2b41b5e47bc25bfdcbcdc9e6) (ComputeShaderImporter) -> (artifact id: 'e14e0c36257d614b38bb8ca6ced02460') in 0.0111133 seconds
Start importing Packages/com.unity.render-pipelines.universal/Runtime/RendererFeatures/SurfaceCacheGI/SurfaceCacheCore/Eviction.compute using Guid(c9f2aeed6ef396f4d9134e4da1edfe19) (ComputeShaderImporter) -> (artifact id: 'bf3ca936db1035125f9c7ec4c98345ad') in 0.0043326 seconds
Start importing Packages/com.unity.render-pipelines.core/Runtime/RenderPipelineResources/GPUDriven/InstanceDataBufferCopyKernels.compute using Guid(f984aeb540ded8b4fbb8a2047ab5b2e2) (ComputeShaderImporter) -> (artifact id: '7e751381193c99e62ab7c088464d6224') in 0.0018381 seconds
Start importing Packages/com.unity.render-pipelines.core/Runtime/UnifiedRayTracing/Compute/RadeonRays/kernels/CopyPositions.compute using Guid(1ad53a96b58d3c3488dde4f14db1aaeb) (ComputeShaderImporter) -> (artifact id: 'fa56e8c0715b597f42b1814390015230') in 0.0017329 seconds
Start importing Packages/com.unity.render-pipelines.core/Runtime/RenderPipelineResources/GPUDriven/InstanceTransformUpdateKernels.compute using Guid(2a567b9b2733f8d47a700c3c85bed75b) (ComputeShaderImporter) -> (artifact id: 'e0f67ef21d719b7fbda47ac5419d2e0f') in 0.00527 seconds
Start importing Packages/com.unity.render-pipelines.core/Runtime/Vrs/Shaders/VrsTexture.compute using Guid(cacb30de6c40c7444bbc78cb0a81fd2a) (ComputeShaderImporter) -> (artifact id: '98a8ad0a985afe913d48689f75ea98ea') in 0.0072572 seconds
Start importing Packages/com.unity.render-pipelines.core/Runtime/UnifiedRayTracing/Common/Utilities/CopyBuffer.compute using Guid(1b95b5dcf48d1914c9e1e7405c7660e3) (ComputeShaderImporter) -> (artifact id: '27a13a8f1f52a7fcdff4256daa285ab8') in 0.0026436 seconds
Start importing Packages/com.unity.render-pipelines.core/Editor/Lighting/ProbeVolume/ProbeVolumeCellDilation.compute using Guid(6bb382f7de370af41b775f54182e491d) (ComputeShaderImporter) -> (artifact id: 'fe54b2c47393d3f1b473fb03df4191d5') in 0.0101017 seconds
Start importing Packages/com.unity.render-pipelines.core/Tests/Editor/BufferCopyTest.compute using Guid(8ba6ac699baf35242857feaf27c9cc2a) (ComputeShaderImporter) -> (artifact id: 'cd42dca338e39d8db20980417580a965') in 0.0031491 seconds
Start importing Packages/com.unity.render-pipelines.universal/Runtime/RendererFeatures/SurfaceCacheGI/SurfaceCacheCore/RestirSpatial.compute using Guid(8bf708594b6a9224b9a0915f3db08c5d) (ComputeShaderImporter) -> (artifact id: '3229fc511b11a38f9658edb0d2ef6134') in 0.0051473 seconds
Start importing Packages/com.unity.render-pipelines.core/Editor/Lighting/ProbeVolume/ProbeVolumeSubdivide.compute using Guid(bb86f1f0af829fd45b2ebddda1245c22) (ComputeShaderImporter) -> (artifact id: 'ad4a04afa1356700d57e6b7ea783d357') in 0.006853 seconds
Start importing Packages/com.unity.render-pipelines.universal/Runtime/RendererFeatures/SurfaceCacheGI/ScreenResolveUpsampling.compute using Guid(7c302ee1d7410a6458981a5f329520b4) (ComputeShaderImporter) -> (artifact id: '9ec5f22999acad2da745d2a438e03427') in 0.0131048 seconds
Start importing Packages/com.unity.render-pipelines.core/Tests/Runtime/Threading/FunctionTestsWave.compute using Guid(7cce01e3b2c07a34b8a6cfa8dcd99d0b) (ComputeShaderImporter) -> (artifact id: 'ebd08c6dcac6d76eeb21124070c0d2c8') in 0.0087602 seconds
Start importing Packages/com.unity.render-pipelines.core/Runtime/UnifiedRayTracing/Compute/RadeonRays/kernels/build_hlbvh.compute using Guid(2d70cd6be91bd7843a39a54b51c15b13) (ComputeShaderImporter) -> (artifact id: '98ac2b01caced4e8a2087cf35571b19e') in 0.0044753 seconds
Start importing Packages/com.unity.render-pipelines.universal/Runtime/RendererFeatures/SurfaceCacheGI/PatchAllocation.compute using Guid(3d9fc4c0ae8e22f49a8ebefad82718d9) (ComputeShaderImporter) -> (artifact id: '9ed3359a925bbc8a794dfc25c6ac8ea6') in 0.0114692 seconds
Start importing Packages/com.unity.render-pipelines.universal/Runtime/RendererFeatures/SurfaceCacheGI/Debug.compute using Guid(4d40202dfa5473d44bcdc97e00d74703) (ComputeShaderImporter) -> (artifact id: 'e4c27c69fa7a93ba376eed05a6b0f464') in 0.0138777 seconds
Start importing Packages/com.unity.render-pipelines.universal/Runtime/RendererFeatures/SurfaceCacheGI/ScreenResolveLookup.compute using Guid(4d271c06564c6784392d81f949558e5c) (ComputeShaderImporter) -> (artifact id: '184ac69b066e5c1112f37dac834efed8') in 0.0150865 seconds
Start importing Packages/com.unity.render-pipelines.core/Runtime/UnifiedRayTracing/Compute/RadeonRays/kernels/block_scan.compute using Guid(4d6d5de35fa45ef4a92119397a045cc9) (ComputeShaderImporter) -> (artifact id: 'fb2d917af167f60a3810464a914ecec3') in 0.003624 seconds
Start importing Packages/com.unity.render-pipelines.core/Runtime/RenderPipelineResources/GPUDriven/InstanceWindDataUpdateKernels.compute using Guid(fde76746e4fd0ed418c224f6b4084114) (ComputeShaderImporter) -> (artifact id: '3b44d9ad68a9ee2927011c7854d8c169') in 0.0057491 seconds
Start importing Packages/com.unity.render-pipelines.core/Runtime/UnifiedRayTracing/Compute/RadeonRays/kernels/block_reduce_part.compute using Guid(4e034cc8ea2635c4e9f063e5ddc7ea7a) (ComputeShaderImporter) -> (artifact id: 'fcc459f7246795c4afa448d6c6bb8c7d') in 0.0027537 seconds
Start importing Packages/com.unity.render-pipelines.core/Tests/Editor/UnifiedRayTracing/TraceRays.urtshader using Guid(1142bbad8b9e8c44c83a9775ff120d37) (ScriptedImporter)
Compiling Ray Tracing Shader "TraceRays.urtshader", keywords = <no keywords>
    finished in 0.00 seconds. Local cache hits 1, remote cache hits 0, compiled 0 platform variants
 -> (artifact id: 'd80be216bfc3907078e67d2b749f14a1') in 0.00766 seconds
Start importing Packages/com.unity.render-pipelines.universal/Runtime/RendererFeatures/SurfaceCacheGI/SurfaceCacheCore/RisEstimation.urtshader using Guid(713f6141bd66a134383b787f2eaa7c11) (ScriptedImporter)
Compiling Ray Tracing Shader "RisEstimation.urtshader", keywords = <no keywords>
    finished in 0.00 seconds. Local cache hits 1, remote cache hits 0, compiled 0 platform variants
 -> (artifact id: '7fbfa71609ca57f9cd02535be1c68ba7') in 0.0151797 seconds
Start importing Packages/com.unity.render-pipelines.core/Editor/Lighting/ProbeVolume/RenderingLayerMask/TraceRenderingLayerMask.urtshader using Guid(94a070d33e408384bafc1dea4a565df9) (ScriptedImporter)
Compiling Ray Tracing Shader "TraceRenderingLayerMask.urtshader", keywords = <no keywords>
    finished in 0.00 seconds. Local cache hits 1, remote cache hits 0, compiled 0 platform variants
 -> (artifact id: '7a03d9d14563c02c907e2adb430eff06') in 0.0178008 seconds
Start importing Packages/com.unity.render-pipelines.universal/Runtime/RendererFeatures/SurfaceCacheGI/SurfaceCacheCore/UniformEstimation.urtshader using Guid(94a39d12848d8d64ca962a72b74e7c50) (ScriptedImporter)
Compiling Ray Tracing Shader "UniformEstimation.urtshader", keywords = <no keywords>
    finished in 0.00 seconds. Local cache hits 1, remote cache hits 0, compiled 0 platform variants
 -> (artifact id: '4fe771c34f48870b19c97bb0115684eb') in 0.0155253 seconds
Start importing Packages/com.unity.render-pipelines.core/Tests/Editor/UnifiedRayTracing/TraceTransparentRays.urtshader using Guid(6513c3b892e933c4f8d00c19d5c47532) (ScriptedImporter)
Compiling Ray Tracing Shader "TraceTransparentRays.urtshader", keywords = <no keywords>
    finished in 0.00 seconds. Local cache hits 1, remote cache hits 0, compiled 0 platform variants
 -> (artifact id: '9a07b414324fed30a6d293df643ee83c') in 0.0065866 seconds
Start importing Packages/com.unity.render-pipelines.core/Editor/Lighting/ProbeVolume/DynamicGI/DynamicGISkyOcclusion.urtshader using Guid(5a2a534753fbdb44e96c3c78b5a6999d) (ScriptedImporter)
Compiling Ray Tracing Shader "DynamicGISkyOcclusion.urtshader", keywords = <no keywords>
    finished in 0.00 seconds. Local cache hits 1, remote cache hits 0, compiled 0 platform variants
 -> (artifact id: 'e3ee95903216e95686ad7bf2f0dff69f') in 0.0104734 seconds
Start importing Packages/com.unity.render-pipelines.core/Tests/Editor/UnifiedRayTracing/TraceRaysAndFetchAttributes.urtshader using Guid(fbc59f55df2416344b008dc23753cae2) (ScriptedImporter)
Compiling Ray Tracing Shader "TraceRaysAndFetchAttributes.urtshader", keywords = <no keywords>
    finished in 0.00 seconds. Local cache hits 1, remote cache hits 0, compiled 0 platform variants
 -> (artifact id: '3e804444b35f3f85017c8bfbc8959651') in 0.0084762 seconds
Start importing Packages/com.unity.render-pipelines.universal/Runtime/RendererFeatures/SurfaceCacheGI/SurfaceCacheCore/RestirCandidateTemporal.urtshader using Guid(ad3a9f9982f8c4f4a839a78955e78458) (ScriptedImporter)
Compiling Ray Tracing Shader "RestirCandidateTemporal.urtshader", keywords = <no keywords>
    finished in 0.00 seconds. Local cache hits 1, remote cache hits 0, compiled 0 platform variants
 -> (artifact id: 'ad5197ad9bab8d580be1d88094175f22') in 0.0133115 seconds
Start importing Packages/com.unity.render-pipelines.core/Editor/Lighting/ProbeVolume/VirtualOffset/TraceVirtualOffset.urtshader using Guid(ff2cbab5da58bf04d82c5f34037ed123) (ScriptedImporter)
Compiling Ray Tracing Shader "TraceVirtualOffset.urtshader", keywords = <no keywords>
    finished in 0.00 seconds. Local cache hits 1, remote cache hits 0, compiled 0 platform variants
 -> (artifact id: '52f047cc5ea74d266160dd328f9db96c') in 0.0170584 seconds
Refreshing native plugins compatible for Editor in 3.96 ms, found 6 plugins.
Preloading 0 native plugins for Editor in 0.00 ms.
Asset Pipeline Refresh (id=d829f5ba1ddd4824c861aecd2926938c): Total: 0.571 seconds - Initiated by RefreshV2(NoUpdateAssetOptions)
	Summary:
		Imports: total=51 (actual=51, local cache=0, cache server=0)
		Asset DB Process Time: managed=2 ms, native=450 ms
		Asset DB Callback time: managed=3 ms, native=114 ms
		Scripting: domain reloads=0, domain reload time=0 ms, compile time=0 ms, other=0 ms
		Project Asset Count: scripts=1143, non-scripts=1698
		Asset File Changes: new=0, changed=0, moved=0, deleted=0
		Scan Filter Count: 0
	InvokeCustomDependenciesCallbacks: 0.000ms
	InvokePackagesCallback: 0.001ms
	ApplyChangesToAssetFolders: 0.082ms
	Scan: 0.000ms
	OnSourceAssetsModified: 0.000ms
	CategorizeAssetsWithTransientArtifact: 0.001ms
	ProcessAssetsWithTransientArtifactChanges: 0.032ms
	CategorizeAssets: 18.482ms
	ImportOutOfDateAssets: 431.055ms (-8.021ms without children)
		ImportManagerImport: 415.024ms (10.116ms without children)
			ImportInProcess: 403.718ms
			UpdateCategorizedAssets: 1.190ms
		ReloadNativeAssets: 0.019ms
		UnloadImportedAssets: 15.149ms
		ReloadImportedAssets: 8.267ms
		EnsureUptoDateAssetsAreRegisteredWithGuidPM: 0.339ms
		InitializingProgressBar: 0.007ms
		PostProcessAllAssetNotificationsAddChangedAssets: 0.002ms
		OnDemandSchedulerStart: 0.270ms
	PostProcessAllAssets: 112.986ms
	Hotreload: 4.563ms
	GatherAllCurrentPrimaryArtifactRevisions: 0.117ms
	UnloadStreamsBegin: 0.144ms
	PersistCurrentRevisions: 0.285ms
	UnloadStreamsEnd: 0.000ms
	Untracked: 2.918ms

Start importing Assets/Hospital/Settings/Hospital_PCVR_Renderer.asset using Guid(f85eacc74777b03459a612985df23860) (NativeFormatImporter) -> (artifact id: 'ca2615a0c82a6a2c6a34ff669d946a06') in 0.0026424 seconds
Refreshing native plugins compatible for Editor in 5.21 ms, found 6 plugins.
Preloading 0 native plugins for Editor in 0.00 ms.
Asset Pipeline Refresh (id=247c91c35a29ce046a322e064189bbc1): Total: 0.047 seconds - Initiated by StopAssetImportingV2(NoUpdateAssetOptions)
Start importing Assets/Hospital/Settings/Hospital_PCVR_URP.asset using Guid(09fbd1b998cd4d2418d6b2ea8189e940) (NativeFormatImporter) -> (artifact id: '7da336886fb0796b849bb0d15ec05e0c') in 0.0017837 seconds
Refreshing native plugins compatible for Editor in 2.64 ms, found 6 plugins.
Preloading 0 native plugins for Editor in 0.00 ms.
Asset Pipeline Refresh (id=b8abd1c0deb835742919eb0d5d0d33e9): Total: 0.029 seconds - Initiated by StopAssetImportingV2(NoUpdateAssetOptions)
Start importing ProjectSettings/TagManager.asset using Guid(00000000000000003000000000000000) (LibraryAssetImporter) -> (artifact id: '414286819fbf3f7b4087bc65b1eb3237') in 0.0021718 seconds
Start importing ProjectSettings/ProjectSettings.asset using Guid(00000000000000004000000000000000) (LibraryAssetImporter) -> (artifact id: '23a66668730609685d79987ab719c906') in 0.0021097 seconds
Start importing ProjectSettings/QualitySettings.asset using Guid(00000000000000009000000000000000) (LibraryAssetImporter) -> (artifact id: '50f8fb7423c008be0d4c3570505a4c9e') in 0.0017752 seconds
Start importing ProjectSettings/GraphicsSettings.asset using Guid(00000000000000006100000000000000) (LibraryAssetImporter) -> (artifact id: '693a14da47dbb91132de916daa8be5dd') in 0.0013448 seconds
Start importing Packages/com.unity.render-pipelines.core/Runtime/Debug/ProbeSamplingDebugMesh.fbx using Guid(20be25aac4e22ee49a7db76fb3df6de2) (FBXImporter) -> (artifact id: '7e39dced9602f7951d3170446b18a222') in 0.0195362 seconds
Start importing Packages/com.unity.render-pipelines.core/Runtime/RenderPipelineResources/Mesh/SamplesFixture.fbx using Guid(b28fa67a0ff82c5478f27368dc627683) (FBXImporter) -> (artifact id: 'afa1a0923c2813c707c32ab3321f8195') in 0.048688 seconds
Start importing Packages/com.unity.render-pipelines.core/Runtime/RenderPipelineResources/Mesh/UnityMaterialBall.fbx using Guid(39857cfad1651644682ff5b772e6e697) (FBXImporter) -> (artifact id: '57d0373a3174ed55b3f82554bbcb8e4e') in 0.055935 seconds
Start importing Packages/com.unity.render-pipelines.core/Runtime/RenderPipelineResources/Mesh/BackgroundMesh.fbx using Guid(b9ae429aca254fa41966db24b9e53232) (FBXImporter) -> (artifact id: '232b68c2a99c0cdf3eabb1f7b0b3fb21') in 0.0150231 seconds
Start importing Packages/com.unity.render-pipelines.core/Runtime/RenderPipelineResources/Mesh/SamplesFloorSpotlight.fbx using Guid(1dbf28c1bb322474d981b2dc555e28b0) (FBXImporter) -> (artifact id: 'b2349d8c42950838b892b01f4b0afd4b') in 0.0161859 seconds
Start importing Packages/com.unity.render-pipelines.core/Runtime/RenderPipelineResources/Mesh/SamplesSpotlightModel.fbx using Guid(4e8732d4875cc0647b52b55a218072b6) (FBXImporter) -> (artifact id: '5aa1a9c7039d086ec8a6714935e2b9c0') in 0.0238442 seconds
Start importing Packages/com.unity.render-pipelines.core/Editor/Resources/DebugProbe.fbx using Guid(9e1c97fc44f9a8744b61b58f72c56de4) (FBXImporter) -> (artifact id: '792b6db17dd291105a6ba8316d04e3ca') in 0.0137424 seconds
Start importing Assets/Hospital/Settings/Hospital_PCVR_Renderer.asset using Guid(f85eacc74777b03459a612985df23860) (NativeFormatImporter) -> (artifact id: 'ca2615a0c82a6a2c6a34ff669d946a06') in 0.0015479 seconds
Start importing Assets/Hospital/Settings/Hospital_PCVR_URP.asset using Guid(09fbd1b998cd4d2418d6b2ea8189e940) (NativeFormatImporter) -> (artifact id: '6c93cb978c181317d3a944ba46c1d6fe') in 0.0014428 seconds
Refreshing native plugins compatible for Editor in 2.65 ms, found 6 plugins.
Preloading 0 native plugins for Editor in 0.00 ms.
Asset Pipeline Refresh (id=0ebf801316c5fcd46af0ef6df9163803): Total: 0.252 seconds - Initiated by StopAssetImportingV2(NoUpdateAssetOptions)
Start importing Assets/Hospital/Materials/MAT_Aluminium_Charcoal.mat using Guid(4d6647e5dd7154546b4d8d04ae147e9c) (NativeFormatImporter) -> (artifact id: '9b70b2749a8f634c4f5ec35b840c5486') in 0.0015259 seconds
Refreshing native plugins compatible for Editor in 2.73 ms, found 6 plugins.
Preloading 0 native plugins for Editor in 0.00 ms.
Asset Pipeline Refresh (id=d8a985c583c2c9c49999007c82d5d88a): Total: 0.029 seconds - Initiated by StopAssetImportingV2(NoUpdateAssetOptions)
Start importing Assets/Hospital/Materials/MAT_Architectural_ShadowGap.mat using Guid(065782ae8ca97d64497d51628550788c) (NativeFormatImporter) -> (artifact id: '4297dd48bc6ae6e41d20a98b55f5e79e') in 0.0016614 seconds
Refreshing native plugins compatible for Editor in 2.49 ms, found 6 plugins.
Preloading 0 native plugins for Editor in 0.00 ms.
Asset Pipeline Refresh (id=a0b914806892f0b409540aa483d11372): Total: 0.028 seconds - Initiated by StopAssetImportingV2(NoUpdateAssetOptions)
Start importing Assets/Hospital/Materials/MAT_Canopy_RecessedSoffit.mat using Guid(db058a0f4fed39e43a6c3e985f9fb756) (NativeFormatImporter) -> (artifact id: '5687b5ff8ce811f308e7634f6d416bbd') in 0.0023958 seconds
Refreshing native plugins compatible for Editor in 3.59 ms, found 6 plugins.
Preloading 0 native plugins for Editor in 0.00 ms.
Asset Pipeline Refresh (id=85569e3952a3ae449aabf95319089a7f): Total: 0.030 seconds - Initiated by StopAssetImportingV2(NoUpdateAssetOptions)
Start importing Assets/Hospital/Materials/MAT_Composite_LightGrey.mat using Guid(67714f9bf3fb02945a40b6571a64c58b) (NativeFormatImporter) -> (artifact id: 'ea7802a253510881ab67280bce6694c8') in 0.0020264 seconds
Refreshing native plugins compatible for Editor in 2.92 ms, found 6 plugins.
Preloading 0 native plugins for Editor in 0.00 ms.
Asset Pipeline Refresh (id=d8302723f38415d4c985524ee0d04411): Total: 0.030 seconds - Initiated by StopAssetImportingV2(NoUpdateAssetOptions)
Start importing Assets/Hospital/Materials/MAT_Composite_WarmOffWhite.mat using Guid(81af0662b33f0ec48ad8a354fdb14560) (NativeFormatImporter) -> (artifact id: 'b9408dcddd2bc30657d4ce043c070257') in 0.0017665 seconds
Refreshing native plugins compatible for Editor in 2.38 ms, found 6 plugins.
Preloading 0 native plugins for Editor in 0.00 ms.
Asset Pipeline Refresh (id=5351e141241877145b48411797b8c7ba): Total: 0.028 seconds - Initiated by StopAssetImportingV2(NoUpdateAssetOptions)
Start importing Assets/Hospital/Materials/MAT_CornerBalcony_BlueGreyRoomGlass.mat using Guid(3a6a01099d12cf648888298db67e5a89) (NativeFormatImporter) -> (artifact id: 'c1268cebec39d7a9a0bde792cbaaf7d6') in 0.0017243 seconds
Refreshing native plugins compatible for Editor in 2.42 ms, found 6 plugins.
Preloading 0 native plugins for Editor in 0.00 ms.
Asset Pipeline Refresh (id=03ee8b7e4b923e34f99e325472a07291): Total: 0.027 seconds - Initiated by StopAssetImportingV2(NoUpdateAssetOptions)
Start importing Assets/Hospital/Materials/MAT_CornerBalcony_IntegratedDoorGlass.mat using Guid(ef7fc5a5a2e51a1458e91dd2db305749) (NativeFormatImporter) -> (artifact id: 'bd7017e0a73abb6a5d7cea3d815172cc') in 0.0022062 seconds
Refreshing native plugins compatible for Editor in 2.73 ms, found 6 plugins.
Preloading 0 native plugins for Editor in 0.00 ms.
Asset Pipeline Refresh (id=74a43325453cadf45a51bf6f55973fe6): Total: 0.029 seconds - Initiated by StopAssetImportingV2(NoUpdateAssetOptions)
Start importing Assets/Hospital/Materials/MAT_CornerBalcony_UltraClearGuard.mat using Guid(83539c5aea37112409432afb340f8810) (NativeFormatImporter) -> (artifact id: 'c4f9cf37268e437e05862dca78810ece') in 0.0018233 seconds
Refreshing native plugins compatible for Editor in 2.61 ms, found 6 plugins.
Preloading 0 native plugins for Editor in 0.00 ms.
Asset Pipeline Refresh (id=91747043e97a5084b907a26821dfa90e): Total: 0.029 seconds - Initiated by StopAssetImportingV2(NoUpdateAssetOptions)
Start importing Assets/Hospital/Materials/MAT_Entrance_DeepGreenFoliage.mat using Guid(438ecf2f66fbeb94b8ea583a771401f2) (NativeFormatImporter) -> (artifact id: 'f08be1443cb31e9e7761d702f5b775dd') in 0.0017403 seconds
Refreshing native plugins compatible for Editor in 2.44 ms, found 6 plugins.
Preloading 0 native plugins for Editor in 0.00 ms.
Asset Pipeline Refresh (id=53e2d6fbaeb56a1409b7ed8300c2d2d0): Total: 0.027 seconds - Initiated by StopAssetImportingV2(NoUpdateAssetOptions)
Start importing Assets/Hospital/Materials/MAT_Entrance_DoorGlass.mat using Guid(bbb182272c94c2444a6277950295135c) (NativeFormatImporter) -> (artifact id: '2bf6f8ecedb8b3f8069dcc8a6223d49d') in 0.0017779 seconds
Refreshing native plugins compatible for Editor in 2.78 ms, found 6 plugins.
Preloading 0 native plugins for Editor in 0.00 ms.
Asset Pipeline Refresh (id=59013bb305b570b4bbc62bac6c8684ec): Total: 0.027 seconds - Initiated by StopAssetImportingV2(NoUpdateAssetOptions)
Start importing Assets/Hospital/Materials/MAT_Entrance_HighClarityGlass.mat using Guid(b47c30317a8483a45a888256012efb95) (NativeFormatImporter) -> (artifact id: '296a11286634d6fae4a62472b7e1a97d') in 0.0018055 seconds
Refreshing native plugins compatible for Editor in 2.45 ms, found 6 plugins.
Preloading 0 native plugins for Editor in 0.00 ms.
Asset Pipeline Refresh (id=13e94718de51cb444a3f33e791ee652c): Total: 0.025 seconds - Initiated by StopAssetImportingV2(NoUpdateAssetOptions)
Start importing Assets/Hospital/Materials/MAT_Entrance_HonedTravertine.mat using Guid(77fd61d79836ea44c829f69720fe877f) (NativeFormatImporter) -> (artifact id: 'df025e8ea3928075df521442f688f986') in 0.002229 seconds
Refreshing native plugins compatible for Editor in 2.85 ms, found 6 plugins.
Preloading 0 native plugins for Editor in 0.00 ms.
Asset Pipeline Refresh (id=0bd8ce4c4d4d8744982777a097cd882d): Total: 0.031 seconds - Initiated by StopAssetImportingV2(NoUpdateAssetOptions)
Start importing Assets/Hospital/Materials/MAT_Entrance_PolishedArrivalStone.mat using Guid(3165a9a48f74c024fab97974108bb69a) (NativeFormatImporter) -> (artifact id: 'df2adabe204bc21ae1ba0795ae79b860') in 0.0016139 seconds
Refreshing native plugins compatible for Editor in 3.33 ms, found 6 plugins.
Preloading 0 native plugins for Editor in 0.00 ms.
Asset Pipeline Refresh (id=009386c567e03f24fa33b234249747df): Total: 0.029 seconds - Initiated by StopAssetImportingV2(NoUpdateAssetOptions)
Start importing Assets/Hospital/Materials/MAT_Entrance_RefinedBronze.mat using Guid(331c48feccda88647b66f03f508333ef) (NativeFormatImporter) -> (artifact id: '562702e730ed8c55d299916a7dd664c7') in 0.0022655 seconds
Refreshing native plugins compatible for Editor in 3.27 ms, found 6 plugins.
Preloading 0 native plugins for Editor in 0.00 ms.
Asset Pipeline Refresh (id=fd90c5af74a0d4c44a3113a236d706e6): Total: 0.029 seconds - Initiated by StopAssetImportingV2(NoUpdateAssetOptions)
Start importing Assets/Hospital/Materials/MAT_Glass_BlueGrey.mat using Guid(da28c897c8f23f64aa90bc4d63f6e00f) (NativeFormatImporter) -> (artifact id: 'ab019f97ac44a9622ab5d15b34df840d') in 0.0018578 seconds
Refreshing native plugins compatible for Editor in 2.63 ms, found 6 plugins.
Preloading 0 native plugins for Editor in 0.00 ms.
Asset Pipeline Refresh (id=ab4d5a7974ddefb47861e8ea46ed1e74): Total: 0.030 seconds - Initiated by StopAssetImportingV2(NoUpdateAssetOptions)
Start importing Assets/Hospital/Materials/MAT_Interior_WarmDaylightSurface.mat using Guid(1728498b8f46f7e4a80ff2baba0eb6a4) (NativeFormatImporter) -> (artifact id: '79b20d07f91f0e4e857c8166b9058d16') in 0.0018068 seconds
Refreshing native plugins compatible for Editor in 3.02 ms, found 6 plugins.
Preloading 0 native plugins for Editor in 0.00 ms.
Asset Pipeline Refresh (id=00e9fccd343cc154b9b5a772f684a14c): Total: 0.030 seconds - Initiated by StopAssetImportingV2(NoUpdateAssetOptions)
Start importing Assets/Hospital/Materials/MAT_LED_Warm_3200K.mat using Guid(822dc5fbd0f97bd49982758f8675c77d) (NativeFormatImporter) -> (artifact id: '0db154f56f61047325b5df9906e8e9ad') in 0.0016956 seconds
Refreshing native plugins compatible for Editor in 2.32 ms, found 6 plugins.
Preloading 0 native plugins for Editor in 0.00 ms.
Asset Pipeline Refresh (id=53559895ff61e6b4a9027f626bde03b1): Total: 0.028 seconds - Initiated by StopAssetImportingV2(NoUpdateAssetOptions)
Start importing Assets/Hospital/Materials/MAT_Lobby_HonedTerrazzo.mat using Guid(48af3a80caeadc44c933f22365562b50) (NativeFormatImporter) -> (artifact id: '899e7b485298e4927fc1e09b9d0f1a9c') in 0.0019991 seconds
Refreshing native plugins compatible for Editor in 2.68 ms, found 6 plugins.
Preloading 0 native plugins for Editor in 0.00 ms.
Asset Pipeline Refresh (id=fa25dfc989b6c2d4783aca0bcf6c06e7): Total: 0.030 seconds - Initiated by StopAssetImportingV2(NoUpdateAssetOptions)
Start importing Assets/Hospital/Materials/MAT_Lobby_WarmStone.mat using Guid(8c69794c8b2e6c64e971da5650ab24bd) (NativeFormatImporter) -> (artifact id: 'd5edd480be2976b02ec4818d65577852') in 0.0016001 seconds
Refreshing native plugins compatible for Editor in 2.22 ms, found 6 plugins.
Preloading 0 native plugins for Editor in 0.00 ms.
Asset Pipeline Refresh (id=21fe312765dc3204089f934f8ecb7d0c): Total: 0.025 seconds - Initiated by StopAssetImportingV2(NoUpdateAssetOptions)
Start importing Assets/Hospital/Materials/MAT_Lobby_WoodCharcoal.mat using Guid(8d6c7eaf110c1a04cbeb82ce0bbe352c) (NativeFormatImporter) -> (artifact id: 'adaf2a3603e0f1fa9b60cf92acd27b90') in 0.0018775 seconds
Refreshing native plugins compatible for Editor in 3.19 ms, found 6 plugins.
Preloading 0 native plugins for Editor in 0.00 ms.
Asset Pipeline Refresh (id=d5cbacbc0dd32f8409261c02de0ba006): Total: 0.026 seconds - Initiated by StopAssetImportingV2(NoUpdateAssetOptions)
Start importing Assets/Hospital/Materials/MAT_Neutral_Concrete.mat using Guid(58e1e105d87e8e34a92122bcb4200db1) (NativeFormatImporter) -> (artifact id: '55464a1d8d09c5042090aab8dfc95c04') in 0.0016891 seconds
Refreshing native plugins compatible for Editor in 2.46 ms, found 6 plugins.
Preloading 0 native plugins for Editor in 0.00 ms.
Asset Pipeline Refresh (id=87068a4794caae647b0338a4b0c41c9a): Total: 0.027 seconds - Initiated by StopAssetImportingV2(NoUpdateAssetOptions)
Start importing Assets/Hospital/Materials/MAT_Portal_DarkBronze.mat using Guid(2fb91e1224506ce449b6c46cc2d75dfd) (NativeFormatImporter) -> (artifact id: '657950e105989a5e06eeb68c002577a9') in 0.001516 seconds
Refreshing native plugins compatible for Editor in 2.52 ms, found 6 plugins.
Preloading 0 native plugins for Editor in 0.00 ms.
Asset Pipeline Refresh (id=b27c3c6a91886964b95416afbf23a2fb): Total: 0.027 seconds - Initiated by StopAssetImportingV2(NoUpdateAssetOptions)
Start importing Assets/Hospital/Materials/MAT_S03E_Ceiling_SoftWhite.mat using Guid(36ff0ec412e491a4a8774f6b414510a5) (NativeFormatImporter) -> (artifact id: 'cb57038e9d3100cfbfe33afc5d57c97c') in 0.0015959 seconds
Refreshing native plugins compatible for Editor in 2.82 ms, found 6 plugins.
Preloading 0 native plugins for Editor in 0.00 ms.
Asset Pipeline Refresh (id=d94ed51be9a50e84bbc73b0a524e9a1a): Total: 0.028 seconds - Initiated by StopAssetImportingV2(NoUpdateAssetOptions)
Start importing Assets/Hospital/Materials/MAT_S03E_Floor_HonedTerrazzo.mat using Guid(9b8908fe7aa0b1f4d9515434b9395738) (NativeFormatImporter) -> (artifact id: 'def020224de839162d8daab59f84f924') in 0.0014474 seconds
Refreshing native plugins compatible for Editor in 2.04 ms, found 6 plugins.
Preloading 0 native plugins for Editor in 0.00 ms.
Asset Pipeline Refresh (id=b26bbe0013e13cd428975ae1d74644ae): Total: 0.025 seconds - Initiated by StopAssetImportingV2(NoUpdateAssetOptions)
Start importing Assets/Hospital/Materials/MAT_S03E_FurnitureSilhouette.mat using Guid(d1b63c295f434c44f9b627a5fa9983a4) (NativeFormatImporter) -> (artifact id: 'cff20a58c92167f8d67b9e558020998c') in 0.0019693 seconds
Refreshing native plugins compatible for Editor in 2.76 ms, found 6 plugins.
Preloading 0 native plugins for Editor in 0.00 ms.
Asset Pipeline Refresh (id=6c022a6551dfd04448dccf9141d25c18): Total: 0.027 seconds - Initiated by StopAssetImportingV2(NoUpdateAssetOptions)
Start importing Assets/Hospital/Materials/MAT_S03E_InteriorWall_WarmWhite.mat using Guid(000c452005418c84f89195398934c2ac) (NativeFormatImporter) -> (artifact id: '8f87379fcc3b341c954e71626223615f') in 0.0015232 seconds
Refreshing native plugins compatible for Editor in 2.77 ms, found 6 plugins.
Preloading 0 native plugins for Editor in 0.00 ms.
Asset Pipeline Refresh (id=fb31561256ea5bb4e98f9af746c0c4bb): Total: 0.027 seconds - Initiated by StopAssetImportingV2(NoUpdateAssetOptions)
Start importing Assets/Hospital/Materials/MAT_S03E_PrivacyShade.mat using Guid(c503c9e93cdbf954cbc758650bd6030d) (NativeFormatImporter) -> (artifact id: '9639da41eee6c762ce94396d585c6ab5') in 0.0025357 seconds
Refreshing native plugins compatible for Editor in 3.17 ms, found 6 plugins.
Preloading 0 native plugins for Editor in 0.00 ms.
Asset Pipeline Refresh (id=ea617f07698190d4ebf576f253279ecd): Total: 0.030 seconds - Initiated by StopAssetImportingV2(NoUpdateAssetOptions)
Start importing Assets/Hospital/Materials/MAT_S03E_ServiceBackdrop.mat using Guid(6c7d3fc23cbaa644f909f3591b22ff71) (NativeFormatImporter) -> (artifact id: '814430a615004e883e921ed5da625b2b') in 0.0016857 seconds
Refreshing native plugins compatible for Editor in 2.73 ms, found 6 plugins.
Preloading 0 native plugins for Editor in 0.00 ms.
Asset Pipeline Refresh (id=1a6bf69ecf960f84c9da6193485ee417): Total: 0.030 seconds - Initiated by StopAssetImportingV2(NoUpdateAssetOptions)
Start importing Assets/Hospital/Materials/MAT_S03E_WarmTimber.mat using Guid(4b9b6ac8bc4f05141b6e38b24e580b2e) (NativeFormatImporter) -> (artifact id: 'ae13dd0301cb7342dd021b097637fedf') in 0.0018709 seconds
Refreshing native plugins compatible for Editor in 2.93 ms, found 6 plugins.
Preloading 0 native plugins for Editor in 0.00 ms.
Asset Pipeline Refresh (id=f04f0e17bbeb8614cb323e500132b181): Total: 0.028 seconds - Initiated by StopAssetImportingV2(NoUpdateAssetOptions)
Start importing Assets/Hospital/Materials/MAT_Signage_WarmWhite_NonEmissive.mat using Guid(bf60d98d58578b0459f1c0e7b9bd07a4) (NativeFormatImporter) -> (artifact id: '0294f9cb43223b33de7cb5c24373bd13') in 0.0023008 seconds
Refreshing native plugins compatible for Editor in 3.19 ms, found 6 plugins.
Preloading 0 native plugins for Editor in 0.00 ms.
Asset Pipeline Refresh (id=31f093b1ac943c24698bec7662fed430): Total: 0.036 seconds - Initiated by StopAssetImportingV2(NoUpdateAssetOptions)
Start importing Assets/Hospital/Materials/MAT_S03E_InteriorWall_WarmWhite.mat using Guid(000c452005418c84f89195398934c2ac) (NativeFormatImporter) -> (artifact id: '00fca20979a2ae73a87ab561a85e822d') in 0.0020388 seconds
Start importing Assets/Hospital/Materials/MAT_Entrance_PolishedArrivalStone.mat using Guid(3165a9a48f74c024fab97974108bb69a) (NativeFormatImporter) -> (artifact id: 'cd6e2dac90bd50de034e028944a16b97') in 0.0019791 seconds
Start importing Assets/Hospital/Materials/MAT_Composite_WarmOffWhite.mat using Guid(81af0662b33f0ec48ad8a354fdb14560) (NativeFormatImporter) -> (artifact id: '63e38424d1d4adff1ab16fdd99da7bb6') in 0.0017255 seconds
Start importing Assets/Hospital/Materials/MAT_S03E_FurnitureSilhouette.mat using Guid(d1b63c295f434c44f9b627a5fa9983a4) (NativeFormatImporter) -> (artifact id: '6c1008e29cac029b5bcfe6d48fe1c29b') in 0.0017656 seconds
Start importing Assets/Hospital/Materials/MAT_LED_Warm_3200K.mat using Guid(822dc5fbd0f97bd49982758f8675c77d) (NativeFormatImporter) -> (artifact id: '00b3df89b7302043e84e42eb1e6c5a9f') in 0.0017487 seconds
Start importing Assets/Hospital/Materials/MAT_Entrance_RefinedBronze.mat using Guid(331c48feccda88647b66f03f508333ef) (NativeFormatImporter) -> (artifact id: '7379d55fac59629001eec9bae834e420') in 0.0013636 seconds
Start importing Assets/Hospital/Materials/MAT_Entrance_DeepGreenFoliage.mat using Guid(438ecf2f66fbeb94b8ea583a771401f2) (NativeFormatImporter) -> (artifact id: '1514258940e15642217f1a83df09e203') in 0.0015609 seconds
Start importing Assets/Hospital/Materials/MAT_CornerBalcony_UltraClearGuard.mat using Guid(83539c5aea37112409432afb340f8810) (NativeFormatImporter) -> (artifact id: 'cd1a62bfe6352437d2c7a3a227cd85b9') in 0.001745 seconds
Start importing Assets/Hospital/Materials/MAT_Entrance_HighClarityGlass.mat using Guid(b47c30317a8483a45a888256012efb95) (NativeFormatImporter) -> (artifact id: '3e4860816228593ed1d7c9bceed88187') in 0.001737 seconds
Start importing Assets/Hospital/Materials/MAT_S03E_PrivacyShade.mat using Guid(c503c9e93cdbf954cbc758650bd6030d) (NativeFormatImporter) -> (artifact id: '6934979c1b06e301578e7aaec447b917') in 0.0015965 seconds
Start importing Assets/Hospital/Materials/MAT_Architectural_ShadowGap.mat using Guid(065782ae8ca97d64497d51628550788c) (NativeFormatImporter) -> (artifact id: '0e59072f945f3adc297b05b6ee0a93fe') in 0.0013533 seconds
Start importing Assets/Hospital/Materials/MAT_S03E_Ceiling_SoftWhite.mat using Guid(36ff0ec412e491a4a8774f6b414510a5) (NativeFormatImporter) -> (artifact id: 'b886f9607a6443a7d15b0276bc5f844a') in 0.0013032 seconds
Start importing Assets/Hospital/Materials/MAT_Interior_WarmDaylightSurface.mat using Guid(1728498b8f46f7e4a80ff2baba0eb6a4) (NativeFormatImporter) -> (artifact id: '617e3d338e1a24b63b37e6b4947f796c') in 0.0013292 seconds
Start importing Assets/Hospital/Materials/MAT_Composite_LightGrey.mat using Guid(67714f9bf3fb02945a40b6571a64c58b) (NativeFormatImporter) -> (artifact id: '0b49549e23502f025505d604bf5d23ee') in 0.0015734 seconds
Start importing Assets/Hospital/Materials/MAT_Entrance_HonedTravertine.mat using Guid(77fd61d79836ea44c829f69720fe877f) (NativeFormatImporter) -> (artifact id: 'c0e8244425257bd117fcbdc9bce7191b') in 0.0016499 seconds
Start importing Assets/Hospital/Materials/MAT_Lobby_HonedTerrazzo.mat using Guid(48af3a80caeadc44c933f22365562b50) (NativeFormatImporter) -> (artifact id: '969f2966f6b540a45c7bff675151abfd') in 0.0013431 seconds
Start importing Assets/Hospital/Materials/MAT_Neutral_Concrete.mat using Guid(58e1e105d87e8e34a92122bcb4200db1) (NativeFormatImporter) -> (artifact id: 'b2230706b3fe7ad940f1569e58b65457') in 0.0016931 seconds
Start importing Assets/Hospital/Materials/MAT_CornerBalcony_BlueGreyRoomGlass.mat using Guid(3a6a01099d12cf648888298db67e5a89) (NativeFormatImporter) -> (artifact id: 'bf1833ea2ccf9c15b5fd4d365f2c65db') in 0.0013563 seconds
Start importing Assets/Hospital/Materials/MAT_Glass_BlueGrey.mat using Guid(da28c897c8f23f64aa90bc4d63f6e00f) (NativeFormatImporter) -> (artifact id: '069e83172023f289867e475ab249968a') in 0.0018515 seconds
Start importing Assets/Hospital/Materials/MAT_S03E_WarmTimber.mat using Guid(4b9b6ac8bc4f05141b6e38b24e580b2e) (NativeFormatImporter) -> (artifact id: '0313775d59f819feefdb501224db088d') in 0.0013061 seconds
Start importing Assets/Hospital/Materials/MAT_S03E_Floor_HonedTerrazzo.mat using Guid(9b8908fe7aa0b1f4d9515434b9395738) (NativeFormatImporter) -> (artifact id: '00bc029ddd46b05e3b069d2e75b0cec0') in 0.0014731 seconds
Start importing Assets/Hospital/Materials/MAT_Entrance_DoorGlass.mat using Guid(bbb182272c94c2444a6277950295135c) (NativeFormatImporter) -> (artifact id: '50255462501b97523b1955367a58437f') in 0.0011837 seconds
Start importing Assets/Hospital/Materials/MAT_Canopy_RecessedSoffit.mat using Guid(db058a0f4fed39e43a6c3e985f9fb756) (NativeFormatImporter) -> (artifact id: 'bd1fc5a3a75f9d19752f2378baf0bbe9') in 0.0016925 seconds
Start importing Assets/Hospital/Materials/MAT_S03E_ServiceBackdrop.mat using Guid(6c7d3fc23cbaa644f909f3591b22ff71) (NativeFormatImporter) -> (artifact id: '0e3a50b54a0ded4f5b476caf851e5ed8') in 0.0015343 seconds
Start importing Assets/Hospital/Materials/MAT_Lobby_WarmStone.mat using Guid(8c69794c8b2e6c64e971da5650ab24bd) (NativeFormatImporter) -> (artifact id: 'a458ae905dd99069b363f73870246ca4') in 0.0012328 seconds
Start importing Assets/Hospital/Materials/MAT_Aluminium_Charcoal.mat using Guid(4d6647e5dd7154546b4d8d04ae147e9c) (NativeFormatImporter) -> (artifact id: 'a04328ef25644e3963e60cd1d355e529') in 0.0021212 seconds
Start importing Assets/Hospital/Materials/MAT_Lobby_WoodCharcoal.mat using Guid(8d6c7eaf110c1a04cbeb82ce0bbe352c) (NativeFormatImporter) -> (artifact id: '59a7a1f87326b6b39632d2e353e55912') in 0.001691 seconds
Start importing Assets/Hospital/Materials/MAT_Portal_DarkBronze.mat using Guid(2fb91e1224506ce449b6c46cc2d75dfd) (NativeFormatImporter) -> (artifact id: '746a074121e5d7547838d41bd6f4af27') in 0.0014223 seconds
Start importing Assets/Hospital/Materials/MAT_Signage_WarmWhite_NonEmissive.mat using Guid(bf60d98d58578b0459f1c0e7b9bd07a4) (NativeFormatImporter) -> (artifact id: 'f988c2cdfd7dc3402c9c33fb2ee8b379') in 0.0013482 seconds
Start importing Assets/Hospital/Materials/MAT_CornerBalcony_IntegratedDoorGlass.mat using Guid(ef7fc5a5a2e51a1458e91dd2db305749) (NativeFormatImporter) -> (artifact id: '6d618be65ac73e955a02c7b2b793191b') in 0.0015218 seconds
Refreshing native plugins compatible for Editor in 2.50 ms, found 6 plugins.
Preloading 0 native plugins for Editor in 0.00 ms.
Asset Pipeline Refresh (id=7fe2b6ad124ff09469988e38074b4a07): Total: 0.098 seconds - Initiated by StopAssetImportingV2(NoUpdateAssetOptions)
Start importing Assets/Hospital/SourceFBX/R40/Hospital_EXT_GroundEntrance.fbx using Guid(422a12929c78f0b499cde29d7b1665af) (FBXImporter) -> (artifact id: '546b621eec0e4b182b2077b2c5cc5031') in 0.1112398 seconds
Start importing Assets/Hospital/SourceFBX/R40/Hospital_EXT_GlobalStructure.fbx using Guid(e4e2b74e35fcebf4c9053a4da90a392c) (FBXImporter) -> (artifact id: 'f23bf793c6bfbe599a631fe805728d48') in 0.0433853 seconds
Start importing Assets/Hospital/SourceFBX/R40/Hospital_ACT_InteractiveDoors.fbx using Guid(a661af9d099edfe40b4796769626a043) (FBXImporter) -> (artifact id: '05910403ee0b036eb676f888e9e29896') in 0.0420442 seconds
Start importing Assets/Hospital/Settings/Stage05_R41_MaterialMap.json using Guid(009aa29dfecc884479ac0c80fe85cd44) (TextScriptImporter) -> (artifact id: 'c6a63470b712568a01285703f69ead9e') in 0.003104 seconds
Refreshing native plugins compatible for Editor in 2.98 ms, found 6 plugins.
Preloading 0 native plugins for Editor in 0.00 ms.
Asset Pipeline Refresh (id=5d019177c2050d54db32492a2b3469d1): Total: 0.264 seconds - Initiated by RefreshV2(ForceUpdate)
Start importing Assets/Hospital/SourceFBX/R40/Hospital_EXT_GlobalStructure.fbx using Guid(e4e2b74e35fcebf4c9053a4da90a392c) (FBXImporter) -> (artifact id: 'f23bf793c6bfbe599a631fe805728d48') in 0.0476144 seconds
Refreshing native plugins compatible for Editor in 2.43 ms, found 6 plugins.
Preloading 0 native plugins for Editor in 0.00 ms.
Asset Pipeline Refresh (id=46029f38a0aa40e478c0f6e33f8f720f): Total: 0.064 seconds - Initiated by StopAssetImportingV2(NoUpdateAssetOptions)
Start importing Assets/Hospital/SourceFBX/R40/Hospital_EXT_GroundEntrance.fbx using Guid(422a12929c78f0b499cde29d7b1665af) (FBXImporter) -> (artifact id: '546b621eec0e4b182b2077b2c5cc5031') in 0.1151067 seconds
Refreshing native plugins compatible for Editor in 2.51 ms, found 6 plugins.
Preloading 0 native plugins for Editor in 0.00 ms.
Asset Pipeline Refresh (id=bf8cf8698e362c64da0851f6ab9859de): Total: 0.134 seconds - Initiated by StopAssetImportingV2(NoUpdateAssetOptions)
Start importing Assets/Hospital/SourceFBX/R40/Hospital_ACT_InteractiveDoors.fbx using Guid(a661af9d099edfe40b4796769626a043) (FBXImporter) -> (artifact id: '05910403ee0b036eb676f888e9e29896') in 0.0404811 seconds
Refreshing native plugins compatible for Editor in 2.07 ms, found 6 plugins.
Preloading 0 native plugins for Editor in 0.00 ms.
Asset Pipeline Refresh (id=6a2fd100696026b46bd3d136bdfa4bed): Total: 0.056 seconds - Initiated by StopAssetImportingV2(NoUpdateAssetOptions)
Start importing Assets/Hospital/Prefabs/Zones/EXT_GlobalStructure.prefab using Guid(39cf42034488f5a4eb17d891f654d893) (PrefabImporter) -> (artifact id: '74c031f56e0fd0a42c873a36473829dd') in 0.0039302 seconds
Refreshing native plugins compatible for Editor in 2.63 ms, found 6 plugins.
Preloading 0 native plugins for Editor in 0.00 ms.
Asset Pipeline Refresh (id=87bce3c69caf8ab4085480007efc6ae3): Total: 0.028 seconds - Initiated by StopAssetImportingV2(NoUpdateAssetOptions)
Start importing Assets/Hospital/Prefabs/Zones/EXT_GroundEntrance.prefab using Guid(68c1d9950c3fca84682e0140c1d25907) (PrefabImporter) -> (artifact id: 'ba6e39e88d3821d006b367288f85fe09') in 0.0040887 seconds
Refreshing native plugins compatible for Editor in 2.58 ms, found 6 plugins.
Preloading 0 native plugins for Editor in 0.00 ms.
Asset Pipeline Refresh (id=156b466d170e95c44add66b45634cf24): Total: 0.032 seconds - Initiated by StopAssetImportingV2(NoUpdateAssetOptions)
Start importing Assets/Hospital/Prefabs/Zones/ACT_InteractiveDoors.prefab using Guid(4d684f7d0a4db1248a0dfc7027884441) (PrefabImporter) -> (artifact id: 'faede13cdb5ecb2b17e1bbed4d7f514b') in 0.0138972 seconds
Refreshing native plugins compatible for Editor in 2.55 ms, found 6 plugins.
Preloading 0 native plugins for Editor in 0.00 ms.
Asset Pipeline Refresh (id=d47a4d36e952486408f47eda515266cf): Total: 0.039 seconds - Initiated by StopAssetImportingV2(NoUpdateAssetOptions)
Unloading 1 Unused Serialized files (Serialized files now loaded: 0)
Unloading 842 unused Assets / (2.9 MB). Loaded Objects now: 5561.
Memory consumption went from 236.7 MB to 233.8 MB.
Total: 5.502300 ms (FindLiveObjects: 0.175700 ms CreateObjectMapping: 0.082700 ms MarkObjects: 4.573300 ms  DeleteObjects: 0.670000 ms)

Start importing ProjectSettings/QualitySettings.asset using Guid(00000000000000009000000000000000) (LibraryAssetImporter) -> (artifact id: '5cd572f266b33c61b3b5d31aad0374e9') in 0.0042544 seconds
Start importing ProjectSettings/GraphicsSettings.asset using Guid(00000000000000006100000000000000) (LibraryAssetImporter) -> (artifact id: '9224ae4bdf25320a6774e2da3417b8bc') in 0.0019632 seconds
Start importing Assets/Hospital/Materials/MAT_Entrance_PolishedArrivalStone.mat using Guid(3165a9a48f74c024fab97974108bb69a) (NativeFormatImporter) -> (artifact id: 'a9f3f4f42883ecd30b94e3b85f167721') in 0.0019161 seconds
Start importing Assets/Hospital/Materials/MAT_Composite_WarmOffWhite.mat using Guid(81af0662b33f0ec48ad8a354fdb14560) (NativeFormatImporter) -> (artifact id: '5a6ed1fe46712001d194375315d48c39') in 0.001575 seconds
Start importing Assets/Hospital/Materials/MAT_LED_Warm_3200K.mat using Guid(822dc5fbd0f97bd49982758f8675c77d) (NativeFormatImporter) -> (artifact id: '70a82f33c51e176d130ce86fd7ed3f30') in 0.0016747 seconds
Start importing Assets/Hospital/Materials/MAT_Entrance_RefinedBronze.mat using Guid(331c48feccda88647b66f03f508333ef) (NativeFormatImporter) -> (artifact id: '48f5d22eb1b823fb2aa6f885cb3929fc') in 0.0013873 seconds
Start importing Assets/Hospital/Materials/MAT_Entrance_DeepGreenFoliage.mat using Guid(438ecf2f66fbeb94b8ea583a771401f2) (NativeFormatImporter) -> (artifact id: '0393cb76deba7ee6b2b428588b875fe0') in 0.0013693 seconds
Start importing Assets/Hospital/Materials/MAT_Entrance_HighClarityGlass.mat using Guid(b47c30317a8483a45a888256012efb95) (NativeFormatImporter) -> (artifact id: '6be4fd0d31258358a4dc6c3a89578a86') in 0.0014901 seconds
Start importing Assets/Hospital/Materials/MAT_Architectural_ShadowGap.mat using Guid(065782ae8ca97d64497d51628550788c) (NativeFormatImporter) -> (artifact id: 'b8b4f73505acbb4c61e48ac969e57123') in 0.0013853 seconds
Start importing Assets/Hospital/Materials/MAT_Interior_WarmDaylightSurface.mat using Guid(1728498b8f46f7e4a80ff2baba0eb6a4) (NativeFormatImporter) -> (artifact id: 'c0ef6e1fc2d742dee55e25fcea60e62b') in 0.0012773 seconds
Start importing Assets/Hospital/Materials/MAT_Composite_LightGrey.mat using Guid(67714f9bf3fb02945a40b6571a64c58b) (NativeFormatImporter) -> (artifact id: '85cc317a50966f0189cbd8f4e1c959c6') in 0.0013032 seconds
Start importing Assets/Hospital/Materials/MAT_Entrance_HonedTravertine.mat using Guid(77fd61d79836ea44c829f69720fe877f) (NativeFormatImporter) -> (artifact id: 'a2034552e9ab23955e5fd56777fa324c') in 0.0015047 seconds
Start importing Assets/Hospital/Materials/MAT_Lobby_HonedTerrazzo.mat using Guid(48af3a80caeadc44c933f22365562b50) (NativeFormatImporter) -> (artifact id: 'a3000c413e876adc06474065642eb51c') in 0.0012197 seconds
Start importing Assets/Hospital/Materials/MAT_Neutral_Concrete.mat using Guid(58e1e105d87e8e34a92122bcb4200db1) (NativeFormatImporter) -> (artifact id: 'b05a0ba3bef6bea963b19cf75903fef3') in 0.001332 seconds
Start importing Assets/Hospital/Materials/MAT_Glass_BlueGrey.mat using Guid(da28c897c8f23f64aa90bc4d63f6e00f) (NativeFormatImporter) -> (artifact id: 'd614d868c73239843bee6f95e8cd64e9') in 0.0012043 seconds
Start importing Assets/Hospital/Materials/MAT_Entrance_DoorGlass.mat using Guid(bbb182272c94c2444a6277950295135c) (NativeFormatImporter) -> (artifact id: 'a6cf3be85053c65f7f77ecb7b1f00528') in 0.0015415 seconds
Start importing Assets/Hospital/Materials/MAT_Canopy_RecessedSoffit.mat using Guid(db058a0f4fed39e43a6c3e985f9fb756) (NativeFormatImporter) -> (artifact id: 'd152f13077e4626fd2b2adf2fba5557d') in 0.0012321 seconds
Start importing Assets/Hospital/Materials/MAT_Lobby_WarmStone.mat using Guid(8c69794c8b2e6c64e971da5650ab24bd) (NativeFormatImporter) -> (artifact id: '05bda313ebce7cac540ed3734f50587e') in 0.0011814 seconds
Start importing Assets/Hospital/Materials/MAT_Aluminium_Charcoal.mat using Guid(4d6647e5dd7154546b4d8d04ae147e9c) (NativeFormatImporter) -> (artifact id: '3a2b8e0f873603763c8affb419ed6f50') in 0.0011091 seconds
Start importing Assets/Hospital/Materials/MAT_Lobby_WoodCharcoal.mat using Guid(8d6c7eaf110c1a04cbeb82ce0bbe352c) (NativeFormatImporter) -> (artifact id: '3bc5e5fa51a845dcaabce27808bb1470') in 0.0012286 seconds
Start importing Assets/Hospital/Materials/MAT_Portal_DarkBronze.mat using Guid(2fb91e1224506ce449b6c46cc2d75dfd) (NativeFormatImporter) -> (artifact id: 'db483589d21df0ca8ad6c6549be605ec') in 0.0010453 seconds
Start importing Assets/Hospital/Materials/MAT_Signage_WarmWhite_NonEmissive.mat using Guid(bf60d98d58578b0459f1c0e7b9bd07a4) (NativeFormatImporter) -> (artifact id: 'ceb9a94d76f5095769eb22d8b75bc1bf') in 0.001242 seconds
Refreshing native plugins compatible for Editor in 2.58 ms, found 6 plugins.
Preloading 0 native plugins for Editor in 0.00 ms.
Asset Pipeline Refresh (id=f78834a0caf59ed4081a864b9c7a1a5b): Total: 0.076 seconds - Initiated by StopAssetImportingV2(NoUpdateAssetOptions)
Start importing Assets/Hospital/Scenes/IntegrationSandbox/Hospital_R41_IntegrationSandbox.unity using Guid(55027c5f1274af948a66a439336eaf26) (DefaultImporter) -> (artifact id: 'f488669537568044020ae696eee1fd5e') in 0.001001 seconds
Refreshing native plugins compatible for Editor in 2.26 ms, found 6 plugins.
Preloading 0 native plugins for Editor in 0.00 ms.
Asset Pipeline Refresh (id=05a1fc8f6861a8448a00dc5f4a75cb11): Total: 0.025 seconds - Initiated by StopAssetImportingV2(NoUpdateAssetOptions)
Opening scene 'Assets/Hospital/Scenes/IntegrationSandbox/Hospital_R41_IntegrationSandbox.unity'
Unloading 29 Unused Serialized files (Serialized files now loaded: 0)
Loaded scene 'Assets/Hospital/Scenes/IntegrationSandbox/Hospital_R41_IntegrationSandbox.unity'
	Deserialize:            0.394 ms
	Integration:            116.343 ms
	Integration of assets:  0.001 ms
	Thread Wait Time:       0.008 ms
	Total Operation Time:   116.745 ms
Unloading 209 unused Assets / (3.7 MB). Loaded Objects now: 6629.
Memory consumption went from 230.6 MB to 226.9 MB.
Total: 5.837900 ms (FindLiveObjects: 0.231400 ms CreateObjectMapping: 0.124800 ms MarkObjects: 5.243500 ms  DeleteObjects: 0.237300 ms)

Start importing Assets/Hospital/Settings/Stage05_R41_ProjectBaseline.json using Guid(5df52ad38794d8348a8bf23dd9826673) (TextScriptImporter) -> (artifact id: 'ff0f864ffd033ab74483d1993c2935dc') in 0.0036754 seconds
Start importing Assets/Hospital/Settings/Stage05_R41_UnityGate.json using Guid(9f01ba88832e0db4b8d9c5fde1b3ce23) (TextScriptImporter) -> (artifact id: '6616a3c3c1ae77886fe567d5f1cd0c25') in 0.0055985 seconds
Refreshing native plugins compatible for Editor in 2.19 ms, found 6 plugins.
Preloading 0 native plugins for Editor in 0.00 ms.
Asset Pipeline Refresh (id=ce4607541c2940e46837ca8b31c232f7): Total: 0.077 seconds - Initiated by RefreshV2(NoUpdateAssetOptions)
BuildFailedException: Stage 5 R41 automatic gate failed. See Stage05_R41_UnityGate.json.
  at CutMyBodyPlease.Hospital.Stage05.Editor.HospitalStage05R41Builder.BuildAndValidateR41 () [0x00099] in C:\CutMyBodyPlease\Unity\AnatomyXR\Assets\Hospital\Editor\HospitalStage05R41Builder.cs:93 
UnityEngine.DebugLogHandler:Internal_LogException_Injected(Exception, IntPtr)
UnityEngine.DebugLogHandler:Internal_LogException(Exception, Object)
UnityEngine.DebugLogHandler:LogException(Exception, Object)
UnityEngine.Logger:LogException(Exception, Object)
UnityEngine.Debug:LogException(Exception)
CutMyBodyPlease.Hospital.Stage05.Editor.HospitalStage05R41Builder:BuildAndValidateR41() (at Assets\Hospital\Editor\HospitalStage05R41Builder.cs:99)

(Filename: Assets/Hospital/Editor/HospitalStage05R41Builder.cs Line: 99)

BuildFailedException: Stage 5 R41 automatic gate failed. See Stage05_R41_UnityGate.json.
  at CutMyBodyPlease.Hospital.Stage05.Editor.HospitalStage05R41Builder.BuildAndValidateR41 () [0x000b5] in C:\CutMyBodyPlease\Unity\AnatomyXR\Assets\Hospital\Editor\HospitalStage05R41Builder.cs:100 

(Filename: Assets/Hospital/Editor/HospitalStage05R41Builder.cs Line: 100)

executeMethod method CutMyBodyPlease.Hospital.Stage05.Editor.HospitalStage05R41Builder.BuildAndValidateR41 threw exception.
Exiting without the bug reporter. Application will terminate with return code 1